/*******************************************************************************
 * Size: 20 px
 * Bpp: 1
 * Opts: --font C:/Windows/Fonts/simhei.ttf -r 0x20-0x7E --symbols 但理计秒功口号名域密效析查检法码络网误账错化始配前当段阶史过进本次结果汇总关闭确认保留复长内足校验异常及长度多日一二三四五六七八九十正冬腊闰初廿小寒大立春雨水惊蛰清明谷夏满芒种暑秋处白露霜降雪至元旦节劳动端午中国庆调休上班晴多云阴雾霾风月年时分周期农历黄天今室内北京杭州阵雷暴夹浮尘扬沙热冷未知准备企微签到签退记得记录工宜忌专注拖延每同步已连接失败扫描下载上传清除天气五周额度暂无数据不可用剩余温湿度设备搜索蓝牙正在读取状态轨迹服务器再次短按返回主屏完成空闲发现条取消令位例冰冻命如存少强待断毛等米纬经置要试请超送重雹需响应拒绝解锁间伴有仍极端降细特到薄浓度严重龙卷缓边流式停止任启批未来后台接口出行会友签约学习整理沐浴扫舍动土搬家远开仓争执祭祀祈福嫁娶纳采开市安床修造入宅交易求医栽种破土安葬赴任于住先克具写冲创制却厂只地址字定实客就帧建志忽恢户手指提握播文新方更束松标栈样模没烧片率生略的绪编话询语跑轮部键非音频麦°℃，。！？：；（）、聆你区句否听唤型好引擎是智柄监稍稳获醒里量受丧乘买事井产亲人伐作佣做光养冠券刻剃割勿匾卸厕合嗣坏坟垣基堤塑塞墙头婚婿宁容寿居屋岫帐平库庙归徙扇拆挂挽捉捕掘探放教斋普木机架染柩柱桥梁械殓池治涂渔渠渡火灶灸焚牛牧猎甲畋畜疗病盖盟眼碑碓磉磑神移稠穴穿竖笄筑绘脊船艺蚁蜜衣补裁见订讼词诸谢财货贵起车道酝酬酿醮针钻铸门问陂雇雕面饰馀香马鼓齐 --size 20 --bpp 1 --no-compress --format lvgl --lv-font-name lv_font_zh_20 --no-kerning -o D:\wangcw\Documents\github\deskwong/firmware/components/app_ui/font_zh_20.c
 ******************************************************************************/

#ifdef LV_LVGL_H_INCLUDE_SIMPLE
#include "lvgl.h"
#else
#include "lvgl/lvgl.h"
#endif

#ifndef LV_FONT_ZH_20
#define LV_FONT_ZH_20 1
#endif

#if LV_FONT_ZH_20

/*-----------------
 *    BITMAPS
 *----------------*/

/*Store the image of the glyphs*/
static LV_ATTRIBUTE_LARGE_CONST const uint8_t glyph_bitmap[] = {
    /* U+0020 " " */
    0x0,

    /* U+0021 "!" */
    0xff, 0xff, 0xf0, 0xf0,

    /* U+0022 "\"" */
    0xdc, 0xa5, 0x20,

    /* U+0023 "#" */
    0x11, 0x9, 0x84, 0xc6, 0x6f, 0xf9, 0x10, 0x88,
    0x44, 0xff, 0xb3, 0x19, 0xc, 0x84, 0x40,

    /* U+0024 "$" */
    0x10, 0x10, 0x7c, 0xd6, 0xd3, 0xd0, 0xf0, 0x70,
    0x3c, 0x1e, 0x17, 0xd3, 0xd3, 0x56, 0x7c, 0x10,
    0x10,

    /* U+0025 "%" */
    0x62, 0x49, 0x25, 0x12, 0x89, 0x84, 0xc1, 0xac,
    0x29, 0x14, 0x92, 0x49, 0x28, 0x94, 0x30,

    /* U+0026 "&" */
    0x3c, 0x19, 0x86, 0x61, 0x98, 0x2c, 0xe, 0x3,
    0x1, 0xe6, 0xcd, 0xb3, 0xec, 0x71, 0x9f, 0x3c,
    0x80,

    /* U+0027 "'" */
    0xea,

    /* U+0028 "(" */
    0x11, 0x88, 0x84, 0x42, 0x10, 0x84, 0x21, 0x84,
    0x30, 0x82,

    /* U+0029 ")" */
    0x43, 0x8, 0x21, 0x4, 0x21, 0x8, 0x42, 0x31,
    0x18, 0x88,

    /* U+002A "*" */
    0xc, 0x3, 0xc, 0xcd, 0xfc, 0x1e, 0x1f, 0xec,
    0xcc, 0x30, 0xc, 0x0,

    /* U+002B "+" */
    0x18, 0xc, 0x6, 0x1f, 0xf1, 0x80, 0xc0, 0x60,
    0x30,

    /* U+002C "," */
    0xd8,

    /* U+002D "-" */
    0xff, 0x80,

    /* U+002E "." */
    0xc0,

    /* U+002F "/" */
    0x0, 0x80, 0x40, 0x40, 0x40, 0x20, 0x20, 0x10,
    0x10, 0x8, 0x8, 0x8, 0x4, 0x4, 0x2, 0x0,
    0x0,

    /* U+0030 "0" */
    0x1e, 0x11, 0x98, 0xc8, 0x34, 0x1e, 0xf, 0x6,
    0x83, 0x41, 0xa0, 0xd8, 0xe7, 0xe1, 0xe0, 0x0,

    /* U+0031 "1" */
    0x19, 0xdf, 0xb1, 0x8c, 0x63, 0x18, 0xc6, 0x31,
    0x80,

    /* U+0032 "2" */
    0x3c, 0x7e, 0xc3, 0x83, 0x3, 0x6, 0x6, 0xc,
    0x18, 0x30, 0x70, 0xe0, 0xff,

    /* U+0033 "3" */
    0x3c, 0x7e, 0xc3, 0x83, 0x2, 0x6, 0x1c, 0x6,
    0x3, 0x3, 0xc3, 0xc6, 0x3c,

    /* U+0034 "4" */
    0x3, 0x3, 0x81, 0xc1, 0xe1, 0xb1, 0x98, 0x8c,
    0xc6, 0xc3, 0x7f, 0xc0, 0xc0, 0x60, 0x30,

    /* U+0035 "5" */
    0x3f, 0x10, 0x18, 0xc, 0x7, 0xe3, 0x39, 0x6,
    0x3, 0x1, 0xe0, 0xf0, 0xef, 0xe3, 0xe0,

    /* U+0036 "6" */
    0xc, 0x6, 0x6, 0x6, 0x3, 0x3, 0xf3, 0x8d,
    0x83, 0xc1, 0xe0, 0xf0, 0x6c, 0x63, 0xe0,

    /* U+0037 "7" */
    0xff, 0x3, 0x2, 0x6, 0x4, 0xc, 0x8, 0x18,
    0x18, 0x10, 0x30, 0x30, 0x20,

    /* U+0038 "8" */
    0x3e, 0x31, 0xb0, 0xd8, 0x6e, 0x31, 0xf1, 0xf9,
    0x82, 0xc1, 0x60, 0xb0, 0x4f, 0xe3, 0xe0,

    /* U+0039 "9" */
    0x1e, 0x31, 0x98, 0x68, 0x34, 0x1b, 0xd, 0xdc,
    0x7e, 0x6, 0x3, 0x3, 0x1, 0x1, 0x80,

    /* U+003A ":" */
    0xc0, 0x0, 0xc0,

    /* U+003B ";" */
    0xc0, 0x0, 0xd8,

    /* U+003C "<" */
    0x1, 0x3, 0x6, 0x8, 0x10, 0x60, 0xc0, 0xc0,
    0x60, 0x30, 0x18, 0x4, 0x2, 0x1,

    /* U+003D "=" */
    0xff, 0x80, 0x0, 0x0, 0x0, 0x7, 0xfc,

    /* U+003E ">" */
    0x80, 0xc0, 0x60, 0x30, 0x8, 0x4, 0x2, 0x3,
    0x6, 0xc, 0x10, 0x20, 0xc0, 0x80,

    /* U+003F "?" */
    0x3c, 0x66, 0xc3, 0xc3, 0x7, 0xe, 0x1c, 0x18,
    0x18, 0x0, 0x0, 0x18, 0x18,

    /* U+0040 "@" */
    0x1e, 0x11, 0x93, 0xda, 0x59, 0x2d, 0x26, 0x93,
    0x49, 0xa5, 0x4f, 0x90, 0xc, 0x41, 0xc0,

    /* U+0041 "A" */
    0xc, 0x3, 0x1, 0xc0, 0x78, 0x16, 0xc, 0x83,
    0x30, 0xcc, 0x3f, 0x18, 0x66, 0x19, 0x86, 0xc0,
    0x80,

    /* U+0042 "B" */
    0xfc, 0xc6, 0xc3, 0xc3, 0xc3, 0xc6, 0xfc, 0xc6,
    0xc3, 0xc3, 0xc3, 0xc6, 0xfc,

    /* U+0043 "C" */
    0x1e, 0x11, 0x98, 0x78, 0x3c, 0x1e, 0x3, 0x1,
    0x80, 0xc1, 0xe0, 0xd8, 0x6c, 0x61, 0xe0,

    /* U+0044 "D" */
    0xf8, 0xce, 0xc6, 0xc3, 0xc3, 0xc3, 0xc3, 0xc3,
    0xc3, 0xc3, 0xc6, 0xce, 0xf8,

    /* U+0045 "E" */
    0xff, 0xc0, 0xc0, 0xc0, 0xc0, 0xc0, 0xfe, 0xc0,
    0xc0, 0xc0, 0xc0, 0xc0, 0xff,

    /* U+0046 "F" */
    0xff, 0xc0, 0xc0, 0xc0, 0xc0, 0xc0, 0xfe, 0xc0,
    0xc0, 0xc0, 0xc0, 0xc0, 0xc0,

    /* U+0047 "G" */
    0x3c, 0x66, 0x43, 0xc3, 0xc3, 0xc0, 0xc0, 0xcf,
    0xc3, 0xc3, 0x43, 0x67, 0x3f,

    /* U+0048 "H" */
    0xc3, 0xc3, 0xc3, 0xc3, 0xc3, 0xc3, 0xff, 0xc3,
    0xc3, 0xc3, 0xc3, 0xc3, 0xc3,

    /* U+0049 "I" */
    0xff, 0xff, 0xff, 0xc0,

    /* U+004A "J" */
    0x3, 0x3, 0x3, 0x3, 0x3, 0x3, 0x3, 0x3,
    0xc3, 0xc3, 0xc3, 0x66, 0x3c,

    /* U+004B "K" */
    0xc3, 0x63, 0x33, 0x99, 0x8d, 0x87, 0xc3, 0xe1,
    0xd8, 0xcc, 0x63, 0x31, 0x98, 0x6c, 0x18,

    /* U+004C "L" */
    0xc0, 0xc0, 0xc0, 0xc0, 0xc0, 0xc0, 0xc0, 0xc0,
    0xc0, 0xc0, 0xc0, 0xc0, 0xff,

    /* U+004D "M" */
    0xe3, 0xf1, 0xf8, 0xfc, 0x7f, 0x7e, 0xaf, 0x57,
    0xab, 0xd5, 0xee, 0xf7, 0x79, 0x3c, 0x98,

    /* U+004E "N" */
    0xc3, 0xe3, 0xe3, 0xf3, 0xf3, 0xd3, 0xdb, 0xcb,
    0xcf, 0xcf, 0xc7, 0xc7, 0xc3,

    /* U+004F "O" */
    0x3e, 0x31, 0x98, 0xd8, 0x3c, 0x1e, 0xf, 0x7,
    0x83, 0xc1, 0xe0, 0xd8, 0xcc, 0x63, 0xe0,

    /* U+0050 "P" */
    0xfc, 0xc6, 0xc3, 0xc3, 0xc3, 0xc3, 0xc6, 0xfc,
    0xc0, 0xc0, 0xc0, 0xc0, 0xc0,

    /* U+0051 "Q" */
    0x3e, 0x31, 0x98, 0xd8, 0x3c, 0x1e, 0xf, 0x7,
    0x83, 0xc5, 0xe2, 0xd9, 0xec, 0x63, 0xf0, 0x0,

    /* U+0052 "R" */
    0xfc, 0xc6, 0xc3, 0xc3, 0xc3, 0xc6, 0xfc, 0xcc,
    0xcc, 0xc6, 0xc6, 0xc3, 0xc3,

    /* U+0053 "S" */
    0x3c, 0x66, 0xc2, 0xc0, 0xe0, 0x78, 0x3e, 0xf,
    0x7, 0xc3, 0xc3, 0x66, 0x3c,

    /* U+0054 "T" */
    0xff, 0x18, 0x18, 0x18, 0x18, 0x18, 0x18, 0x18,
    0x18, 0x18, 0x18, 0x18, 0x18,

    /* U+0055 "U" */
    0xc3, 0xc3, 0xc3, 0xc3, 0xc3, 0xc3, 0xc3, 0xc3,
    0xc3, 0xc3, 0xc3, 0x66, 0x3c,

    /* U+0056 "V" */
    0xc0, 0x90, 0x66, 0x19, 0x84, 0x23, 0xc, 0xc3,
    0x30, 0xc8, 0x16, 0x7, 0x81, 0xc0, 0x30, 0xc,
    0x0,

    /* U+0057 "W" */
    0xcc, 0xf3, 0x2c, 0xc9, 0x76, 0x5d, 0x95, 0xe5,
    0x79, 0xce, 0x73, 0x9c, 0xc7, 0x30, 0xcc, 0x23,
    0x0,

    /* U+0058 "X" */
    0x61, 0xb1, 0x8c, 0xc2, 0xc1, 0xe0, 0x60, 0x30,
    0x38, 0x16, 0x19, 0x88, 0xcc, 0x34, 0x18,

    /* U+0059 "Y" */
    0x40, 0x98, 0x62, 0x10, 0xcc, 0x12, 0x7, 0x80,
    0xc0, 0x30, 0xc, 0x3, 0x0, 0xc0, 0x30, 0xc,
    0x0,

    /* U+005A "Z" */
    0xff, 0x3, 0x6, 0x6, 0xc, 0x8, 0x18, 0x30,
    0x30, 0x60, 0x40, 0xc0, 0xff,

    /* U+005B "[" */
    0xff, 0xc, 0x30, 0xc3, 0xc, 0x30, 0xc3, 0xc,
    0x30, 0xc3, 0xc, 0x30, 0xfc,

    /* U+005C "\\" */
    0x80, 0xc0, 0x40, 0x60, 0x20, 0x20, 0x10, 0x10,
    0x18, 0x8, 0x8, 0x4, 0x4, 0x2, 0x2, 0x3,

    /* U+005D "]" */
    0xfc, 0x30, 0xc3, 0xc, 0x30, 0xc3, 0xc, 0x30,
    0xc3, 0xc, 0x30, 0xc3, 0xfc,

    /* U+005E "^" */
    0x38, 0x6c, 0x42,

    /* U+005F "_" */
    0xff, 0xc0,

    /* U+0060 "`" */
    0xe3, 0xc, 0x30,

    /* U+0061 "a" */
    0x3e, 0x31, 0x80, 0xc3, 0xe7, 0xf7, 0x1b, 0xd,
    0x8e, 0x7b, 0x0,

    /* U+0062 "b" */
    0xc0, 0xc0, 0xc0, 0xc0, 0xdc, 0xe6, 0xc3, 0xc3,
    0xc3, 0xc3, 0xc3, 0xe6, 0xfc,

    /* U+0063 "c" */
    0x3c, 0x66, 0xc3, 0xc0, 0xc0, 0xc3, 0xc3, 0x66,
    0x3c,

    /* U+0064 "d" */
    0x3, 0x3, 0x3, 0x3, 0x3b, 0x67, 0xc3, 0xc3,
    0xc3, 0xc3, 0xc3, 0x67, 0x3f,

    /* U+0065 "e" */
    0x3c, 0x66, 0xc3, 0xc3, 0xff, 0xc0, 0xc3, 0x63,
    0x3e,

    /* U+0066 "f" */
    0x1f, 0x30, 0x30, 0x30, 0xfe, 0x30, 0x30, 0x30,
    0x30, 0x30, 0x30, 0x30, 0x30,

    /* U+0067 "g" */
    0x7b, 0xe3, 0x31, 0x88, 0xc3, 0xc6, 0x3, 0x1,
    0x80, 0x3e, 0x61, 0x9f, 0x80,

    /* U+0068 "h" */
    0xc0, 0xc0, 0xc0, 0xc0, 0xde, 0xe7, 0xe3, 0xc3,
    0xc3, 0xc3, 0xc3, 0xc3, 0xc3,

    /* U+0069 "i" */
    0xf0, 0xff, 0xff, 0xc0,

    /* U+006A "j" */
    0xc, 0x30, 0x0, 0xc, 0x30, 0xc3, 0xc, 0x30,
    0xc3, 0xc, 0x3f, 0x80,

    /* U+006B "k" */
    0xc0, 0xc0, 0xc0, 0xc0, 0xc6, 0xcc, 0xd8, 0xf8,
    0xec, 0xc4, 0xc6, 0xc3, 0xc3,

    /* U+006C "l" */
    0xff, 0xff, 0xff, 0xc0,

    /* U+006D "m" */
    0xff, 0xbb, 0xbc, 0xcf, 0x33, 0xcc, 0xf3, 0x3c,
    0xcf, 0x33, 0xcc, 0xc0,

    /* U+006E "n" */
    0xde, 0xe7, 0xe3, 0xc3, 0xc3, 0xc3, 0xc3, 0xc3,
    0xc3,

    /* U+006F "o" */
    0x3e, 0x31, 0xb0, 0x78, 0x3c, 0x1e, 0xf, 0x6,
    0xc6, 0x3e, 0x0,

    /* U+0070 "p" */
    0xdc, 0xe6, 0xc3, 0xc3, 0xc3, 0xc3, 0xc3, 0xe6,
    0xdc, 0xc0, 0xc0,

    /* U+0071 "q" */
    0x3b, 0x67, 0xc3, 0xc3, 0xc3, 0xc3, 0xc3, 0x67,
    0x3b, 0x3, 0x3,

    /* U+0072 "r" */
    0xcf, 0x7e, 0x30, 0xc3, 0xc, 0x30, 0xc0,

    /* U+0073 "s" */
    0x7c, 0xc6, 0xc0, 0xf0, 0x7e, 0x7, 0xc3, 0xe3,
    0x7e,

    /* U+0074 "t" */
    0x30, 0x30, 0x30, 0xfe, 0x30, 0x30, 0x30, 0x30,
    0x30, 0x30, 0x30, 0x1f,

    /* U+0075 "u" */
    0xc3, 0xc3, 0xc3, 0xc3, 0xc3, 0xc3, 0xc7, 0xc7,
    0x7b,

    /* U+0076 "v" */
    0xc3, 0xc2, 0x46, 0x66, 0x64, 0x2c, 0x3c, 0x38,
    0x18,

    /* U+0077 "w" */
    0xcc, 0xf3, 0x24, 0xc9, 0x76, 0x57, 0x9c, 0xc7,
    0x30, 0xcc, 0x33, 0x0,

    /* U+0078 "x" */
    0xc2, 0x66, 0x2c, 0x38, 0x18, 0x3c, 0x6c, 0x66,
    0xc3,

    /* U+0079 "y" */
    0xc1, 0x21, 0x98, 0xcc, 0x42, 0x61, 0xa0, 0x70,
    0x30, 0x18, 0xc, 0x1c, 0x0,

    /* U+007A "z" */
    0xfe, 0x6, 0xc, 0x18, 0x10, 0x30, 0x60, 0xc0,
    0xff,

    /* U+007B "{" */
    0x3b, 0x18, 0xc6, 0x31, 0x8c, 0xc3, 0x18, 0xc6,
    0x31, 0x8c, 0x38,

    /* U+007C "|" */
    0xff, 0xff, 0xff, 0xff, 0xfc,

    /* U+007D "}" */
    0xe1, 0x8c, 0x63, 0x18, 0xc6, 0x19, 0x8c, 0x63,
    0x18, 0xc6, 0xe0,

    /* U+007E "~" */
    0x71, 0x99, 0x86,

    /* U+00B0 "°" */
    0x74, 0xa5, 0xe0,

    /* U+2103 "℃" */
    0x60, 0x0, 0x48, 0x0, 0x24, 0x0, 0x12, 0x1f,
    0x86, 0x10, 0x60, 0x10, 0x18, 0x8, 0x0, 0x8,
    0x0, 0x4, 0x0, 0x2, 0x0, 0x1, 0x0, 0x0,
    0x80, 0x20, 0x60, 0x10, 0x10, 0x18, 0x6, 0x18,
    0x1, 0xf0,

    /* U+3001 "、" */
    0xcc, 0x66, 0x32,

    /* U+3002 "。" */
    0x7, 0xa3, 0x17, 0x0,

    /* U+4E00 "一" */
    0xff, 0xff, 0xff, 0xff, 0xf0,

    /* U+4E03 "七" */
    0x1, 0x80, 0x0, 0x30, 0x0, 0x6, 0x0, 0x0,
    0xc0, 0x0, 0x18, 0x1c, 0x3, 0x3f, 0x80, 0xfe,
    0x3, 0xfc, 0x0, 0xf9, 0x80, 0x0, 0x30, 0x0,
    0x6, 0x0, 0x0, 0xc0, 0x0, 0x18, 0x0, 0x3,
    0x1, 0xc0, 0x60, 0x30, 0x7, 0xfe,

    /* U+4E09 "三" */
    0x3f, 0xff, 0x0, 0x0, 0x0, 0x0, 0x0, 0x0,
    0x0, 0x0, 0x0, 0x0, 0x0, 0x1, 0xff, 0xe0,
    0x0, 0x0, 0x0, 0x0, 0x0, 0x0, 0x0, 0x0,
    0x0, 0x0, 0x0, 0x0, 0x0, 0x3f, 0xff, 0xf0,

    /* U+4E0A "上" */
    0x1, 0x80, 0x0, 0x60, 0x0, 0x18, 0x0, 0x6,
    0x0, 0x1, 0x80, 0x0, 0x60, 0x0, 0x1f, 0xf0,
    0x6, 0x0, 0x1, 0x80, 0x0, 0x60, 0x0, 0x18,
    0x0, 0x6, 0x0, 0x1, 0x80, 0x0, 0x60, 0x0,
    0x18, 0x0, 0x6, 0x0, 0xff, 0xff, 0xc0,

    /* U+4E0B "下" */
    0xff, 0xff, 0x80, 0xc0, 0x0, 0x60, 0x0, 0x30,
    0x0, 0x18, 0x0, 0xc, 0x80, 0x6, 0xe0, 0x3,
    0x38, 0x1, 0x8e, 0x0, 0xc3, 0x80, 0x60, 0xc0,
    0x30, 0x0, 0x18, 0x0, 0xc, 0x0, 0x6, 0x0,
    0x3, 0x0,

    /* U+4E0D "不" */
    0x7f, 0xff, 0xc0, 0x18, 0x0, 0xc, 0x0, 0x3,
    0x0, 0x1, 0xc0, 0x0, 0xf6, 0x0, 0x6c, 0xc0,
    0x33, 0x18, 0x1c, 0xc3, 0xe, 0x30, 0x6e, 0xc,
    0x1d, 0x3, 0x0, 0x0, 0xc0, 0x0, 0x30, 0x0,
    0xc, 0x0, 0x3, 0x0, 0x0, 0xc0, 0x0,

    /* U+4E13 "专" */
    0x0, 0x80, 0x0, 0xc0, 0x0, 0x60, 0x7, 0xff,
    0xc0, 0x10, 0x0, 0x18, 0x0, 0xc, 0x1, 0xff,
    0xff, 0x6, 0x0, 0x3, 0x0, 0x3, 0xff, 0x80,
    0x1, 0x80, 0x1, 0x80, 0x31, 0x80, 0x1f, 0x80,
    0x1, 0xe0, 0x0, 0x38, 0x0,

    /* U+4E25 "严" */
    0x3f, 0xff, 0x80, 0x88, 0x4, 0x44, 0xc2, 0x22,
    0x61, 0x91, 0x60, 0x8, 0x80, 0xff, 0xfe, 0x40,
    0x0, 0x20, 0x0, 0x10, 0x0, 0x8, 0x0, 0x4,
    0x0, 0x6, 0x0, 0x2, 0x0, 0x1, 0x0, 0x1,
    0x80, 0x0,

    /* U+4E27 "丧" */
    0x0, 0xc0, 0x0, 0x30, 0x7, 0xff, 0xf8, 0x3,
    0x0, 0x18, 0xc6, 0x6, 0x31, 0x80, 0xcc, 0xc0,
    0x3, 0x0, 0xff, 0xff, 0xc6, 0x20, 0x81, 0x8c,
    0x70, 0x61, 0xb0, 0x18, 0x78, 0x6, 0x2e, 0x1,
    0xb8, 0xf0, 0x78, 0xf, 0x18, 0x0, 0x40,

    /* U+4E2D "中" */
    0x1, 0x80, 0x1, 0x80, 0x1, 0x80, 0x1, 0x80,
    0xff, 0xff, 0xc1, 0x83, 0xc1, 0x83, 0xc1, 0x83,
    0xc1, 0x83, 0xc1, 0x83, 0xff, 0xff, 0xc1, 0x83,
    0x1, 0x80, 0x1, 0x80, 0x1, 0x80, 0x1, 0x80,
    0x1, 0x80, 0x1, 0x80,

    /* U+4E3B "主" */
    0x1, 0x0, 0x0, 0x60, 0x0, 0xc, 0x0, 0x1,
    0x0, 0x7f, 0xff, 0x80, 0x30, 0x0, 0xc, 0x0,
    0x3, 0x0, 0x0, 0xc0, 0xf, 0xff, 0xc0, 0xc,
    0x0, 0x3, 0x0, 0x0, 0xc0, 0x0, 0x30, 0x0,
    0xc, 0x0, 0x3, 0x0, 0xff, 0xff, 0xc0,

    /* U+4E58 "乘" */
    0x0, 0x3e, 0xf, 0xfc, 0x0, 0x4, 0x0, 0x1,
    0x0, 0x7f, 0xff, 0xc1, 0x12, 0x0, 0x44, 0x91,
    0xf1, 0x3c, 0x4, 0x4c, 0x3, 0x32, 0x33, 0xce,
    0x89, 0xd7, 0xfe, 0x3, 0x58, 0x1, 0x93, 0x1,
    0xc4, 0x71, 0xe1, 0xf, 0x60, 0x40, 0x80, 0x10,
    0x0,

    /* U+4E5D "九" */
    0x3, 0x0, 0x0, 0xc0, 0x0, 0x30, 0x0, 0xc,
    0x0, 0x3, 0x0, 0x1f, 0xfe, 0x6, 0x31, 0x80,
    0xc, 0x60, 0x6, 0x18, 0x1, 0x86, 0x0, 0x61,
    0x80, 0x18, 0x60, 0xc, 0x18, 0x3, 0x6, 0x1,
    0x81, 0x8c, 0xc0, 0x63, 0x70, 0x18, 0xb8, 0x7,
    0xe0, 0x0, 0x0,

    /* U+4E60 "习" */
    0xff, 0xfc, 0x0, 0x30, 0x0, 0xcc, 0x3, 0x38,
    0xc, 0x78, 0x30, 0x60, 0xc0, 0x83, 0x0, 0xc,
    0x3, 0x30, 0x3c, 0xc3, 0xc3, 0x7c, 0xf, 0xc0,
    0x34, 0x0, 0xc0, 0x7, 0x0, 0xf8,

    /* U+4E70 "买" */
    0x7f, 0xff, 0x80, 0x1, 0x82, 0x18, 0xc1, 0x8c,
    0x40, 0x76, 0x0, 0x13, 0x0, 0xc1, 0x80, 0x38,
    0xc0, 0xc, 0x40, 0x0, 0x20, 0x3f, 0xff, 0xe0,
    0x18, 0x0, 0x1a, 0x0, 0x19, 0xc0, 0x38, 0x38,
    0x70, 0xe, 0x60, 0x1, 0x0,

    /* U+4E89 "争" */
    0x6, 0x0, 0x1, 0x0, 0x0, 0xff, 0x0, 0x60,
    0xc0, 0x30, 0x60, 0x1f, 0xff, 0x80, 0x8, 0x20,
    0x2, 0x8, 0xff, 0xff, 0xc0, 0x20, 0x80, 0x8,
    0x20, 0xff, 0xf8, 0x0, 0x82, 0x0, 0x20, 0x0,
    0x8, 0x0, 0x6, 0x0, 0x3, 0x80, 0x0,

    /* U+4E8B "事" */
    0x0, 0x80, 0x3f, 0xff, 0xe0, 0x8, 0x0, 0x2,
    0x0, 0x1f, 0xfe, 0x4, 0x20, 0x81, 0x8, 0x20,
    0x7f, 0xf8, 0x0, 0x80, 0xf, 0xff, 0x80, 0x8,
    0x23, 0xff, 0xff, 0x0, 0x82, 0x0, 0x20, 0x83,
    0xff, 0xe0, 0x2, 0x0, 0x3, 0x80, 0x0, 0xc0,
    0x0,

    /* U+4E8C "二" */
    0x3f, 0xff, 0xf, 0xff, 0xc0, 0x0, 0x0, 0x0,
    0x0, 0x0, 0x0, 0x0, 0x0, 0x0, 0x0, 0x0,
    0x0, 0x0, 0x0, 0x0, 0x0, 0x0, 0x0, 0x0,
    0x3, 0xff, 0xff, 0xff, 0xff, 0xc0,

    /* U+4E8E "于" */
    0x3f, 0xff, 0x0, 0x30, 0x0, 0xc, 0x0, 0x3,
    0x0, 0x0, 0xc0, 0x0, 0x30, 0xf, 0xff, 0xfc,
    0x3, 0x0, 0x0, 0xc0, 0x0, 0x30, 0x0, 0xc,
    0x0, 0x3, 0x0, 0x0, 0xc0, 0x0, 0x30, 0x0,
    0xc, 0x0, 0xf, 0x0, 0x3, 0x80, 0x0,

    /* U+4E91 "云" */
    0x3f, 0xfe, 0x0, 0x0, 0x0, 0x0, 0x0, 0x0,
    0x0, 0x0, 0x0, 0x0, 0x3, 0xff, 0xfe, 0x6,
    0x0, 0x3, 0x0, 0x3, 0x0, 0x1, 0x84, 0x1,
    0x83, 0x1, 0x80, 0xc0, 0x80, 0x31, 0xff, 0xfc,
    0x7c, 0x6,

    /* U+4E94 "五" */
    0x3f, 0xff, 0x80, 0x60, 0x0, 0x18, 0x0, 0x6,
    0x0, 0x1, 0x80, 0x7, 0xff, 0x80, 0x10, 0x60,
    0x4, 0x18, 0x3, 0x6, 0x0, 0xc1, 0x80, 0x30,
    0x60, 0xc, 0x18, 0x2, 0x6, 0x3f, 0xff, 0xf0,

    /* U+4E95 "井" */
    0x6, 0x18, 0x1, 0x86, 0x0, 0x61, 0x80, 0x18,
    0x60, 0x7f, 0xff, 0x81, 0x86, 0x0, 0x61, 0x80,
    0x18, 0x60, 0x6, 0x18, 0x1, 0x86, 0xf, 0xff,
    0xfc, 0x18, 0x60, 0x6, 0x18, 0x3, 0x6, 0x0,
    0xc1, 0x80, 0x60, 0x60, 0x70, 0x18, 0x18, 0x6,
    0x0,

    /* U+4EA4 "交" */
    0x0, 0x80, 0x0, 0xc0, 0x0, 0x60, 0x0, 0x10,
    0xf, 0xff, 0xf8, 0x40, 0x80, 0x70, 0x70, 0x70,
    0x1c, 0x70, 0x13, 0x36, 0xc, 0x1, 0x8c, 0x0,
    0xc4, 0x0, 0x36, 0x0, 0xe, 0x0, 0xf, 0x0,
    0x1c, 0xe0, 0x7c, 0x1f, 0xf0, 0x3, 0xc0,

    /* U+4EA7 "产" */
    0x0, 0x0, 0x0, 0x18, 0x0, 0x6, 0x0, 0x7f,
    0xff, 0x0, 0x0, 0x0, 0xc1, 0x80, 0x30, 0x60,
    0x6, 0x10, 0x1, 0xc, 0x7, 0xff, 0xf1, 0x0,
    0x0, 0x40, 0x0, 0x10, 0x0, 0x4, 0x0, 0x3,
    0x0, 0x0, 0xc0, 0x0, 0x60, 0x0, 0x18, 0x0,
    0x4, 0x0, 0x0,

    /* U+4EAC "京" */
    0x0, 0x0, 0x0, 0xc0, 0x0, 0x30, 0x1f, 0xff,
    0xf0, 0x0, 0x0, 0x0, 0x0, 0x7f, 0xf0, 0x30,
    0x8, 0x18, 0x4, 0xc, 0x2, 0x6, 0x1, 0x3,
    0xff, 0x80, 0x8, 0x0, 0x64, 0x40, 0x62, 0x30,
    0x61, 0xc, 0x60, 0x83, 0xa3, 0xc0, 0x80, 0xe0,
    0x0,

    /* U+4EB2 "亲" */
    0x1, 0x80, 0x0, 0x60, 0x7, 0xff, 0xf0, 0x10,
    0x40, 0x4, 0x18, 0x1, 0x84, 0x0, 0x43, 0x3,
    0xff, 0xff, 0x0, 0x80, 0x0, 0x20, 0x0, 0x8,
    0x1, 0xff, 0xfe, 0x0, 0x80, 0x7, 0x22, 0x3,
    0x8, 0xe0, 0xc2, 0x1c, 0x60, 0x83, 0x80, 0xe0,
    0x0,

    /* U+4EBA "人" */
    0x0, 0xc0, 0x0, 0x30, 0x0, 0xc, 0x0, 0x3,
    0x0, 0x0, 0xc0, 0x0, 0x30, 0x0, 0xc, 0x0,
    0x3, 0x80, 0x1, 0xe0, 0x0, 0x6c, 0x0, 0x33,
    0x0, 0xc, 0x60, 0x6, 0x1c, 0x3, 0x3, 0x81,
    0xc0, 0x70, 0xe0, 0xe, 0xe0, 0x1, 0xd0, 0x0,
    0x0,

    /* U+4ECA "今" */
    0x0, 0x0, 0x0, 0x30, 0x0, 0x1c, 0x0, 0xd,
    0x80, 0x2, 0x30, 0x1, 0x86, 0x0, 0xc1, 0xc0,
    0x66, 0x38, 0x70, 0xc7, 0xb8, 0x30, 0x60, 0x0,
    0x8, 0x7f, 0xf8, 0x0, 0xc, 0x0, 0x7, 0x0,
    0x1, 0x80, 0x0, 0xc0, 0x0, 0x60, 0x0, 0x18,
    0x0, 0x4, 0x0,

    /* U+4ECD "仍" */
    0x6, 0x0, 0x1, 0xbf, 0xe0, 0xc2, 0x10, 0x20,
    0x8c, 0x18, 0x23, 0xe, 0x8, 0xc3, 0x82, 0x31,
    0xe0, 0x8f, 0xd8, 0x60, 0x46, 0x18, 0x11, 0x84,
    0xc, 0x61, 0x3, 0x18, 0xc0, 0xc6, 0x20, 0x31,
    0x98, 0x8, 0x6e, 0x6, 0x1b, 0x7, 0x86, 0x0,
    0x0,

    /* U+4ED3 "仓" */
    0x0, 0x80, 0x0, 0x18, 0x0, 0x7, 0x80, 0x1,
    0x98, 0x0, 0x71, 0x80, 0x1c, 0x18, 0x7, 0x1,
    0xc3, 0x80, 0x1f, 0xef, 0xfc, 0xc1, 0x81, 0x80,
    0x30, 0x30, 0x6, 0x6, 0x0, 0xc0, 0xc0, 0x18,
    0xf8, 0x3, 0x8, 0x0, 0x60, 0xc, 0xc, 0x1,
    0x81, 0xff, 0xe0,

    /* U+4EE4 "令" */
    0x0, 0xc0, 0x0, 0x38, 0x0, 0x7, 0x80, 0x1,
    0x98, 0x0, 0x61, 0x80, 0x18, 0x1c, 0xe, 0x61,
    0xc3, 0x86, 0x1f, 0xe0, 0x40, 0xc0, 0x0, 0x0,
    0xff, 0xfc, 0x0, 0x7, 0x0, 0x1, 0xc0, 0x0,
    0x70, 0x1, 0xd8, 0x0, 0xe, 0x0, 0x0, 0xf0,
    0x0, 0x6, 0x0,

    /* U+4EFB "任" */
    0x4, 0x0, 0x3, 0x1, 0xe0, 0xbf, 0xf0, 0x66,
    0x60, 0x18, 0x18, 0xe, 0x6, 0x7, 0x81, 0x83,
    0x60, 0x60, 0x1f, 0xff, 0xc6, 0x6, 0x1, 0x81,
    0x80, 0x60, 0x60, 0x18, 0x18, 0x6, 0x6, 0x1,
    0x81, 0x80, 0x6f, 0xff, 0x18, 0x0, 0x6, 0x0,
    0x0,

    /* U+4F01 "企" */
    0x0, 0x40, 0x0, 0x1c, 0x0, 0x7, 0x80, 0x1,
    0xd8, 0x0, 0x71, 0x80, 0x1c, 0x1c, 0xe, 0x19,
    0xe7, 0x83, 0xf, 0xc0, 0x60, 0x41, 0x8c, 0x0,
    0x31, 0xfc, 0x6, 0x30, 0x0, 0xc6, 0x0, 0x18,
    0xc0, 0x3, 0x18, 0x0, 0x63, 0x0, 0x7f, 0xff,
    0x80,

    /* U+4F10 "伐" */
    0x0, 0x60, 0x6, 0x19, 0x81, 0x86, 0x60, 0x41,
    0x8c, 0x30, 0x60, 0xc, 0x18, 0xf7, 0x1f, 0xf1,
    0xdf, 0x80, 0xd0, 0x21, 0x14, 0xc, 0xc1, 0x3,
    0x30, 0x40, 0xd8, 0x10, 0x1c, 0x4, 0x6, 0x1,
    0x7, 0xcc, 0x4f, 0x1b, 0x13, 0x3, 0xc4, 0x0,
    0x60,

    /* U+4F11 "休" */
    0x10, 0x30, 0x3, 0x6, 0x0, 0x40, 0xc0, 0x8,
    0x18, 0x3, 0x3, 0x0, 0x6f, 0xff, 0x1c, 0x1e,
    0x2, 0x83, 0xc0, 0xd0, 0xfc, 0x2, 0x1f, 0x80,
    0x42, 0xd8, 0x8, 0xd9, 0x81, 0x33, 0x38, 0x26,
    0x63, 0x85, 0x8c, 0x30, 0x81, 0x80, 0x10, 0x30,
    0x2, 0x6, 0x0,

    /* U+4F1A "会" */
    0x0, 0x40, 0x0, 0x30, 0x0, 0xe, 0x0, 0x6,
    0xc0, 0x3, 0x18, 0x3, 0x1, 0x81, 0x80, 0x39,
    0xdf, 0xf3, 0x0, 0x0, 0x0, 0x0, 0x3, 0xff,
    0xf8, 0x2, 0x0, 0x1, 0x80, 0x0, 0xc6, 0x0,
    0x60, 0xc0, 0x30, 0x18, 0x1f, 0xff, 0x4, 0x0,
    0x40,

    /* U+4F20 "传" */
    0x8, 0x30, 0x7, 0xc, 0x1, 0x82, 0x0, 0x4f,
    0xfe, 0x30, 0x60, 0xc, 0x18, 0x7, 0x6, 0x1,
    0xdf, 0xff, 0xd0, 0x40, 0x4, 0x30, 0x1, 0xf,
    0xf0, 0x40, 0xc, 0x10, 0x6, 0x4, 0x11, 0x81,
    0x7, 0xc0, 0x40, 0xf0, 0x10, 0xf, 0x4, 0x0,
    0xc0,

    /* U+4F34 "伴" */
    0x4, 0x8, 0x1, 0x81, 0x10, 0x36, 0x23, 0x4,
    0x64, 0xc1, 0x84, 0x90, 0x70, 0x92, 0xe, 0x2,
    0x3, 0xcf, 0xfe, 0x58, 0x8, 0x3, 0x1, 0x0,
    0x60, 0x20, 0xd, 0xff, 0xf1, 0x80, 0x80, 0x30,
    0x10, 0x6, 0x2, 0x0, 0xc0, 0x40, 0x18, 0x8,
    0x3, 0x1, 0x0,

    /* U+4F46 "但" */
    0xc, 0x0, 0x1, 0x80, 0x0, 0x33, 0xfe, 0xc,
    0x60, 0x41, 0x8c, 0x8, 0x71, 0x81, 0x1e, 0x30,
    0x23, 0xc7, 0xfc, 0x58, 0xc0, 0x83, 0x18, 0x10,
    0x63, 0x2, 0xc, 0x60, 0x41, 0x8f, 0xf8, 0x30,
    0x0, 0x6, 0x0, 0x0, 0xc0, 0x0, 0x1b, 0xff,
    0xe3, 0x0, 0x0,

    /* U+4F4D "位" */
    0x0, 0x0, 0x6, 0xc, 0x1, 0x83, 0x0, 0x40,
    0x40, 0x33, 0xff, 0x8c, 0x0, 0x7, 0x0, 0x61,
    0xc6, 0x18, 0xd1, 0x86, 0x4, 0x61, 0x81, 0xc,
    0x40, 0x43, 0x30, 0x10, 0xcc, 0x4, 0x13, 0x1,
    0x0, 0x80, 0x5f, 0xff, 0x10, 0x0, 0x4, 0x0,
    0x0,

    /* U+4F4F "住" */
    0x8, 0x0, 0x1, 0x87, 0x0, 0x30, 0x60, 0xc,
    0x0, 0x1, 0xbf, 0xfc, 0x70, 0x30, 0xe, 0x6,
    0x3, 0xc0, 0xc0, 0xd8, 0x18, 0xb, 0x3, 0x0,
    0x67, 0xfe, 0xc, 0xc, 0x1, 0x81, 0x80, 0x30,
    0x30, 0x6, 0x6, 0x0, 0xc0, 0xc0, 0x18, 0x18,
    0x3, 0x7f, 0xfc, 0x60, 0x0, 0x0,

    /* U+4F59 "余" */
    0x0, 0xc0, 0x0, 0x70, 0x0, 0x16, 0x0, 0xc,
    0xc0, 0x6, 0x18, 0x3, 0x3, 0xc3, 0x0, 0x3f,
    0xbf, 0xe2, 0x0, 0xc0, 0x0, 0x30, 0x3, 0xff,
    0xf0, 0x3, 0x0, 0x8, 0xcc, 0x7, 0x31, 0x83,
    0xc, 0x33, 0x8f, 0xc, 0x41, 0xc0, 0x0,

    /* U+4F5C "作" */
    0x0, 0x20, 0x3, 0x8c, 0x0, 0xc2, 0x0, 0x21,
    0x80, 0x18, 0x7f, 0xc6, 0x34, 0x3, 0x89, 0x1,
    0xe6, 0x40, 0x79, 0x10, 0x36, 0x7, 0xe1, 0x81,
    0x0, 0x60, 0x40, 0x18, 0x10, 0x6, 0x7, 0xf1,
    0x81, 0x0, 0x60, 0x40, 0x18, 0x10, 0x6, 0x4,
    0x1, 0x81, 0x0,

    /* U+4F60 "你" */
    0x6, 0x30, 0x1, 0x8c, 0x0, 0x31, 0x80, 0xc,
    0x3f, 0xe1, 0x8c, 0xc, 0x73, 0x1, 0x1e, 0x62,
    0x62, 0xc8, 0x40, 0x18, 0x8, 0x3, 0xd, 0x60,
    0x63, 0x26, 0xc, 0x64, 0x41, 0x98, 0x8c, 0x36,
    0x10, 0xc6, 0x42, 0x10, 0xc0, 0x40, 0x18, 0x38,
    0x3, 0x6, 0x0,

    /* U+4F63 "佣" */
    0x18, 0x0, 0x9, 0xff, 0xc4, 0xc6, 0x26, 0x63,
    0x13, 0x31, 0x8b, 0x98, 0xc5, 0xcf, 0xff, 0xa6,
    0x31, 0x13, 0x18, 0x89, 0x8c, 0x44, 0xff, 0xe2,
    0x63, 0x11, 0x31, 0x88, 0x98, 0xc4, 0x4c, 0x62,
    0x2c, 0x31, 0x16, 0x3, 0x8a, 0x0, 0x80,

    /* U+4F8B "例" */
    0x8, 0x0, 0x47, 0xfc, 0x11, 0x7f, 0x4, 0x46,
    0x19, 0x31, 0x6, 0x4c, 0x41, 0x97, 0x3f, 0x65,
    0xcc, 0xd9, 0x52, 0x36, 0x45, 0xc9, 0x91, 0x5e,
    0x64, 0x43, 0x99, 0x10, 0x66, 0x44, 0x30, 0x11,
    0x1c, 0x4, 0x4e, 0x1, 0x17, 0x3, 0xc4, 0x80,
    0x60,

    /* U+4FDD "保" */
    0x8, 0x0, 0x3, 0x3f, 0xc1, 0x88, 0x10, 0x42,
    0x4, 0x30, 0x81, 0xc, 0x3f, 0xc7, 0x1, 0x1,
    0x40, 0x40, 0xd0, 0x10, 0x4, 0xff, 0xf1, 0x7,
    0xc0, 0x41, 0x70, 0x10, 0xd6, 0x4, 0x64, 0xc1,
    0x31, 0x18, 0x5c, 0x43, 0x12, 0x10, 0x4, 0x4,
    0x0,

    /* U+4FEE "修" */
    0xc, 0x18, 0x3, 0x86, 0x0, 0x60, 0xfe, 0x8,
    0x38, 0xc3, 0x25, 0xb0, 0x65, 0x9c, 0x1c, 0x83,
    0x83, 0x93, 0xdf, 0x52, 0xe4, 0xc2, 0x41, 0x80,
    0x49, 0xe4, 0x9, 0x11, 0x81, 0x20, 0xe0, 0x24,
    0x71, 0xc4, 0x18, 0xe0, 0x80, 0x78, 0x10, 0x7c,
    0x2, 0x1c, 0x0,

    /* U+505A "做" */
    0x8, 0x0, 0x3, 0x21, 0x81, 0x88, 0x40, 0x62,
    0x30, 0x10, 0x8f, 0xcd, 0xfa, 0x43, 0x9, 0x91,
    0xc2, 0x64, 0x50, 0x99, 0x14, 0xfa, 0x41, 0x22,
    0xd0, 0x48, 0xbc, 0x12, 0x26, 0x4, 0xf9, 0x81,
    0x22, 0x70, 0x48, 0x36, 0x10, 0x19, 0xc4, 0xc,
    0x20,

    /* U+505C "停" */
    0x8, 0x10, 0x6, 0x6, 0x1, 0x3f, 0xfc, 0x40,
    0x0, 0x31, 0xff, 0xc, 0x60, 0x47, 0x18, 0x11,
    0x47, 0xfc, 0x50, 0x0, 0x5, 0xff, 0xf1, 0x60,
    0x4, 0x47, 0xfc, 0x10, 0x10, 0x4, 0x4, 0x1,
    0x1, 0x0, 0x40, 0x40, 0x10, 0x70, 0x4, 0xc,
    0x0,

    /* U+5143 "元" */
    0x1f, 0xfe, 0x0, 0x0, 0x0, 0x0, 0x0, 0x0,
    0x0, 0x0, 0x0, 0x1f, 0xff, 0xe0, 0x33, 0x0,
    0xc, 0xc0, 0x2, 0x30, 0x0, 0x8c, 0x0, 0x63,
    0x0, 0x18, 0xc0, 0xc, 0x30, 0x7, 0xc, 0x33,
    0x83, 0xf, 0xc0, 0x7e, 0x0, 0x0, 0x0,

    /* U+5148 "先" */
    0x18, 0xc0, 0x6, 0x30, 0x1, 0x8c, 0x0, 0xff,
    0xfc, 0x30, 0xc0, 0x18, 0x30, 0x0, 0xc, 0x3,
    0xff, 0xff, 0x6, 0x10, 0x1, 0x84, 0x0, 0x61,
    0x0, 0x18, 0x40, 0xc, 0x10, 0x3, 0x4, 0x21,
    0x81, 0xc, 0xc0, 0x42, 0xe0, 0x1f, 0x80,

    /* U+5149 "光" */
    0x0, 0xc0, 0x0, 0x30, 0x0, 0xc, 0x20, 0xc3,
    0xc, 0x18, 0xc6, 0x7, 0x31, 0x80, 0xcc, 0x40,
    0x3, 0x0, 0xff, 0xff, 0xc0, 0xcc, 0x0, 0x33,
    0x0, 0xc, 0xc0, 0x6, 0x30, 0x1, 0x8c, 0x0,
    0xc3, 0xc, 0xe0, 0xc3, 0xf0, 0x3f, 0x80, 0x0,
    0x0,

    /* U+514B "克" */
    0x0, 0x80, 0x0, 0x40, 0x1f, 0xff, 0xc0, 0x10,
    0x0, 0x8, 0x0, 0x4, 0x0, 0xff, 0xf0, 0x60,
    0x8, 0x30, 0x4, 0x18, 0x2, 0xf, 0xff, 0x0,
    0xcc, 0x0, 0x66, 0x0, 0x33, 0x0, 0x31, 0x80,
    0x38, 0xc3, 0x38, 0x61, 0xb0, 0x1f, 0x80,

    /* U+5165 "入" */
    0x4, 0x0, 0x1, 0xc0, 0x0, 0x38, 0x0, 0x6,
    0x0, 0x0, 0xc0, 0x0, 0x38, 0x0, 0xe, 0x0,
    0x6, 0x80, 0x1, 0x30, 0x0, 0xcc, 0x0, 0x61,
    0x80, 0x18, 0x70, 0xc, 0xc, 0x6, 0x1, 0x83,
    0x0, 0x3b, 0x80, 0x7, 0xc0, 0x0, 0x80,

    /* U+516B "八" */
    0x0, 0x18, 0x0, 0x3, 0x0, 0xc, 0x60, 0x1,
    0x84, 0x0, 0x20, 0x80, 0x4, 0x10, 0x1, 0x83,
    0x0, 0x30, 0x60, 0x6, 0xc, 0x0, 0x80, 0x80,
    0x30, 0x18, 0x6, 0x3, 0x1, 0x80, 0x30, 0x30,
    0x6, 0xc, 0x0, 0x63, 0x0, 0xe, 0x60, 0x0,
    0xc0,

    /* U+516D "六" */
    0x1, 0x0, 0x0, 0xc0, 0x0, 0x60, 0x0, 0x18,
    0x0, 0x8, 0x7, 0xff, 0xfc, 0x0, 0x0, 0x0,
    0x0, 0x4, 0x10, 0x7, 0x1c, 0x3, 0x7, 0x3,
    0x1, 0x83, 0x80, 0x61, 0x80, 0x39, 0x80, 0xd,
    0xc0, 0x2, 0x40, 0x0, 0x0,

    /* U+5173 "关" */
    0x4, 0x10, 0x3, 0x8, 0x1, 0x8c, 0x0, 0x44,
    0x3, 0xff, 0xf0, 0x4, 0x0, 0x2, 0x0, 0x1,
    0x0, 0x0, 0x80, 0x3f, 0xff, 0xc0, 0x30, 0x0,
    0x38, 0x0, 0x36, 0x0, 0x31, 0xc0, 0x30, 0x78,
    0xf0, 0xf, 0x60, 0x1, 0x0,

    /* U+5177 "具" */
    0x1f, 0xfe, 0x6, 0x1, 0x81, 0x80, 0x60, 0x7f,
    0xf8, 0x18, 0x6, 0x7, 0xff, 0x81, 0x80, 0x60,
    0x60, 0x18, 0x1f, 0xfe, 0x6, 0x1, 0x81, 0x80,
    0x63, 0xff, 0xff, 0x0, 0x10, 0x3, 0x8f, 0x1,
    0xc0, 0xf3, 0xc0, 0xe, 0x40, 0x0, 0x0,

    /* U+517B "养" */
    0x0, 0x0, 0x1, 0x86, 0x0, 0x21, 0x0, 0xff,
    0xfc, 0x0, 0xc0, 0x0, 0x30, 0x1, 0xff, 0xe0,
    0x2, 0x0, 0x1, 0x80, 0x1f, 0xff, 0xe0, 0x21,
    0x0, 0x18, 0x30, 0x1b, 0x1f, 0x3c, 0x86, 0xf4,
    0x21, 0x80, 0x18, 0x60, 0x4, 0x18, 0x3, 0x6,
    0x1, 0x81, 0x80,

    /* U+5185 "内" */
    0x1, 0x80, 0x1, 0x80, 0x1, 0x80, 0xff, 0xff,
    0xc1, 0x83, 0xc1, 0x83, 0xc1, 0x83, 0xc3, 0x83,
    0xc3, 0xc3, 0xc6, 0x73, 0xce, 0x3b, 0xdc, 0x1b,
    0xd8, 0x3, 0xc0, 0x3, 0xc0, 0x3, 0xc0, 0x3,
    0xc0, 0x1f, 0xc0, 0xe,

    /* U+518D "再" */
    0x3f, 0xff, 0xc0, 0xc, 0x0, 0x1, 0x80, 0x0,
    0x30, 0x1, 0xff, 0xf0, 0x30, 0xc6, 0x6, 0x18,
    0xc0, 0xff, 0xf8, 0x18, 0x63, 0x3, 0xc, 0x60,
    0x61, 0x8c, 0x7f, 0xff, 0xf1, 0x80, 0x30, 0x30,
    0x6, 0x6, 0x0, 0xc0, 0xc0, 0x78, 0x18, 0x6,
    0x0,

    /* U+5199 "写" */
    0xff, 0xff, 0x80, 0x1, 0x98, 0x1, 0x98, 0x0,
    0x18, 0x0, 0x1f, 0xf8, 0x18, 0x0, 0x18, 0x0,
    0x1f, 0xfe, 0x0, 0x6, 0x0, 0x6, 0x0, 0x6,
    0xff, 0xe6, 0x0, 0x6, 0x0, 0xc, 0x0, 0x3c,

    /* U+519C "农" */
    0x0, 0x60, 0x0, 0x18, 0x0, 0x6, 0x0, 0xff,
    0xfe, 0x30, 0xc0, 0x8c, 0x30, 0x20, 0x1c, 0x0,
    0xd, 0x84, 0x7, 0x23, 0x3, 0x8d, 0x81, 0xe1,
    0xc1, 0xd8, 0x60, 0xe6, 0xc, 0x1, 0x91, 0x80,
    0x6e, 0x38, 0x1e, 0x7, 0x7, 0x0, 0x0, 0x0,
    0x0,

    /* U+51A0 "冠" */
    0x7f, 0xff, 0x98, 0x0, 0x66, 0x0, 0x18, 0x0,
    0x8, 0x1f, 0x2, 0x0, 0x0, 0x80, 0x3, 0xfc,
    0x0, 0x8, 0x7f, 0x82, 0x6, 0x84, 0x81, 0xa1,
    0xa0, 0x48, 0x8, 0x32, 0xe, 0xc, 0x83, 0x26,
    0x20, 0xb, 0xf, 0xfe,

    /* U+51AC "冬" */
    0x3, 0x0, 0x1, 0x80, 0x0, 0xff, 0xe0, 0x30,
    0x30, 0x1e, 0x1c, 0xc, 0xce, 0x6, 0x1f, 0x0,
    0x3, 0x80, 0x7, 0xb8, 0xf, 0x87, 0xef, 0x10,
    0x3c, 0xf, 0xc0, 0x0, 0x70, 0x0, 0x0, 0x0,
    0x70, 0x0, 0x1f, 0xc0, 0x0, 0x78, 0x0, 0x2,
    0x0,

    /* U+51B0 "冰" */
    0x0, 0x30, 0x0, 0xc, 0xc, 0x3, 0x1, 0x80,
    0xc0, 0x30, 0x31, 0x89, 0xec, 0xe0, 0xb, 0xe0,
    0x46, 0xf0, 0x11, 0xbc, 0xc, 0x4d, 0x2, 0x13,
    0x61, 0x8c, 0xc8, 0xc6, 0x33, 0x31, 0x8c, 0x78,
    0xc3, 0xc, 0x20, 0xc0, 0x0, 0xf0, 0x0, 0x10,
    0x0,

    /* U+51B2 "冲" */
    0x0, 0x18, 0x0, 0x6, 0x4, 0x1, 0x83, 0x80,
    0x60, 0x73, 0xff, 0xce, 0xc6, 0x30, 0x31, 0x8c,
    0xc, 0x63, 0x3, 0x18, 0xc6, 0xc6, 0x31, 0xbf,
    0xfc, 0xcc, 0x63, 0x33, 0x18, 0xd8, 0x6, 0x6,
    0x1, 0x83, 0x0, 0x60, 0x40, 0x18, 0x0, 0x6,
    0x0,

    /* U+51B7 "冷" */
    0x0, 0x20, 0x0, 0xc, 0x4, 0x3, 0x1, 0x81,
    0xe0, 0x30, 0xcc, 0x6, 0x21, 0x81, 0x1a, 0x30,
    0xc, 0xc7, 0x16, 0x18, 0xc6, 0x0, 0x3, 0x3f,
    0xf0, 0xc0, 0x1c, 0x60, 0x6, 0x10, 0x33, 0xc,
    0x7, 0x80, 0x0, 0xc0, 0x0, 0x18, 0x0, 0x3,
    0x0,

    /* U+51BB "冻" */
    0x0, 0x20, 0x0, 0x18, 0x4, 0x6, 0x1, 0x9f,
    0xff, 0x30, 0xc0, 0x0, 0x26, 0x0, 0x19, 0x80,
    0xc, 0x60, 0x13, 0xff, 0x84, 0x6, 0x3, 0x1,
    0x80, 0x86, 0x6c, 0x63, 0x19, 0xb0, 0xc6, 0x74,
    0x61, 0x8c, 0x11, 0xc0, 0x0, 0x70, 0x0,

    /* U+51C6 "准" */
    0x0, 0x8, 0x0, 0x1b, 0x81, 0x3, 0x38, 0x30,
    0xc2, 0x3, 0x1f, 0xfc, 0x27, 0x18, 0x0, 0xe3,
    0x0, 0x3c, 0x60, 0x5, 0xff, 0xc0, 0x31, 0x80,
    0x66, 0x30, 0x8, 0xc6, 0x3, 0x1f, 0xfc, 0x43,
    0x18, 0x18, 0x63, 0x3, 0xc, 0x60, 0x41, 0xff,
    0xe0, 0x30, 0x0, 0x6, 0x0, 0x0,

    /* U+51FA "出" */
    0x1, 0x0, 0x2, 0x1, 0x4, 0x12, 0x8, 0x24,
    0x10, 0x48, 0x20, 0x90, 0x41, 0x3f, 0xfe, 0x1,
    0x0, 0x2, 0x2, 0x4, 0x1c, 0x8, 0x38, 0x10,
    0x70, 0x20, 0xe0, 0x41, 0xff, 0xff, 0x0, 0x6,
    0x0, 0xc,

    /* U+5206 "分" */
    0x0, 0x0, 0x0, 0x8c, 0x0, 0x61, 0x0, 0x30,
    0x60, 0xc, 0xc, 0x6, 0x1, 0x83, 0x0, 0x31,
    0xc0, 0x7, 0xef, 0xfe, 0xc0, 0x41, 0x80, 0x30,
    0x40, 0xc, 0x10, 0x3, 0x4, 0x1, 0x83, 0x0,
    0x60, 0xc0, 0x30, 0x30, 0x18, 0xc, 0x1c, 0xe,
    0x0,

    /* U+521B "创" */
    0x6, 0x0, 0x83, 0x0, 0x43, 0xc0, 0x23, 0x39,
    0x91, 0x8e, 0xc9, 0x83, 0x65, 0xfe, 0x32, 0xbf,
    0x19, 0x10, 0x8c, 0x88, 0x46, 0x44, 0x23, 0x22,
    0x31, 0x91, 0x38, 0xc8, 0x90, 0x64, 0x41, 0x2,
    0x20, 0xc1, 0x1f, 0xc1, 0x80, 0x0, 0x0,

    /* U+521D "初" */
    0x18, 0x0, 0xc, 0x0, 0x3, 0x3f, 0xe0, 0x2,
    0x17, 0xe1, 0x8, 0x20, 0x84, 0x30, 0x42, 0x12,
    0x21, 0x1f, 0x10, 0x9f, 0x18, 0x5e, 0xc8, 0x3b,
    0x74, 0x11, 0x82, 0x8, 0xc3, 0x4, 0x63, 0x2,
    0x31, 0x81, 0x19, 0x8f, 0x8c, 0x83, 0x0,

    /* U+5230 "到" */
    0x0, 0x1, 0x80, 0x0, 0xff, 0xf0, 0x61, 0x1,
    0x31, 0xc0, 0x98, 0x8c, 0x4d, 0xc3, 0x27, 0xff,
    0x93, 0x7c, 0x49, 0x86, 0x4, 0xc3, 0x2, 0x6f,
    0xf9, 0x30, 0xc0, 0x98, 0x60, 0x4c, 0x31, 0x86,
    0xff, 0x83, 0xfc, 0x7, 0x80, 0x3, 0xc0,

    /* U+5236 "制" */
    0x6, 0x0, 0xc9, 0x80, 0x33, 0x60, 0xd, 0x98,
    0x13, 0x7f, 0xe4, 0xf1, 0x81, 0x30, 0x60, 0x4f,
    0xff, 0xd3, 0x6, 0x4, 0xc1, 0x81, 0x37, 0xfe,
    0x4d, 0xff, 0x93, 0x66, 0x24, 0xd9, 0x89, 0x36,
    0x66, 0xd, 0x99, 0x83, 0x6, 0x3, 0xc1, 0x80,
    0xe0,

    /* U+5238 "券" */
    0x1, 0x84, 0xc, 0x63, 0x1, 0x99, 0x80, 0x44,
    0x20, 0x7f, 0xff, 0x0, 0xc0, 0x0, 0x30, 0x3,
    0xff, 0xfe, 0xc, 0x18, 0x6, 0x7, 0x3, 0x0,
    0xe3, 0xff, 0xef, 0x83, 0x8, 0x80, 0xc2, 0x0,
    0x61, 0x80, 0x70, 0x60, 0x78, 0x78, 0x8, 0x0,
    0x0,

    /* U+523B "刻" */
    0xc, 0x0, 0xc1, 0x80, 0x30, 0x40, 0xf, 0xff,
    0xb3, 0x8, 0xc, 0xc7, 0x3, 0x33, 0x1c, 0xcd,
    0x8c, 0x33, 0x7f, 0xc, 0xc1, 0x9b, 0x31, 0x8c,
    0xcc, 0xc6, 0x33, 0xe3, 0x8c, 0xd1, 0xb0, 0x31,
    0xc6, 0xd, 0xc0, 0x8f, 0x60, 0x3, 0xc0,

    /* U+5243 "剃" */
    0x0, 0x0, 0x31, 0x1, 0x3b, 0x1, 0x2, 0x9,
    0x7f, 0x89, 0x4, 0x89, 0x4, 0x89, 0x4, 0x89,
    0x7f, 0x89, 0x44, 0x9, 0x44, 0x9, 0x7f, 0xc9,
    0x1c, 0xc9, 0x1c, 0xc9, 0x34, 0xc9, 0x34, 0xc1,
    0x65, 0x81, 0xc4, 0x7, 0x4, 0x3,

    /* U+524D "前" */
    0x6, 0x6, 0x0, 0x61, 0x80, 0x8, 0x30, 0x7f,
    0xff, 0xf0, 0x0, 0x0, 0x7f, 0x3, 0x8, 0x26,
    0x61, 0x4, 0xcc, 0x20, 0x99, 0x87, 0xf3, 0x30,
    0x82, 0x66, 0x10, 0x4c, 0xc3, 0xf9, 0x98, 0x41,
    0x33, 0x8, 0x20, 0x61, 0x4, 0xc, 0x23, 0x87,
    0x84, 0x70, 0x60,

    /* U+5269 "剩" */
    0x0, 0x0, 0x8f, 0xe0, 0x4f, 0x80, 0x20, 0x40,
    0x97, 0xff, 0x48, 0x10, 0x24, 0x4b, 0x12, 0xa5,
    0x69, 0x72, 0xe4, 0x89, 0x42, 0x7c, 0xbd, 0x38,
    0xe0, 0x90, 0x78, 0x48, 0x76, 0x4, 0x69, 0x82,
    0xe4, 0x41, 0x62, 0x3, 0x81, 0x1, 0x80,

    /* U+5272 "割" */
    0x4, 0x0, 0x2, 0x0, 0xc1, 0x0, 0x7f, 0xfd,
    0x38, 0x6, 0x9c, 0x23, 0x4d, 0xfe, 0x26, 0x8,
    0x13, 0x7f, 0x89, 0xa2, 0x44, 0xc1, 0x2, 0x7f,
    0xfd, 0x30, 0x40, 0x9b, 0xfc, 0x4d, 0x2, 0x26,
    0x81, 0x3, 0x40, 0x81, 0xbf, 0xc3, 0xd0, 0x21,
    0xc0,

    /* U+529F "功" */
    0x0, 0x10, 0x0, 0x8, 0x0, 0x4, 0x1f, 0xe2,
    0x1, 0x81, 0x0, 0xc7, 0xfc, 0x60, 0x42, 0x30,
    0x21, 0x18, 0x10, 0x8c, 0x8, 0x46, 0x4, 0x23,
    0x4, 0x11, 0xf2, 0xf, 0xf3, 0x7, 0x81, 0x2,
    0x1, 0x83, 0x3, 0x8f, 0x81, 0x82, 0x0,

    /* U+52A1 "务" */
    0x6, 0x0, 0x1, 0x80, 0x0, 0xff, 0xe0, 0x78,
    0x30, 0x33, 0x18, 0x18, 0x6c, 0x0, 0xe, 0x0,
    0xf, 0xc0, 0x7f, 0x1f, 0xfe, 0x61, 0xe0, 0x18,
    0x0, 0xff, 0xf8, 0x1, 0x86, 0x0, 0xc1, 0x80,
    0x30, 0x60, 0x38, 0x18, 0x78, 0x3e, 0x18, 0x4,
    0x0,

    /* U+52A8 "动" */
    0x0, 0xc, 0x0, 0x6, 0x1f, 0xc3, 0x0, 0x1,
    0x80, 0x7, 0xf8, 0x0, 0x64, 0x0, 0x33, 0xff,
    0x19, 0x18, 0xc, 0x88, 0x6, 0x4c, 0xc3, 0x26,
    0x23, 0x16, 0x19, 0x8b, 0xfc, 0xc5, 0xe3, 0xc2,
    0x0, 0xc1, 0x0, 0xe7, 0x80, 0x61, 0x80,

    /* U+52B3 "劳" */
    0x6, 0x18, 0x1, 0x86, 0xf, 0xff, 0xfc, 0x18,
    0x60, 0x6, 0x18, 0x0, 0x0, 0x7, 0xff, 0xfd,
    0x82, 0x3, 0x60, 0xc0, 0xc0, 0x20, 0x1, 0xff,
    0xf0, 0x6, 0xc, 0x1, 0x82, 0x0, 0xc0, 0x80,
    0x60, 0x20, 0x70, 0x78, 0x70, 0x1e, 0x0, 0x0,
    0x0,

    /* U+52FF "勿" */
    0x6, 0x0, 0x6, 0x0, 0x2, 0x0, 0x3, 0xff,
    0xf3, 0x19, 0x8b, 0x8, 0xcf, 0xc, 0x46, 0x84,
    0x23, 0x6, 0x31, 0x86, 0x18, 0xce, 0x18, 0x6c,
    0x8, 0x20, 0xc, 0x10, 0xc, 0x8, 0x1c, 0xc,
    0x38, 0x3e, 0x8, 0xe, 0x0,

    /* U+5316 "化" */
    0x0, 0x60, 0x3, 0x18, 0x0, 0xc6, 0x0, 0x61,
    0x86, 0x18, 0x63, 0x8e, 0x18, 0xc7, 0x86, 0x61,
    0x61, 0xb0, 0xd8, 0x78, 0x6, 0x18, 0x1, 0x9e,
    0x0, 0x6d, 0x80, 0x1a, 0x60, 0x6, 0x18, 0x1,
    0x86, 0xc, 0x61, 0x83, 0x18, 0x7f, 0x86, 0x0,
    0x0,

    /* U+5317 "北" */
    0x2, 0x30, 0x0, 0x46, 0x0, 0x8, 0xc0, 0x1,
    0x18, 0x0, 0x23, 0x8, 0x4, 0x63, 0x9f, 0x8d,
    0xc0, 0x11, 0xe0, 0x2, 0x30, 0x0, 0x46, 0x0,
    0x8, 0xc0, 0x1, 0x18, 0x0, 0x23, 0x0, 0xc,
    0x60, 0x1f, 0x8c, 0x1b, 0x11, 0x86, 0x2, 0x1f,
    0x80, 0x40, 0x0,

    /* U+533A "区" */
    0xff, 0xff, 0xe0, 0x0, 0x30, 0x0, 0x18, 0x81,
    0xcc, 0xe0, 0xc6, 0x1c, 0xc3, 0x7, 0x61, 0x81,
    0xe0, 0xc0, 0x70, 0x60, 0x6c, 0x30, 0x63, 0x18,
    0x70, 0xcc, 0x60, 0x36, 0x60, 0x13, 0x0, 0x1,
    0x80, 0x0, 0xff, 0xff, 0x80,

    /* U+533B "医" */
    0xff, 0xff, 0xb0, 0x0, 0xc, 0x20, 0x3, 0xc,
    0x0, 0xc7, 0x0, 0x31, 0xff, 0xcc, 0xc6, 0x3,
    0x21, 0x80, 0xc0, 0x60, 0x37, 0xff, 0xec, 0xe,
    0x3, 0x3, 0xc0, 0xc1, 0x9c, 0x30, 0xc1, 0x8d,
    0xe0, 0x33, 0x30, 0x4, 0xc0, 0x0, 0x3f, 0xff,
    0xf0,

    /* U+533E "匾" */
    0xff, 0xff, 0xb0, 0x10, 0xc, 0x6, 0x3, 0x1f,
    0xfc, 0xc4, 0x1, 0x31, 0xff, 0xcc, 0x40, 0x3,
    0x10, 0x0, 0xc7, 0xff, 0xb1, 0x92, 0x2c, 0xff,
    0xfb, 0x29, 0x22, 0xda, 0x48, 0xb4, 0x92, 0x6c,
    0x0, 0x13, 0x0, 0x0, 0xff, 0xff, 0xc0,

    /* U+5341 "十" */
    0x0, 0xc0, 0x0, 0x30, 0x0, 0xc, 0x0, 0x3,
    0x0, 0x0, 0xc0, 0x0, 0x30, 0x0, 0xc, 0x3,
    0xff, 0xff, 0x0, 0xc0, 0x0, 0x30, 0x0, 0xc,
    0x0, 0x3, 0x0, 0x0, 0xc0, 0x0, 0x30, 0x0,
    0xc, 0x0, 0x3, 0x0, 0x0, 0xc0, 0x0, 0x30,
    0x0,

    /* U+5348 "午" */
    0x6, 0x0, 0x1, 0x0, 0x0, 0xc0, 0x0, 0x3f,
    0xfc, 0x18, 0x40, 0xc, 0x10, 0x2, 0x4, 0x1,
    0x81, 0x0, 0x0, 0x40, 0x0, 0x10, 0xf, 0xff,
    0xfc, 0x1, 0x0, 0x0, 0x40, 0x0, 0x10, 0x0,
    0x4, 0x0, 0x1, 0x0, 0x0, 0x40, 0x0, 0x10,
    0x0,

    /* U+5374 "却" */
    0x8, 0x0, 0x4, 0x0, 0x2, 0x7, 0xef, 0xe3,
    0x30, 0x81, 0x98, 0x40, 0xcc, 0x20, 0x67, 0xff,
    0x33, 0x10, 0x19, 0x8c, 0xc, 0xc4, 0x6, 0x64,
    0x63, 0x36, 0x31, 0x9e, 0x1c, 0xdf, 0xfb, 0x6d,
    0x1, 0x30, 0x0, 0x18, 0x0, 0xc, 0x0,

    /* U+5377 "卷" */
    0x0, 0xc0, 0xc, 0x21, 0x81, 0x88, 0xc0, 0x6,
    0x0, 0x7f, 0xff, 0x80, 0x40, 0x0, 0x30, 0x3,
    0xff, 0xff, 0x6, 0x8, 0x3, 0x3, 0x81, 0xff,
    0xfd, 0xf0, 0x2f, 0xec, 0x8, 0xd3, 0x2, 0x0,
    0xc7, 0x80, 0x30, 0x88, 0xc, 0x3, 0x1, 0xff,
    0x80,

    /* U+5378 "卸" */
    0x30, 0x0, 0x18, 0x0, 0xf, 0xe7, 0xec, 0x82,
    0x14, 0x41, 0xe, 0x20, 0x84, 0x10, 0x43, 0xff,
    0xa1, 0x4, 0x10, 0x92, 0x8, 0x49, 0xe4, 0x24,
    0x82, 0x12, 0x41, 0x9, 0x22, 0xbc, 0xff, 0x4d,
    0xf0, 0x20, 0x0, 0x10, 0x0, 0x8, 0x0,

    /* U+5382 "厂" */
    0x1f, 0xff, 0xe3, 0x0, 0x0, 0x60, 0x0, 0xc,
    0x0, 0x1, 0x80, 0x0, 0x30, 0x0, 0x6, 0x0,
    0x0, 0xc0, 0x0, 0x18, 0x0, 0x3, 0x0, 0x0,
    0x60, 0x0, 0x18, 0x0, 0x3, 0x0, 0x0, 0x60,
    0x0, 0x18, 0x0, 0x3, 0x0, 0x0,

    /* U+5386 "历" */
    0x3f, 0xff, 0x20, 0x0, 0x20, 0x40, 0x20, 0x40,
    0x20, 0x40, 0x20, 0x40, 0x2f, 0xff, 0x20, 0xc3,
    0x20, 0xc3, 0x20, 0xc3, 0x20, 0x83, 0x61, 0x83,
    0x61, 0x83, 0x43, 0x2, 0x46, 0xe, 0xdc, 0x1e,
    0x40, 0x0,

    /* U+5395 "厕" */
    0x3f, 0xff, 0xc8, 0x0, 0x2, 0x0, 0x8, 0x9f,
    0xc2, 0x24, 0x34, 0x89, 0x2d, 0x22, 0x4b, 0x48,
    0x92, 0xd2, 0x24, 0xb4, 0x89, 0x2d, 0x22, 0x4b,
    0x48, 0x92, 0xd2, 0x61, 0x4, 0x90, 0xd8, 0x24,
    0x63, 0xb, 0x30, 0x4e, 0x0, 0x3, 0x0,

    /* U+53CA "及" */
    0x3f, 0xfe, 0x0, 0x81, 0x0, 0x20, 0xc0, 0x8,
    0x20, 0x2, 0x18, 0x0, 0x87, 0xc0, 0x70, 0x30,
    0x14, 0x8, 0x4, 0x86, 0x3, 0x31, 0x0, 0x86,
    0xc0, 0x60, 0xe0, 0x30, 0x38, 0x8, 0x3b, 0x8e,
    0x78, 0x3d, 0x38, 0x3,

    /* U+53CB "友" */
    0x1, 0x80, 0x0, 0x30, 0x0, 0x6, 0x0, 0x3f,
    0xff, 0xe0, 0x18, 0x0, 0x2, 0x0, 0x0, 0xc0,
    0x0, 0x1f, 0xf0, 0x3, 0x6, 0x0, 0xe0, 0xc0,
    0x36, 0x30, 0x6, 0x66, 0x1, 0x87, 0x80, 0x60,
    0xe0, 0x38, 0x3f, 0x2, 0x1e, 0x7e, 0xf, 0x1,
    0xc1, 0x0, 0x0,

    /* U+53D1 "发" */
    0x0, 0x80, 0x6, 0x33, 0x1, 0x88, 0x60, 0x46,
    0x18, 0x31, 0x80, 0xf, 0xff, 0xe0, 0x10, 0x0,
    0xc, 0x0, 0x2, 0x0, 0x1, 0xff, 0x80, 0xf0,
    0x60, 0x34, 0x10, 0x19, 0x8c, 0xc, 0x36, 0x6,
    0x7, 0x3, 0x3, 0xe0, 0x7, 0x9f, 0x7, 0x80,
    0xe0,

    /* U+53D6 "取" */
    0xff, 0x80, 0x8, 0x4f, 0xe2, 0x13, 0x18, 0x84,
    0xc6, 0x3f, 0x31, 0x8, 0x4c, 0x42, 0x11, 0x30,
    0x84, 0x4c, 0x3f, 0x1a, 0x8, 0x47, 0x82, 0x10,
    0xc0, 0x87, 0x30, 0x3f, 0x1e, 0x3c, 0x46, 0xc4,
    0x13, 0x1c, 0x5, 0x82, 0x1, 0x0, 0x0,

    /* U+53D7 "受" */
    0x0, 0xfe, 0x7f, 0xf0, 0x0, 0x84, 0x19, 0x8c,
    0x18, 0xc8, 0x0, 0x18, 0xff, 0xff, 0xc0, 0x1,
    0xc0, 0x1, 0x1f, 0xf8, 0x4, 0x18, 0x6, 0x30,
    0x2, 0x30, 0x3, 0x60, 0x1, 0xc0, 0x7, 0xf0,
    0x7c, 0x1f,

    /* U+53E3 "口" */
    0xff, 0xff, 0x0, 0x3c, 0x0, 0xf0, 0x3, 0xc0,
    0xf, 0x0, 0x3c, 0x0, 0xf0, 0x3, 0xc0, 0xf,
    0x0, 0x3c, 0x0, 0xf0, 0x3, 0xff, 0xff, 0x0,
    0x3c, 0x0, 0xc0,

    /* U+53E5 "句" */
    0x6, 0x0, 0x6, 0x0, 0x3, 0x0, 0x3, 0xff,
    0xf3, 0x0, 0x1b, 0x0, 0xf, 0x0, 0x6, 0x3f,
    0xe3, 0x18, 0x31, 0x8c, 0x18, 0xc6, 0xc, 0x63,
    0x6, 0x31, 0xff, 0x18, 0xc1, 0x88, 0x60, 0xcc,
    0x0, 0x6, 0x0, 0xf, 0x0, 0x7, 0x0,

    /* U+53EA "只" */
    0x1f, 0xfe, 0x6, 0x1, 0x81, 0x80, 0x60, 0x60,
    0x18, 0x18, 0x6, 0x6, 0x1, 0x81, 0x80, 0x60,
    0x60, 0x18, 0x1f, 0xfe, 0x0, 0x0, 0x0, 0x21,
    0x0, 0x18, 0x60, 0xc, 0xc, 0x6, 0x1, 0x83,
    0x0, 0x31, 0x80, 0x6, 0x40, 0x0, 0x0,

    /* U+53EF "可" */
    0xff, 0xff, 0xc0, 0x1, 0x80, 0x0, 0x60, 0x7f,
    0x18, 0x10, 0xc6, 0x4, 0x31, 0x81, 0xc, 0x60,
    0x43, 0x18, 0x10, 0xc6, 0x7, 0xf1, 0x81, 0xc,
    0x60, 0x40, 0x18, 0x0, 0x6, 0x0, 0x1, 0x80,
    0x3, 0xe0, 0x0, 0xe0,

    /* U+53F0 "台" */
    0x6, 0x0, 0x6, 0x0, 0xc, 0x20, 0x18, 0x30,
    0x30, 0x18, 0x70, 0x1c, 0xff, 0xfe, 0xff, 0xff,
    0x80, 0x2, 0x0, 0x0, 0x7f, 0xfc, 0x60, 0xc,
    0x60, 0xc, 0x60, 0xc, 0x60, 0xc, 0x7f, 0xfc,
    0x60, 0xc, 0x60, 0xc,

    /* U+53F2 "史" */
    0x0, 0x60, 0x0, 0xc, 0x0, 0x1, 0x80, 0x1f,
    0xff, 0xc3, 0x6, 0x18, 0x60, 0xc3, 0xc, 0x18,
    0x61, 0x83, 0xc, 0x3f, 0xff, 0x80, 0xc, 0x0,
    0x61, 0x80, 0x6, 0x30, 0x0, 0x6c, 0x0, 0xf,
    0x80, 0x0, 0xf0, 0x0, 0x1f, 0x0, 0xf, 0x78,
    0x1f, 0x1, 0xfc,

    /* U+53F7 "号" */
    0x1f, 0xfe, 0x6, 0x1, 0x81, 0x80, 0x60, 0x60,
    0x18, 0x1f, 0xfe, 0x0, 0x0, 0x0, 0x0, 0x3,
    0xff, 0xff, 0x4, 0x0, 0x1, 0x0, 0x0, 0xc0,
    0x0, 0x3f, 0xf8, 0x0, 0x6, 0x0, 0x1, 0x80,
    0x0, 0x60, 0x0, 0x10, 0x0, 0x7c, 0x0,

    /* U+5408 "合" */
    0x0, 0x80, 0x0, 0x30, 0x0, 0x1c, 0x0, 0x5,
    0x80, 0x3, 0x30, 0x1, 0x86, 0x1, 0xc0, 0xe0,
    0xc0, 0xe, 0xe7, 0xf8, 0xd0, 0x0, 0x0, 0x0,
    0x0, 0x7f, 0xf8, 0x18, 0x6, 0x6, 0x1, 0x81,
    0x80, 0x60, 0x60, 0x18, 0x1f, 0xfe, 0x6, 0x1,
    0x81, 0x80, 0x60,

    /* U+540C "同" */
    0xff, 0xff, 0xe0, 0x0, 0xf0, 0x0, 0x7b, 0xff,
    0x3c, 0x0, 0x1e, 0x0, 0xf, 0x0, 0x7, 0x9f,
    0xe3, 0xcc, 0x21, 0xe6, 0x10, 0xf3, 0x8, 0x79,
    0x84, 0x3c, 0xff, 0x1e, 0x0, 0xf, 0x0, 0x7,
    0x80, 0x1f, 0xc0, 0x7, 0x0,

    /* U+540D "名" */
    0x0, 0x0, 0x1, 0x80, 0x1, 0x80, 0x0, 0xff,
    0xe0, 0xc0, 0x60, 0xd0, 0x70, 0xdc, 0x70, 0x43,
    0x30, 0x0, 0xf0, 0x0, 0x70, 0x0, 0xe0, 0x1,
    0xff, 0xf7, 0xc0, 0x1b, 0x20, 0xc, 0x10, 0x6,
    0x8, 0x3, 0x7, 0xff, 0x82, 0x0, 0xc1, 0x0,
    0x60,

    /* U+540E "后" */
    0x0, 0x0, 0x0, 0x3, 0xf0, 0x7f, 0xe0, 0xc,
    0x0, 0x1, 0x80, 0x0, 0x30, 0x0, 0x7, 0xff,
    0xf8, 0xc0, 0x0, 0x18, 0x0, 0x3, 0x7f, 0xf0,
    0x6c, 0x2, 0xd, 0x80, 0x43, 0x30, 0x8, 0x66,
    0x1, 0xc, 0xc0, 0x23, 0x1f, 0xfc, 0x63, 0x0,
    0x80, 0x60, 0x10,

    /* U+5426 "否" */
    0x7f, 0xff, 0x80, 0x30, 0x0, 0x18, 0x0, 0xe,
    0x60, 0xe, 0x9e, 0xf, 0x21, 0xef, 0x8, 0x3f,
    0x2, 0x3, 0x0, 0x80, 0x7, 0xff, 0x81, 0x0,
    0x20, 0x40, 0x8, 0x10, 0x2, 0x4, 0x0, 0x81,
    0xff, 0xe0, 0x40, 0x8, 0x10, 0x2, 0x0,

    /* U+542C "听" */
    0x0, 0x1f, 0xbf, 0x3f, 0xc, 0xc8, 0x3, 0x32,
    0x0, 0xcc, 0x80, 0x33, 0x20, 0xc, 0xcf, 0xff,
    0x32, 0x18, 0xcc, 0x86, 0x33, 0x21, 0x8c, 0xc8,
    0x63, 0xf2, 0x18, 0xcd, 0x6, 0x30, 0x41, 0x80,
    0x30, 0x60, 0x18, 0x18, 0xe, 0x6, 0x1, 0x1,
    0x80,

    /* U+542F "启" */
    0x0, 0x40, 0x0, 0xc0, 0x0, 0x60, 0x1f, 0xff,
    0x10, 0x3, 0x10, 0x3, 0x10, 0x3, 0x10, 0x3,
    0x1f, 0xff, 0x10, 0x0, 0x10, 0x0, 0x37, 0xff,
    0x34, 0x3, 0x34, 0x3, 0x24, 0x3, 0x64, 0x3,
    0x67, 0xff, 0xc4, 0x3, 0x44, 0x3,

    /* U+5468 "周" */
    0x3f, 0xff, 0x20, 0x81, 0x20, 0x81, 0x27, 0xf1,
    0x20, 0x81, 0x20, 0x81, 0x2f, 0xf9, 0x20, 0x1,
    0x20, 0x1, 0x27, 0xf1, 0x24, 0x11, 0x24, 0x11,
    0x64, 0x11, 0x47, 0xf1, 0x40, 0x1, 0xc0, 0x1,
    0xc0, 0xf,

    /* U+547D "命" */
    0x0, 0x40, 0x0, 0x30, 0x0, 0x1e, 0x0, 0xc,
    0xc0, 0x6, 0x1c, 0x7, 0x1, 0xc7, 0x3f, 0x9d,
    0x0, 0x0, 0x1f, 0xbf, 0x4, 0x6c, 0x41, 0x1b,
    0x10, 0x46, 0xc4, 0x11, 0xb1, 0x7, 0xec, 0x41,
    0x1b, 0x70, 0x40, 0xd8, 0x0, 0x30, 0x0, 0xc,
    0x0,

    /* U+54CD "响" */
    0x0, 0x60, 0x0, 0x20, 0x3e, 0x10, 0x1f, 0x7f,
    0xf8, 0xb0, 0x1c, 0x58, 0xe, 0x2d, 0xe7, 0x16,
    0x93, 0x8b, 0x49, 0xc5, 0xa4, 0xe2, 0xd2, 0x71,
    0x69, 0x3f, 0xb7, 0x9c, 0x58, 0xe, 0xc, 0x6,
    0x6, 0x3, 0x3, 0x7, 0x81, 0x83, 0x0,

    /* U+5524 "唤" */
    0x0, 0x60, 0x0, 0x18, 0xf, 0x8f, 0xe2, 0x26,
    0x10, 0x8b, 0xc, 0x22, 0x7f, 0xc8, 0x91, 0x12,
    0x24, 0x44, 0x89, 0x11, 0x22, 0x44, 0x48, 0x91,
    0x13, 0xff, 0xff, 0x88, 0x38, 0x22, 0xb, 0x8,
    0x6, 0x40, 0x3, 0x1c, 0x7, 0x83, 0x80, 0x80,
    0x20,

    /* U+55E3 "嗣" */
    0x7f, 0x3f, 0xb1, 0x80, 0x58, 0xc0, 0x2f, 0xe7,
    0xd0, 0x0, 0x8, 0x0, 0x7, 0xfe, 0xfb, 0x29,
    0x6d, 0x94, 0xb6, 0xca, 0x5b, 0x7f, 0xed, 0xb2,
    0x97, 0xd9, 0x4b, 0x6c, 0xa4, 0x6, 0x2, 0x3,
    0x7, 0x7, 0x0, 0x2, 0x0,

    /* U+5668 "器" */
    0x3f, 0x3f, 0x84, 0x24, 0x30, 0x84, 0x86, 0x10,
    0x90, 0xc3, 0xf3, 0xf8, 0x1, 0x88, 0x0, 0x31,
    0x3, 0xff, 0xfe, 0x1, 0xa0, 0x0, 0xe3, 0x83,
    0xf0, 0x3f, 0x30, 0x0, 0x63, 0xf3, 0xf8, 0x42,
    0x43, 0x8, 0x48, 0x61, 0xf9, 0xfc, 0x21, 0x21,
    0x84, 0x24, 0x30,

    /* U+56DB "四" */
    0xff, 0xff, 0xc2, 0x43, 0xc2, 0x43, 0xc2, 0x43,
    0xc2, 0x43, 0xc2, 0x43, 0xc4, 0x43, 0xc4, 0x43,
    0xcc, 0x43, 0xd8, 0x7b, 0xd0, 0x3, 0xc0, 0x3,
    0xc0, 0x3, 0xc0, 0x3, 0xff, 0xff, 0xc0, 0x3,
    0xc0, 0x3,

    /* U+56DE "回" */
    0xff, 0xff, 0x0, 0x6, 0x0, 0xc, 0x0, 0x18,
    0xfe, 0x31, 0x4, 0x62, 0x8, 0xc4, 0x11, 0x88,
    0x23, 0x1f, 0xc6, 0x0, 0xc, 0x0, 0x18, 0x0,
    0x30, 0x0, 0x7f, 0xff, 0xc0, 0x1,

    /* U+56FD "国" */
    0xff, 0xff, 0xc0, 0x1, 0xc0, 0x1, 0xcf, 0xf9,
    0xc0, 0x81, 0xc0, 0x81, 0xc0, 0x81, 0xcf, 0xf9,
    0xc0, 0x81, 0xc0, 0xb1, 0xc0, 0x91, 0xcf, 0xfd,
    0xc0, 0x1, 0xc0, 0x1, 0xc0, 0x1, 0xff, 0xff,
    0xc0, 0x1,

    /* U+571F "土" */
    0x0, 0xc0, 0x0, 0x30, 0x0, 0xc, 0x0, 0x3,
    0x0, 0x0, 0xc0, 0x0, 0x30, 0x7, 0xff, 0xf8,
    0x3, 0x0, 0x0, 0xc0, 0x0, 0x30, 0x0, 0xc,
    0x0, 0x3, 0x0, 0x0, 0xc0, 0x0, 0x30, 0x0,
    0xc, 0x0, 0x3, 0x0, 0xff, 0xff, 0xc0,

    /* U+5728 "在" */
    0x1, 0x80, 0x0, 0x60, 0x0, 0x10, 0x1, 0xff,
    0xff, 0x3, 0x0, 0x1, 0x8c, 0x0, 0x61, 0x0,
    0x70, 0x40, 0x18, 0x10, 0xe, 0xff, 0xe7, 0x81,
    0x3, 0x60, 0x40, 0x18, 0x10, 0x6, 0x4, 0x1,
    0x81, 0x0, 0x60, 0x40, 0x1b, 0xff, 0xc6, 0x0,
    0x0,

    /* U+5730 "地" */
    0x18, 0xc, 0x6, 0x3, 0x1, 0x88, 0xc0, 0x62,
    0x30, 0x18, 0x8d, 0x9f, 0xa3, 0xe7, 0xef, 0xc8,
    0x6f, 0x32, 0x19, 0x8c, 0x86, 0x23, 0x21, 0x88,
    0xc8, 0x62, 0x3e, 0x1a, 0x8d, 0x7, 0xa3, 0xf,
    0x88, 0x5, 0x2, 0x3, 0x0, 0xff, 0x80,

    /* U+5740 "址" */
    0x18, 0x6, 0x1, 0x80, 0x60, 0x18, 0x6, 0x1,
    0x80, 0x60, 0x18, 0xc6, 0x7, 0xec, 0x60, 0x7e,
    0xc7, 0xe1, 0x8c, 0x60, 0x18, 0xc6, 0x1, 0x8c,
    0x60, 0x18, 0xc6, 0x1, 0x8c, 0x60, 0x1a, 0xc6,
    0x1, 0xec, 0x60, 0xfc, 0xc6, 0x6, 0xc, 0x60,
    0x7, 0xff, 0xf0,

    /* U+574F "坏" */
    0x18, 0x0, 0x6, 0x0, 0x1, 0x9f, 0xfc, 0x60,
    0x30, 0x18, 0x8, 0x3f, 0xc2, 0x1, 0x81, 0x80,
    0x60, 0x6c, 0x18, 0x39, 0x6, 0xa, 0x61, 0x86,
    0x88, 0x7f, 0x23, 0x7d, 0x88, 0x78, 0xc2, 0x0,
    0x10, 0x80, 0x0, 0x20, 0x0, 0x8, 0x0, 0x2,
    0x0,

    /* U+575F "坟" */
    0x0, 0x10, 0x4, 0xc, 0x1, 0x1, 0x80, 0x40,
    0x0, 0x11, 0xff, 0xc4, 0x30, 0xcf, 0xc4, 0x20,
    0x41, 0x8, 0x10, 0x46, 0x4, 0x19, 0x81, 0x2,
    0x40, 0x40, 0xf0, 0x16, 0x1c, 0xf, 0x6, 0xe,
    0x7, 0xe0, 0x3, 0x9e, 0x7, 0xc1, 0xc0, 0xc0,
    0x30,

    /* U+578B "型" */
    0x0, 0x1, 0x3f, 0xe8, 0x84, 0xc4, 0x42, 0x62,
    0x21, 0x31, 0x17, 0xfe, 0x88, 0x4c, 0x44, 0x66,
    0x22, 0x23, 0x1, 0x31, 0x80, 0xb8, 0x1, 0xc8,
    0x30, 0xc0, 0x18, 0x1, 0xff, 0xf0, 0x6, 0x0,
    0x3, 0x0, 0x1, 0x80, 0x7f, 0xff, 0xc0,

    /* U+57A3 "垣" */
    0x10, 0x0, 0x4, 0x7f, 0xe1, 0x0, 0x0, 0x40,
    0x0, 0x10, 0xff, 0x1f, 0xa0, 0x41, 0x8, 0x10,
    0x42, 0x4, 0x10, 0x81, 0x4, 0x3f, 0xc1, 0x8,
    0x10, 0x42, 0x4, 0x10, 0x81, 0x7, 0x3f, 0xc7,
    0x80, 0x1, 0x0, 0x0, 0x3, 0xff, 0xc0,

    /* U+57DF "域" */
    0x20, 0x1b, 0x8, 0x2, 0x62, 0x0, 0x80, 0x9f,
    0xff, 0x20, 0x8, 0x3e, 0x2, 0x2, 0x3c, 0x98,
    0x89, 0x26, 0x22, 0x49, 0x8, 0x92, 0x42, 0x24,
    0xf0, 0x8f, 0x18, 0x38, 0x6, 0x1c, 0x11, 0x8c,
    0x1c, 0xe4, 0x1c, 0x6f, 0x0, 0x71, 0x80, 0x8,
    0x0,

    /* U+57FA "基" */
    0x4, 0x8, 0x1, 0x2, 0x3, 0xff, 0xf0, 0x10,
    0x20, 0x7, 0xf8, 0x1, 0x2, 0x0, 0x40, 0x80,
    0x1f, 0xe0, 0x4, 0x8, 0x1f, 0xff, 0xf0, 0x40,
    0x80, 0x33, 0x10, 0x38, 0xc3, 0x3d, 0xfe, 0x74,
    0xc, 0x8, 0x3, 0x0, 0x0, 0xc0, 0xf, 0xff,
    0xc0,

    /* U+5824 "堤" */
    0x10, 0x0, 0x4, 0x3f, 0xe1, 0xc, 0x8, 0x43,
    0x2, 0x10, 0xff, 0xbf, 0x30, 0x2f, 0xcc, 0x8,
    0x43, 0xfe, 0x10, 0x0, 0x4, 0x0, 0x1, 0x3f,
    0xfc, 0x40, 0x60, 0x1c, 0xd8, 0x1e, 0x27, 0xee,
    0x1d, 0x81, 0x5, 0x60, 0x3, 0x78, 0x1, 0x8e,
    0x0, 0x40, 0xfc,

    /* U+5851 "塑" */
    0x11, 0x80, 0x2, 0x61, 0xf8, 0x8, 0x23, 0x7f,
    0xe4, 0x60, 0x40, 0xfc, 0x49, 0x11, 0x89, 0x22,
    0x31, 0xfc, 0x7e, 0xc, 0x98, 0xc1, 0x6, 0x38,
    0xe0, 0xc7, 0x18, 0x0, 0x0, 0xc, 0x0, 0x3f,
    0xff, 0x0, 0x30, 0x0, 0x6, 0x0, 0x0, 0xc0,
    0x1f, 0xff, 0xfc,

    /* U+585E "塞" */
    0x1, 0x80, 0x0, 0x40, 0x1f, 0xff, 0xc8, 0x0,
    0x24, 0x22, 0x10, 0xff, 0xe0, 0x8, 0x80, 0x4,
    0x40, 0x1f, 0xfc, 0x1, 0x10, 0x1f, 0xff, 0xc0,
    0xc6, 0x0, 0xc9, 0x81, 0xc4, 0x7b, 0xbf, 0xce,
    0x1, 0x0, 0x0, 0x80, 0x0, 0x40, 0x1f, 0xff,
    0x80,

    /* U+5899 "墙" */
    0x10, 0x1c, 0x4, 0x6, 0x1, 0x1f, 0xf8, 0x42,
    0x64, 0x10, 0xd9, 0x1f, 0x36, 0x41, 0x3f, 0xfc,
    0x40, 0x0, 0x10, 0x0, 0x4, 0x7f, 0xe1, 0x10,
    0x8, 0x44, 0xfa, 0x1d, 0x22, 0x9c, 0x4f, 0xa6,
    0x10, 0x8, 0x4, 0x2, 0x1, 0xff, 0x80, 0x40,
    0x20,

    /* U+5904 "处" */
    0xc, 0xc, 0x1, 0x81, 0x80, 0x30, 0x30, 0x7,
    0xe6, 0x1, 0x84, 0xd0, 0x21, 0x9b, 0xe, 0x33,
    0x31, 0xc6, 0x67, 0x68, 0x8c, 0x69, 0xb1, 0x80,
    0x1e, 0x30, 0x3, 0x86, 0x0, 0x30, 0xc0, 0xf,
    0x18, 0x3, 0x30, 0x0, 0xc3, 0x80, 0x70, 0x3f,
    0xec, 0x0, 0x78,

    /* U+5907 "备" */
    0x6, 0x0, 0x2, 0x0, 0x3, 0xff, 0x3, 0x1,
    0x3, 0xc1, 0x83, 0x19, 0x80, 0x7, 0x80, 0x7,
    0xc0, 0x1e, 0x3f, 0xf8, 0x3, 0xc7, 0xff, 0x2,
    0x10, 0x81, 0x8, 0x40, 0xff, 0xe0, 0x42, 0x10,
    0x21, 0x8, 0x1f, 0xfc, 0x8, 0x2, 0x0,

    /* U+590D "复" */
    0x4, 0x0, 0x3, 0x0, 0x1, 0xff, 0xf8, 0xe0,
    0x0, 0x6f, 0xfe, 0x12, 0x0, 0x80, 0xff, 0xe0,
    0x20, 0x8, 0x8, 0x2, 0x3, 0xff, 0x80, 0x60,
    0x0, 0x1f, 0xf0, 0x1a, 0xc, 0xd, 0xc6, 0x0,
    0x1f, 0x0, 0x7, 0xc0, 0x7f, 0x1f, 0xcc, 0x0,
    0x60,

    /* U+590F "夏" */
    0xff, 0xff, 0x80, 0x60, 0x0, 0x18, 0x0, 0xff,
    0xf8, 0x30, 0x6, 0xf, 0xff, 0x83, 0x0, 0x60,
    0xff, 0xf8, 0x30, 0x6, 0xf, 0xff, 0x80, 0x40,
    0x0, 0x7f, 0xf0, 0x3c, 0x18, 0x19, 0x8c, 0x0,
    0x1e, 0x0, 0xf, 0xc0, 0xfe, 0x1f, 0xb8, 0x0,
    0x60,

    /* U+591A "多" */
    0x2, 0x0, 0x3, 0x0, 0x3, 0xff, 0x6, 0x3,
    0x6, 0x43, 0x2, 0x33, 0x0, 0xf, 0x0, 0x7,
    0xc0, 0x1e, 0xe0, 0x78, 0xff, 0x80, 0xc0, 0xc1,
    0xd0, 0xc3, 0x9c, 0xc0, 0x6, 0xe0, 0x0, 0xc0,
    0x3, 0xc0, 0xff, 0x80, 0x3c, 0x0, 0x0,

    /* U+5927 "大" */
    0x0, 0xc0, 0x0, 0x30, 0x0, 0xc, 0x0, 0x3,
    0x0, 0x0, 0xc0, 0x1f, 0xff, 0xf0, 0xc, 0x0,
    0x3, 0x80, 0x1, 0xe0, 0x0, 0x6c, 0x0, 0x33,
    0x0, 0x1c, 0x60, 0xe, 0xc, 0x7, 0x1, 0x87,
    0x80, 0x3b, 0x80, 0x7, 0x40, 0x0, 0x80,

    /* U+5929 "天" */
    0x1f, 0xff, 0x80, 0x6, 0x0, 0x0, 0x60, 0x0,
    0x6, 0x0, 0x0, 0x60, 0x0, 0x6, 0x0, 0x3f,
    0xff, 0xe0, 0x6, 0x0, 0x0, 0xf0, 0x0, 0xd,
    0x0, 0x1, 0x98, 0x0, 0x18, 0xc0, 0x3, 0xe,
    0x0, 0xe0, 0x70, 0x1c, 0x3, 0xc7, 0x80, 0xe,
    0x20, 0x0, 0x0,

    /* U+5931 "失" */
    0x0, 0xc0, 0x8, 0x60, 0x6, 0x30, 0x2, 0x18,
    0x3, 0xff, 0xf3, 0x6, 0x1, 0x83, 0x0, 0x81,
    0x0, 0x0, 0x80, 0x7f, 0xff, 0xc0, 0x70, 0x0,
    0x3c, 0x0, 0x33, 0x0, 0x30, 0xc0, 0x70, 0x38,
    0xf0, 0xf, 0xe0, 0x1, 0x80, 0x0, 0x0,

    /* U+5934 "头" */
    0x0, 0x0, 0x0, 0xc, 0x1, 0xc3, 0x0, 0x18,
    0x80, 0x3, 0x20, 0x0, 0x8, 0x7, 0x2, 0x0,
    0xf0, 0x80, 0x8, 0x20, 0x0, 0x8, 0xf, 0xff,
    0xfc, 0x1, 0x0, 0x0, 0xc0, 0x0, 0x66, 0x0,
    0x30, 0xe0, 0x38, 0x1c, 0x3c, 0x1, 0xdc, 0x0,
    0x20,

    /* U+5939 "夹" */
    0x0, 0x80, 0x0, 0x40, 0x0, 0x20, 0xf, 0xff,
    0xe0, 0x8, 0x40, 0xc4, 0x30, 0x62, 0x30, 0x19,
    0x18, 0x8, 0x88, 0x7f, 0xff, 0xc0, 0x30, 0x0,
    0x24, 0x0, 0x33, 0x0, 0x30, 0xc0, 0x30, 0x30,
    0x70, 0xe, 0x60, 0x3, 0x80,

    /* U+597D "好" */
    0x18, 0x0, 0x6, 0x0, 0x1, 0x8f, 0xf8, 0x40,
    0xc, 0xff, 0x6, 0xc, 0xc3, 0x3, 0x30, 0x80,
    0x88, 0x20, 0x22, 0x8, 0x19, 0xbf, 0xf6, 0x60,
    0x80, 0xd0, 0x20, 0x1c, 0x8, 0x7, 0x82, 0x3,
    0x30, 0x81, 0x84, 0x20, 0xc0, 0x78, 0x0, 0xc,
    0x0,

    /* U+5982 "如" */
    0x8, 0x0, 0x18, 0x0, 0x18, 0x0, 0x18, 0x3f,
    0xff, 0x21, 0x11, 0x21, 0x33, 0x21, 0x23, 0x21,
    0x23, 0x21, 0x62, 0x21, 0x62, 0x21, 0x3e, 0x21,
    0xe, 0x21, 0xf, 0xbf, 0x19, 0xa1, 0x70, 0x21,
    0xe0, 0x21, 0x0, 0x0,

    /* U+59CB "始" */
    0x30, 0x18, 0xc, 0xc, 0x3, 0x2, 0x0, 0x81,
    0x88, 0xfe, 0x43, 0x9, 0xb0, 0x66, 0x5f, 0xfd,
    0x97, 0x1, 0x44, 0x0, 0x13, 0x0, 0xc, 0xcf,
    0xf9, 0xa3, 0x6, 0x38, 0xc1, 0x87, 0x30, 0x63,
    0x6c, 0x19, 0x83, 0xfe, 0xc0, 0xc1, 0xb0, 0x30,
    0x60,

    /* U+5A36 "娶" */
    0xff, 0xff, 0x8c, 0x66, 0x63, 0xf9, 0x98, 0xc6,
    0x24, 0x31, 0x8f, 0xf, 0xe1, 0x83, 0x18, 0x60,
    0xff, 0x7e, 0xe1, 0xb0, 0xc0, 0x40, 0x0, 0x30,
    0x3, 0xff, 0xff, 0x6, 0x18, 0x3, 0x84, 0x0,
    0x1f, 0x0, 0x3, 0x78, 0xf, 0x3, 0xcf, 0x0,
    0x20,

    /* U+5A5A "婚" */
    0x10, 0x7, 0x4, 0x3f, 0x83, 0x8, 0xc0, 0xc2,
    0x30, 0xfe, 0xff, 0x8d, 0xa1, 0x82, 0x68, 0x60,
    0x9b, 0xca, 0x24, 0xe3, 0xd9, 0x20, 0x76, 0x47,
    0xf0, 0xf1, 0x4, 0x1c, 0x41, 0x3, 0x9f, 0xc1,
    0xb4, 0x10, 0xc5, 0x4, 0x60, 0x7f, 0x0, 0x10,
    0x40,

    /* U+5A7F "婿" */
    0x10, 0x0, 0x6, 0x7f, 0xe1, 0x80, 0x90, 0x43,
    0x20, 0x7e, 0x8f, 0xc, 0xb2, 0x3, 0x3f, 0x80,
    0x9c, 0x7e, 0x27, 0x0, 0x19, 0x3f, 0xc6, 0x48,
    0x10, 0xf3, 0xfc, 0xc, 0x81, 0x7, 0xa0, 0x43,
    0xf, 0xf1, 0x82, 0x4, 0xc0, 0x81, 0x0, 0x20,
    0xc0,

    /* U+5AC1 "嫁" */
    0x10, 0x18, 0x4, 0x6, 0x3, 0x1f, 0xf8, 0xc4,
    0x2, 0xfd, 0x0, 0x89, 0x3f, 0xc2, 0x42, 0x0,
    0x93, 0xc4, 0x65, 0x97, 0x11, 0x4f, 0x86, 0x86,
    0xa0, 0xe6, 0x7c, 0x1d, 0x3d, 0x5, 0x9b, 0x63,
    0xc, 0xcd, 0x86, 0x30, 0x41, 0x38, 0x0, 0x0,
    0x0,

    /* U+5B57 "字" */
    0x0, 0x0, 0x3, 0x80, 0x0, 0xc0, 0x1f, 0xff,
    0xe8, 0x0, 0x14, 0x0, 0x8, 0x0, 0x0, 0x7f,
    0xf0, 0x0, 0x30, 0x0, 0x70, 0x0, 0x60, 0x0,
    0x30, 0xf, 0xff, 0xf8, 0xc, 0x0, 0x6, 0x0,
    0x3, 0x0, 0x1, 0x80, 0x7, 0xc0, 0x1, 0xc0,
    0x0,

    /* U+5B58 "存" */
    0x1, 0x0, 0x0, 0x60, 0x0, 0x10, 0x1, 0xff,
    0xfe, 0x2, 0x0, 0x1, 0x80, 0x0, 0x5f, 0xf0,
    0x60, 0xc, 0x18, 0xe, 0xe, 0x6, 0xd, 0x81,
    0x80, 0x6f, 0xff, 0x18, 0x18, 0x6, 0x6, 0x1,
    0x81, 0x80, 0x60, 0x60, 0x18, 0x18, 0x6, 0xc,
    0x0,

    /* U+5B66 "学" */
    0x0, 0x4, 0x8, 0xe1, 0x83, 0x18, 0x40, 0x63,
    0x30, 0x10, 0x18, 0x3f, 0xff, 0xec, 0x0, 0x1b,
    0x0, 0x6, 0x0, 0x0, 0x7, 0xff, 0x0, 0x3,
    0x80, 0x3, 0x80, 0x0, 0xc0, 0x3f, 0xff, 0xf0,
    0xc, 0x0, 0x3, 0x0, 0x0, 0xc0, 0x1, 0xf0,
    0x0, 0x38, 0x0,

    /* U+5B81 "宁" */
    0x0, 0x80, 0x0, 0x60, 0x0, 0x30, 0x1f, 0xff,
    0xfc, 0x0, 0x1e, 0x0, 0xc, 0x0, 0x0, 0x0,
    0x0, 0xff, 0xff, 0x80, 0x60, 0x0, 0x30, 0x0,
    0x18, 0x0, 0xc, 0x0, 0x6, 0x0, 0x3, 0x0,
    0x1, 0x80, 0x3, 0xc0, 0x1, 0xc0, 0x0,

    /* U+5B85 "宅" */
    0x1, 0x0, 0x1, 0x80, 0x1, 0x0, 0xff, 0xff,
    0xc0, 0x1, 0xc0, 0x19, 0x3, 0xfc, 0x3f, 0x0,
    0x1, 0x0, 0x1, 0x0, 0x1, 0xff, 0xff, 0xc0,
    0x1, 0x0, 0x1, 0x0, 0x1, 0x1, 0x1, 0x1,
    0x1, 0x1, 0x1, 0xff,

    /* U+5B89 "安" */
    0x1, 0x0, 0x0, 0xc0, 0x0, 0x20, 0xf, 0xff,
    0xe6, 0x0, 0x33, 0x18, 0x18, 0xc, 0x0, 0xc,
    0x0, 0xff, 0xff, 0x86, 0xc, 0x2, 0x6, 0x3,
    0x86, 0x0, 0x7e, 0x0, 0x7, 0x80, 0xe, 0x70,
    0x3c, 0xe, 0x78, 0x1, 0x0, 0x0, 0x0,

    /* U+5B8C "完" */
    0x1, 0x80, 0x0, 0x30, 0xf, 0xff, 0xfb, 0x0,
    0x6, 0xc0, 0x1, 0x80, 0x0, 0x1, 0xff, 0xc0,
    0x0, 0x0, 0x0, 0x0, 0x3f, 0xff, 0xf0, 0x63,
    0x0, 0x18, 0xc0, 0x6, 0x30, 0x1, 0xc, 0x0,
    0xc3, 0x10, 0x60, 0xc7, 0x38, 0x31, 0xf8, 0xf,
    0xe4, 0x0, 0x0,

    /* U+5B9A "定" */
    0x0, 0xc0, 0x0, 0x1c, 0x0, 0x1, 0x0, 0x1f,
    0xff, 0xe3, 0x0, 0xc, 0x60, 0x1, 0x83, 0xff,
    0xc0, 0x3, 0x0, 0x0, 0x60, 0x0, 0x8c, 0x0,
    0x11, 0x80, 0x6, 0x3f, 0xc0, 0xc6, 0x0, 0x38,
    0xc0, 0x7, 0x98, 0x1, 0x9f, 0x0, 0x61, 0xff,
    0xec, 0xf, 0xf8,

    /* U+5B9C "宜" */
    0x1, 0x80, 0x0, 0x18, 0x3, 0xff, 0xff, 0x60,
    0x0, 0x6c, 0x0, 0xd, 0x80, 0x1, 0x87, 0xff,
    0x80, 0xc0, 0x30, 0x18, 0x6, 0x3, 0xff, 0xc0,
    0x60, 0x18, 0xc, 0x3, 0x1, 0x80, 0x60, 0x3f,
    0xfc, 0x6, 0x1, 0x80, 0xc0, 0x30, 0x18, 0x6,
    0x1f, 0xff, 0xfc,

    /* U+5B9E "实" */
    0x0, 0x80, 0x0, 0x60, 0x0, 0x30, 0xf, 0xff,
    0xe6, 0x0, 0x13, 0x1, 0x88, 0x38, 0xc0, 0x6,
    0x40, 0x21, 0x20, 0x1c, 0x10, 0x3, 0x8, 0x0,
    0x4, 0xf, 0xff, 0xf8, 0x2, 0x0, 0x3, 0x40,
    0x7, 0x38, 0x1e, 0x7, 0x3c, 0x1, 0xc0, 0x0,
    0x0,

    /* U+5BA2 "客" */
    0x0, 0xc0, 0x0, 0xc, 0x1, 0xff, 0xff, 0x30,
    0x0, 0x66, 0x30, 0xc, 0xf, 0xf8, 0x3, 0x83,
    0x0, 0xd8, 0xc0, 0x11, 0xf0, 0x0, 0x1e, 0x0,
    0x1e, 0xff, 0x7e, 0x3, 0xe4, 0xff, 0xe0, 0x18,
    0x4, 0x3, 0x0, 0x80, 0x60, 0x10, 0xf, 0xfe,
    0x1, 0x80, 0x40,

    /* U+5BA4 "室" */
    0x0, 0x0, 0x0, 0x30, 0x0, 0xc, 0x1, 0xff,
    0xff, 0x60, 0x0, 0xd8, 0x0, 0x30, 0x0, 0x0,
    0x7f, 0xf8, 0x3, 0x4, 0x1, 0x81, 0x81, 0xff,
    0xf0, 0x43, 0x4, 0x0, 0xc0, 0x0, 0x30, 0x3,
    0xff, 0xf0, 0x3, 0x0, 0x0, 0xc0, 0x3f, 0xff,
    0xf0,

    /* U+5BB6 "家" */
    0x0, 0xc0, 0x0, 0x30, 0xf, 0xff, 0xfb, 0x0,
    0x6, 0xc0, 0x1, 0xb3, 0xff, 0x60, 0x18, 0x0,
    0x1c, 0x8, 0x1d, 0x86, 0x3c, 0x77, 0x4, 0x77,
    0x80, 0x73, 0xb0, 0x71, 0xa4, 0x38, 0xc9, 0x80,
    0xc2, 0x39, 0xe1, 0x87, 0xe1, 0xe0, 0x80, 0x60,
    0x0,

    /* U+5BB9 "容" */
    0x0, 0xc0, 0x0, 0x30, 0x0, 0x4, 0x0, 0xff,
    0xfe, 0x20, 0x0, 0x88, 0x86, 0x20, 0x60, 0xe0,
    0x71, 0x1c, 0x30, 0xc1, 0x0, 0x78, 0x0, 0x33,
    0x0, 0x18, 0x70, 0x1c, 0x7, 0x9f, 0xff, 0xf4,
    0x40, 0x40, 0x10, 0x10, 0x4, 0x4, 0x1, 0xff,
    0x0, 0x40, 0x40,

    /* U+5BC6 "密" */
    0x0, 0xc0, 0x0, 0x1c, 0x1, 0xff, 0xff, 0x30,
    0x40, 0x26, 0xc, 0x4, 0x0, 0xd8, 0x5, 0x87,
    0x21, 0xb1, 0x86, 0x66, 0xe0, 0x60, 0xf0, 0xc0,
    0xff, 0xf8, 0x78, 0x0, 0x1, 0x6, 0x18, 0x20,
    0xc3, 0x4, 0x18, 0x60, 0x83, 0xc, 0x1f, 0xff,
    0x80, 0x0, 0x30,

    /* U+5BD2 "寒" */
    0x0, 0xe0, 0x0, 0x1c, 0x1, 0xff, 0xff, 0x30,
    0x0, 0x66, 0x20, 0x8c, 0x3f, 0xfe, 0x0, 0x82,
    0x0, 0xff, 0xfc, 0x2, 0x8, 0x0, 0x41, 0x1,
    0xff, 0xff, 0x3, 0x2, 0x0, 0xcc, 0x70, 0x71,
    0xf3, 0x98, 0x86, 0x10, 0x1e, 0x0, 0x0, 0x78,
    0x0, 0x3, 0x80,

    /* U+5BFF "寿" */
    0x1, 0x80, 0x0, 0x60, 0x7, 0xff, 0xf0, 0x6,
    0x0, 0x1, 0x0, 0xf, 0xff, 0x80, 0x10, 0x0,
    0xc, 0x0, 0xff, 0xff, 0xc1, 0x82, 0x0, 0xc0,
    0x80, 0x7f, 0xfe, 0x38, 0x8, 0x1c, 0x82, 0xc,
    0x30, 0x80, 0x4, 0x20, 0x0, 0x38, 0x0, 0x4,
    0x0,

    /* U+5C0F "小" */
    0x0, 0xc0, 0x0, 0x30, 0x0, 0xc, 0x0, 0x3,
    0x0, 0x0, 0xc0, 0x6, 0x31, 0x1, 0x8c, 0x60,
    0x63, 0x18, 0x30, 0xc3, 0xc, 0x30, 0xc2, 0xc,
    0x19, 0x83, 0x6, 0x60, 0xc0, 0x80, 0x30, 0x0,
    0xc, 0x0, 0x3, 0x0, 0x3, 0xc0, 0x0, 0xe0,
    0x0,

    /* U+5C11 "少" */
    0x0, 0xc0, 0x0, 0x30, 0x0, 0xc, 0x0, 0x23,
    0x10, 0xc, 0xc6, 0x6, 0x30, 0xc3, 0xc, 0x18,
    0xc3, 0x3, 0x60, 0xc0, 0x30, 0x30, 0x80, 0xc,
    0x30, 0x3, 0x18, 0x0, 0xc, 0x0, 0xe, 0x0,
    0x7, 0x0, 0xf, 0x0, 0x7f, 0x0, 0x1c, 0x0,
    0x0,

    /* U+5C18 "尘" */
    0x0, 0xc0, 0x0, 0x30, 0x0, 0x8c, 0x40, 0x63,
    0x18, 0x30, 0xc3, 0xc, 0x30, 0x66, 0xc, 0x9,
    0x0, 0x0, 0x0, 0xc0, 0x0, 0x30, 0x0, 0xc,
    0x0, 0xff, 0xfc, 0x0, 0xc0, 0x0, 0x30, 0x0,
    0xc, 0x0, 0x3, 0x0, 0x0, 0xc0, 0x3f, 0xff,
    0xf0,

    /* U+5C31 "就" */
    0x18, 0x8, 0x3, 0x2, 0x0, 0x40, 0xb3, 0xff,
    0x26, 0x0, 0x9, 0x0, 0x2, 0x7, 0xfb, 0xfd,
    0x86, 0x20, 0x61, 0x8e, 0x1f, 0xe3, 0x80, 0x40,
    0xe0, 0x94, 0x78, 0x65, 0x96, 0x31, 0x35, 0x8c,
    0x43, 0x64, 0x31, 0x9b, 0x1c, 0xc7, 0x80, 0x0,
    0x0,

    /* U+5C45 "居" */
    0x3f, 0xff, 0xc, 0x0, 0x43, 0x0, 0x10, 0xff,
    0xfc, 0x30, 0x60, 0xc, 0x18, 0x3, 0x6, 0x0,
    0xff, 0xff, 0x30, 0x60, 0xc, 0x18, 0x3, 0x6,
    0x1, 0x9f, 0xfc, 0x64, 0x1, 0x19, 0x0, 0x4c,
    0x7f, 0xf3, 0x10, 0x4, 0x4, 0x1, 0x0,

    /* U+5C4B "屋" */
    0x1f, 0xff, 0x84, 0x0, 0x21, 0x0, 0x8, 0x7f,
    0xfe, 0x10, 0x0, 0x7, 0xff, 0xe1, 0x4, 0x40,
    0x42, 0x18, 0x11, 0x3, 0x4, 0xff, 0xc1, 0x2,
    0x8, 0xc0, 0x80, 0x27, 0xff, 0x8, 0x8, 0x6,
    0x2, 0x1, 0x3f, 0xff, 0x0, 0x0, 0x0,

    /* U+5C4F "屏" */
    0x3f, 0xff, 0x8, 0x0, 0x42, 0x0, 0x10, 0x80,
    0x4, 0x3f, 0xff, 0x8, 0x2, 0x2, 0x30, 0xc0,
    0x84, 0x20, 0x2f, 0xff, 0x88, 0x42, 0x2, 0x10,
    0x80, 0x84, 0x20, 0x7f, 0xff, 0xd0, 0x42, 0x4,
    0x10, 0x83, 0x8, 0x20, 0xc6, 0x8, 0x3, 0x2,
    0x0,

    /* U+5CAB "岫" */
    0x10, 0x4, 0x4, 0x1, 0x1, 0x0, 0x40, 0x40,
    0x10, 0x92, 0x7f, 0xe4, 0x91, 0x19, 0x24, 0x46,
    0x49, 0x11, 0x92, 0x44, 0x64, 0x9f, 0xf9, 0x24,
    0x46, 0x49, 0x11, 0x92, 0x44, 0x67, 0x91, 0x1f,
    0xe7, 0xfc, 0x9, 0x1, 0x0, 0x40, 0x40, 0x10,
    0x0,

    /* U+5DDE "州" */
    0x8, 0x3, 0x8, 0x43, 0x8, 0x43, 0x8, 0x43,
    0x8, 0x43, 0x6a, 0x53, 0x6b, 0x53, 0x6b, 0x5b,
    0x49, 0x4b, 0x49, 0x4b, 0x8, 0x43, 0x8, 0x43,
    0x18, 0x43, 0x10, 0x43, 0x30, 0x43, 0x20, 0x43,
    0x60, 0x3,

    /* U+5DE5 "工" */
    0x7f, 0xff, 0x80, 0x30, 0x0, 0xc, 0x0, 0x3,
    0x0, 0x0, 0xc0, 0x0, 0x30, 0x0, 0xc, 0x0,
    0x3, 0x0, 0x0, 0xc0, 0x0, 0x30, 0x0, 0xc,
    0x0, 0x3, 0x0, 0x0, 0xc0, 0x3f, 0xff, 0xf0,

    /* U+5DF2 "已" */
    0xff, 0xfe, 0x0, 0x3, 0x0, 0x1, 0x80, 0x0,
    0xc0, 0x0, 0x63, 0x0, 0x31, 0x80, 0x18, 0xff,
    0xfc, 0x60, 0x0, 0x30, 0x0, 0x18, 0x0, 0xc,
    0x0, 0x6, 0x0, 0x13, 0x0, 0xd, 0x80, 0x6,
    0xe0, 0x7, 0x3f, 0xff, 0x0,

    /* U+5E02 "市" */
    0x1, 0x80, 0x0, 0x30, 0x0, 0x4, 0x3, 0xff,
    0xff, 0x0, 0xc0, 0x0, 0x30, 0x0, 0xc, 0x0,
    0xff, 0xfc, 0x30, 0xc3, 0xc, 0x30, 0xc3, 0xc,
    0x30, 0xc3, 0xc, 0x30, 0xc3, 0xc, 0x30, 0xc3,
    0xc, 0xf0, 0xc3, 0x30, 0x0, 0xc0, 0x0, 0x30,
    0x0,

    /* U+5E10 "帐" */
    0x10, 0x0, 0x8, 0x21, 0x4, 0x10, 0xc2, 0x8,
    0xcf, 0xe4, 0xc4, 0x92, 0xc2, 0x49, 0x41, 0x24,
    0x80, 0x93, 0xff, 0xc9, 0x24, 0x24, 0x92, 0x12,
    0x49, 0x89, 0x24, 0xc4, 0xb2, 0x22, 0x41, 0x58,
    0x20, 0xe6, 0x10, 0xe1, 0x88, 0x20, 0x0,

    /* U+5E27 "帧" */
    0x10, 0x10, 0x4, 0x4, 0x1, 0x1, 0xfb, 0xf8,
    0x40, 0x92, 0x10, 0x24, 0xbf, 0xc9, 0x28, 0x12,
    0x4a, 0x44, 0x92, 0x91, 0x24, 0xa4, 0x49, 0x29,
    0x12, 0x4a, 0x44, 0x96, 0x91, 0x25, 0xd, 0x1,
    0x2, 0x60, 0x41, 0x8c, 0x11, 0xc1, 0x84, 0x60,
    0x20,

    /* U+5E38 "常" */
    0x1, 0x80, 0x31, 0x8c, 0x11, 0x88, 0x11, 0x98,
    0xff, 0xff, 0x80, 0x1, 0x80, 0x1, 0x9f, 0xf9,
    0x10, 0x8, 0x10, 0x8, 0x1f, 0xf8, 0x1, 0x80,
    0x1, 0x80, 0x7f, 0xfe, 0x61, 0x86, 0x61, 0x86,
    0x61, 0x86, 0x61, 0x9e, 0x1, 0x80,

    /* U+5E73 "平" */
    0x3f, 0xff, 0x0, 0x30, 0x1, 0xc, 0x20, 0xc3,
    0xc, 0x18, 0xc6, 0x3, 0x33, 0x0, 0xcc, 0xc0,
    0x3, 0x20, 0x0, 0xc0, 0x3f, 0xff, 0xf0, 0xc,
    0x0, 0x3, 0x0, 0x0, 0xc0, 0x0, 0x30, 0x0,
    0xc, 0x0, 0x3, 0x0, 0x0, 0xc0, 0x0,

    /* U+5E74 "年" */
    0x2, 0x0, 0x0, 0xe0, 0x0, 0x18, 0x0, 0x7,
    0xff, 0xe1, 0x83, 0x0, 0x70, 0x60, 0x1c, 0xc,
    0x1, 0x7f, 0xfc, 0xc, 0x30, 0x1, 0x86, 0x0,
    0x30, 0xc0, 0x6, 0x18, 0xf, 0xff, 0xfe, 0x0,
    0x60, 0x0, 0xc, 0x0, 0x1, 0x80, 0x0, 0x30,
    0x0, 0x6, 0x0,

    /* U+5E86 "庆" */
    0x0, 0x0, 0x0, 0xc, 0x0, 0x0, 0x80, 0x1f,
    0xff, 0xe3, 0x0, 0x0, 0x60, 0x40, 0xc, 0x8,
    0x1, 0x81, 0x0, 0x30, 0x20, 0x6, 0xff, 0xf0,
    0xc0, 0xc0, 0x18, 0x38, 0x3, 0x5, 0x80, 0xc1,
    0x90, 0x18, 0x23, 0x3, 0xc, 0x30, 0xc7, 0x3,
    0x99, 0xc0, 0x38, 0x10, 0x2, 0x0,

    /* U+5E8A "床" */
    0x0, 0x0, 0x0, 0xc, 0x0, 0x1, 0x80, 0x1f,
    0xff, 0xe3, 0x0, 0x0, 0x60, 0x60, 0xc, 0xc,
    0x1, 0x81, 0x80, 0x37, 0xff, 0xc6, 0xf, 0x0,
    0xc3, 0xe0, 0x18, 0x5e, 0x3, 0x1b, 0x60, 0x66,
    0x66, 0x18, 0xcc, 0x63, 0x31, 0x86, 0x6c, 0x30,
    0x58, 0x6, 0x1, 0x0, 0xc0, 0x0,

    /* U+5E93 "库" */
    0x0, 0x0, 0x0, 0x18, 0x0, 0x2, 0x0, 0xff,
    0xff, 0x20, 0x40, 0x8, 0x18, 0x2, 0x4, 0x0,
    0x9f, 0xfe, 0x20, 0x80, 0x8, 0x64, 0x2, 0x31,
    0x0, 0x8f, 0xfe, 0x20, 0x10, 0x8, 0x4, 0x2,
    0x1, 0x1, 0xbf, 0xff, 0x40, 0x10, 0x10, 0x4,
    0x4, 0x1, 0x0,

    /* U+5E94 "应" */
    0x0, 0x0, 0x0, 0x60, 0x0, 0x30, 0x7, 0xff,
    0xf2, 0x0, 0x1, 0x0, 0x0, 0x82, 0x8, 0x41,
    0x6, 0x28, 0xc2, 0x16, 0x23, 0x9, 0x19, 0x84,
    0xc4, 0x82, 0x20, 0xc1, 0x18, 0x61, 0x8, 0x20,
    0x80, 0x30, 0x40, 0x10, 0x6f, 0xff, 0xe0, 0x0,
    0x0,

    /* U+5E99 "庙" */
    0x0, 0x0, 0x0, 0x30, 0x0, 0x18, 0x7, 0xff,
    0xf2, 0x2, 0x1, 0x1, 0x0, 0x80, 0x80, 0x4f,
    0xfe, 0x24, 0x21, 0x12, 0x10, 0x89, 0x8, 0x44,
    0xff, 0xe2, 0x42, 0x11, 0x21, 0x9, 0x90, 0x84,
    0x8f, 0xfe, 0x44, 0x1, 0x62, 0x0, 0x80, 0x0,
    0x0,

    /* U+5EA6 "度" */
    0x0, 0xc0, 0x0, 0x18, 0x3, 0xff, 0xf8, 0x80,
    0x0, 0x23, 0x4, 0x8, 0xc1, 0x2, 0xff, 0xf8,
    0x8c, 0x10, 0x23, 0x4, 0x8, 0xff, 0x2, 0x0,
    0x0, 0xbf, 0xf8, 0x23, 0x4, 0x18, 0x63, 0x4,
    0xd, 0x81, 0x1, 0xe0, 0xcf, 0xdf, 0xd7, 0x0,
    0x60,

    /* U+5EF6 "延" */
    0x0, 0x3, 0x8f, 0xbf, 0xe0, 0x22, 0x30, 0xc,
    0x6, 0x1, 0x80, 0xc0, 0x61, 0x98, 0xc, 0x33,
    0xe1, 0xe6, 0x7c, 0x4, 0xcc, 0x1, 0x99, 0x81,
    0xb3, 0x30, 0x34, 0x66, 0x3, 0x8f, 0xfc, 0x30,
    0x0, 0xf, 0x0, 0x1, 0xb0, 0x0, 0x63, 0xc0,
    0x18, 0xf, 0xfc,

    /* U+5EFA "建" */
    0x0, 0x10, 0x0, 0x4, 0x7, 0xcf, 0xf0, 0x20,
    0x44, 0x19, 0xff, 0xc4, 0x4, 0x43, 0x1, 0x10,
    0xf3, 0xfc, 0x24, 0x10, 0x3, 0x7f, 0xc6, 0xc1,
    0x0, 0xa0, 0x40, 0x39, 0xff, 0x86, 0x4, 0x3,
    0xc1, 0x0, 0x98, 0x0, 0x63, 0xc0, 0x50, 0x3f,
    0xf0,

    /* U+5EFF "廿" */
    0xc, 0x18, 0x3, 0x6, 0x0, 0xc1, 0x80, 0x30,
    0x60, 0xc, 0x18, 0x3, 0x6, 0xf, 0xff, 0xfc,
    0x30, 0x60, 0xc, 0x18, 0x3, 0x6, 0x0, 0xc1,
    0x80, 0x30, 0x60, 0xc, 0x18, 0x3, 0x6, 0x0,
    0xff, 0x80, 0x30, 0x60, 0xc, 0x18, 0x3, 0x6,
    0x0,

    /* U+5F00 "开" */
    0x3f, 0xff, 0xc0, 0x61, 0x80, 0xc, 0x30, 0x1,
    0x86, 0x0, 0x30, 0xc0, 0x6, 0x18, 0x0, 0xc3,
    0x7, 0xff, 0xff, 0x3, 0xc, 0x0, 0x61, 0x80,
    0x18, 0x30, 0x3, 0x6, 0x0, 0x60, 0xc0, 0x18,
    0x18, 0x6, 0x3, 0x3, 0x80, 0x60, 0x20, 0xc,
    0x0,

    /* U+5F02 "异" */
    0x3f, 0xfe, 0xc, 0x1, 0x83, 0x0, 0x60, 0xc0,
    0x18, 0x3f, 0xfe, 0xc, 0x0, 0x3, 0x0, 0x18,
    0xff, 0xfc, 0x0, 0x0, 0x1, 0x86, 0x0, 0x41,
    0x83, 0xff, 0xff, 0xc, 0x18, 0x3, 0x6, 0x1,
    0x81, 0x80, 0xe0, 0x60, 0xf0, 0x18, 0x10, 0x6,
    0x0,

    /* U+5F0F "式" */
    0x0, 0x60, 0x0, 0x19, 0x80, 0x6, 0x70, 0x1,
    0x88, 0xff, 0xff, 0x80, 0x8, 0x0, 0x2, 0x0,
    0x0, 0xc0, 0x7f, 0xb0, 0x3, 0xc, 0x0, 0xc1,
    0x0, 0x30, 0x60, 0xc, 0x18, 0x3, 0x73, 0x31,
    0xf8, 0xef, 0xe0, 0x1f, 0x40, 0x3, 0x80, 0x0,
    0x0,

    /* U+5F15 "引" */
    0xff, 0x86, 0x3, 0xc, 0x6, 0x18, 0xc, 0x3f,
    0xf8, 0x78, 0x0, 0xf0, 0x1, 0xe0, 0x3, 0xc0,
    0x7, 0xff, 0xc, 0x6, 0x18, 0xc, 0x30, 0x18,
    0x60, 0x30, 0xc0, 0xc1, 0x81, 0x83, 0x3e, 0x6,

    /* U+5F3A "强" */
    0xfd, 0xfe, 0x6, 0xc1, 0x3, 0x60, 0x81, 0xbf,
    0xcf, 0xc1, 0x6, 0x0, 0x83, 0x7, 0xfd, 0x82,
    0x26, 0xf9, 0x13, 0x4, 0x89, 0x82, 0x7f, 0xc1,
    0x22, 0x0, 0x81, 0x20, 0x40, 0x98, 0x21, 0xfc,
    0xf3, 0x83, 0x40, 0x0, 0x0,

    /* U+5F52 "归" */
    0x4, 0x0, 0x2, 0x0, 0x31, 0x7f, 0xf8, 0x80,
    0x3c, 0x40, 0x1e, 0x20, 0xf, 0x10, 0x7, 0x89,
    0xff, 0xc4, 0xff, 0xe2, 0x0, 0xf3, 0x0, 0x79,
    0x80, 0x30, 0x80, 0x18, 0xc0, 0xc, 0xc7, 0xfe,
    0xc0, 0x3, 0xc0, 0x1, 0x80, 0x0, 0x0,

    /* U+5F53 "当" */
    0x1, 0x80, 0x1, 0x82, 0x61, 0x87, 0x31, 0x86,
    0x19, 0x8c, 0x11, 0x88, 0x1, 0x80, 0xff, 0xff,
    0x0, 0x3, 0x0, 0x3, 0x0, 0x3, 0x7f, 0xff,
    0x0, 0x3, 0x0, 0x3, 0x0, 0x3, 0xff, 0xff,
    0x0, 0x3, 0x0, 0x3,

    /* U+5F55 "录" */
    0x3f, 0xfe, 0x0, 0x0, 0x80, 0x0, 0x60, 0x7f,
    0xf8, 0x0, 0x6, 0x0, 0x1, 0x8f, 0xff, 0xfc,
    0x3, 0x0, 0x30, 0xc2, 0xe, 0x39, 0xc0, 0x8f,
    0xc0, 0x1f, 0x60, 0x1c, 0xcc, 0x1c, 0x31, 0xcc,
    0xc, 0x3c, 0xf, 0x2, 0x3, 0x80, 0x0,

    /* U+5F85 "待" */
    0x4, 0x10, 0x3, 0x4, 0x1, 0x81, 0x0, 0xc7,
    0xfc, 0x64, 0x10, 0x11, 0x84, 0x0, 0xc1, 0x0,
    0x6f, 0xff, 0x38, 0x2, 0x1e, 0x0, 0x8d, 0xbf,
    0xfc, 0x60, 0x8, 0x18, 0xc2, 0x6, 0x38, 0x81,
    0x86, 0x20, 0x60, 0x8, 0x18, 0x1e, 0x6, 0x2,
    0x0,

    /* U+5F97 "得" */
    0x8, 0x0, 0x7, 0x3f, 0xc1, 0x88, 0x10, 0xc3,
    0xfc, 0x68, 0x81, 0x3, 0x20, 0x41, 0x8f, 0xf0,
    0xc0, 0x0, 0x33, 0xff, 0xbc, 0x0, 0x85, 0x0,
    0x20, 0x5f, 0xff, 0x10, 0x2, 0x4, 0x20, 0x81,
    0xc, 0x20, 0x41, 0x8, 0x10, 0xe, 0x4, 0x3,
    0x0,

    /* U+5F99 "徙" */
    0x8, 0x8, 0x7, 0x2, 0x3, 0x88, 0x80, 0xc2,
    0x3e, 0x60, 0x88, 0x13, 0x22, 0x1, 0x88, 0x80,
    0x4f, 0xff, 0x30, 0x0, 0x1c, 0x2, 0xd, 0x8,
    0x80, 0x42, 0x3e, 0x10, 0x88, 0x4, 0x72, 0x1,
    0x16, 0x80, 0x4c, 0xe0, 0x12, 0x1f, 0xc4, 0x81,
    0xf0,

    /* U+5FAE "微" */
    0x1, 0x4, 0x8, 0x43, 0x6, 0xd6, 0xc3, 0x35,
    0xb0, 0x1d, 0x6f, 0x87, 0xfe, 0x42, 0x1, 0x91,
    0xbf, 0x64, 0x60, 0x39, 0x38, 0x2, 0x42, 0x78,
    0x90, 0x9a, 0x38, 0x24, 0x8e, 0x9, 0x29, 0x82,
    0x4c, 0xe0, 0xb2, 0x6c, 0x28, 0x71, 0xc8, 0x18,
    0x20,

    /* U+5FCC "忌" */
    0x1f, 0xff, 0x0, 0x0, 0x60, 0x0, 0xc, 0xf,
    0xff, 0x81, 0x80, 0x0, 0x30, 0x0, 0x86, 0x0,
    0x10, 0xc0, 0x6, 0x1f, 0xff, 0x80, 0x0, 0x0,
    0x0, 0x0, 0x13, 0x30, 0xc6, 0x62, 0xc, 0xcc,
    0x41, 0x91, 0x81, 0x1e, 0x30, 0x32, 0x3, 0xfc,
    0x0,

    /* U+5FD7 "志" */
    0x0, 0xc0, 0x0, 0x30, 0x0, 0xc, 0x3, 0xff,
    0xff, 0x0, 0xc0, 0x0, 0x30, 0x0, 0xc, 0x0,
    0x3, 0x0, 0x3f, 0xff, 0x0, 0x0, 0x0, 0x4,
    0x0, 0x3, 0x0, 0x26, 0x63, 0x9, 0x9c, 0x66,
    0x60, 0xf, 0x18, 0x13, 0xc6, 0xc, 0x1, 0xff,
    0x0,

    /* U+5FFD "忽" */
    0xc, 0x0, 0x6, 0x0, 0x7, 0xff, 0x86, 0x66,
    0x46, 0x33, 0x27, 0x33, 0x11, 0x11, 0x88, 0x19,
    0x84, 0x18, 0xc2, 0x38, 0xc3, 0x8, 0xc7, 0x0,
    0xc3, 0x0, 0xc, 0x3, 0x62, 0x19, 0x31, 0x5,
    0x98, 0xb, 0xcc, 0xc, 0x87, 0xfc, 0x0,

    /* U+6001 "态" */
    0x1, 0x80, 0x0, 0x60, 0x0, 0x18, 0x3, 0xff,
    0xfe, 0x3, 0x20, 0x1, 0x8c, 0x0, 0x61, 0x80,
    0x3c, 0x60, 0x19, 0x8e, 0x1c, 0x21, 0xfe, 0x0,
    0x18, 0x0, 0x0, 0x0, 0xc0, 0x19, 0x10, 0xc6,
    0x44, 0x19, 0x10, 0x26, 0xc6, 0xc, 0xa1, 0xfe,
    0x0,

    /* U+603B "总" */
    0x0, 0x0, 0x3, 0x6, 0x0, 0x61, 0x80, 0x18,
    0x40, 0x1f, 0xfe, 0x4, 0x0, 0x81, 0x0, 0x20,
    0x40, 0x8, 0x10, 0x2, 0x7, 0xff, 0x80, 0x0,
    0x0, 0x2, 0x0, 0x2c, 0xc2, 0xb, 0x18, 0x46,
    0xc4, 0x19, 0xb0, 0x13, 0x4c, 0x4, 0x1, 0xff,
    0x0,

    /* U+6062 "恢" */
    0x10, 0x60, 0x4, 0x10, 0x1, 0x3f, 0xf9, 0x73,
    0x0, 0x54, 0x88, 0x15, 0xa2, 0xd, 0x5c, 0x9b,
    0x45, 0xa4, 0xd1, 0x49, 0x4, 0xd6, 0xc1, 0x6d,
    0x80, 0x70, 0x70, 0x1c, 0x34, 0x4, 0x19, 0x81,
    0xc, 0x30, 0x4e, 0x7, 0x13, 0x0, 0x80,

    /* U+60CA "惊" */
    0x0, 0x0, 0x3, 0x1, 0x80, 0x63, 0xff, 0x8d,
    0x0, 0x7, 0xe0, 0x0, 0xf6, 0x0, 0x16, 0xdf,
    0xe2, 0xc2, 0x4, 0x58, 0x40, 0x83, 0x8, 0x10,
    0x61, 0xfe, 0xc, 0x6, 0x1, 0x84, 0xc8, 0x30,
    0x9b, 0x6, 0x33, 0x30, 0xcc, 0x63, 0x19, 0x9c,
    0x3, 0x3, 0x0,

    /* U+6210 "成" */
    0x0, 0x10, 0x0, 0x5, 0xc0, 0x1, 0x30, 0x0,
    0x44, 0x3f, 0xff, 0x8c, 0x4, 0x3, 0x1, 0x0,
    0xc0, 0x46, 0x3f, 0x93, 0xc, 0x64, 0xc3, 0x19,
    0xe0, 0xc6, 0x38, 0x31, 0x8c, 0xc, 0x67, 0x6,
    0x73, 0x4d, 0x9d, 0x9b, 0xc1, 0xc3, 0xd0, 0x20,
    0x60,

    /* U+6237 "户" */
    0x0, 0x0, 0x0, 0x18, 0x0, 0x2, 0x0, 0x0,
    0x0, 0x1f, 0xff, 0xc6, 0x0, 0x31, 0x80, 0xc,
    0x60, 0x3, 0x18, 0x0, 0xc7, 0xff, 0xf1, 0x80,
    0xc, 0x60, 0x3, 0x18, 0x0, 0xc, 0x0, 0x3,
    0x0, 0x1, 0x80, 0x0, 0x60, 0x0, 0x30, 0x0,
    0x0,

    /* U+6247 "扇" */
    0x0, 0x40, 0x0, 0x30, 0xf, 0xff, 0xe4, 0x0,
    0x32, 0x0, 0x19, 0xff, 0xfc, 0x80, 0x0, 0x40,
    0x0, 0x27, 0xdf, 0x90, 0x20, 0xc9, 0x92, 0x64,
    0x69, 0xb2, 0xc, 0x3b, 0x1e, 0x3d, 0x39, 0x76,
    0xb8, 0x93, 0xc0, 0x47, 0xe0, 0xe1, 0xc0,

    /* U+624B "手" */
    0x0, 0x3f, 0xf, 0xff, 0x0, 0xc, 0x0, 0x3,
    0x0, 0x0, 0xc0, 0xf, 0xff, 0xc0, 0xc, 0x0,
    0x3, 0x0, 0x0, 0xc0, 0x3f, 0xff, 0xf0, 0xc,
    0x0, 0x3, 0x0, 0x0, 0xc0, 0x0, 0x30, 0x0,
    0x1c, 0x0, 0xe, 0x0,

    /* U+6267 "执" */
    0x10, 0x30, 0x4, 0xc, 0x1, 0x3, 0x0, 0x40,
    0xc0, 0x11, 0xfe, 0x3f, 0x7f, 0x81, 0x3, 0x20,
    0x40, 0xc8, 0x14, 0xb2, 0x7, 0x7c, 0x8f, 0x7,
    0x23, 0x41, 0xe8, 0x10, 0x6a, 0x4, 0x30, 0x81,
    0xc, 0x20, 0x46, 0x5, 0x77, 0x1, 0xdc, 0x80,
    0x20, 0x0, 0x0,

    /* U+626B "扫" */
    0xc, 0x0, 0x3, 0x3f, 0xf0, 0xc0, 0xc, 0x30,
    0x3, 0x7f, 0x80, 0xc3, 0x0, 0x30, 0xc0, 0xc,
    0x30, 0x3, 0xf, 0x7f, 0xc7, 0x80, 0x37, 0xc0,
    0xd, 0x30, 0x3, 0xc, 0x0, 0xc3, 0x0, 0x30,
    0xcf, 0xfc, 0x30, 0x3, 0x7c, 0x0, 0xce, 0x0,
    0x30,

    /* U+626C "扬" */
    0x10, 0x0, 0x4, 0x3f, 0xe1, 0x0, 0x70, 0x40,
    0x30, 0xfc, 0x18, 0x4, 0x1c, 0x1, 0xf, 0xfc,
    0x50, 0x4b, 0x1c, 0x36, 0xfc, 0x19, 0xbd, 0x6,
    0x4c, 0x43, 0x33, 0x13, 0x8c, 0xc4, 0xc6, 0x31,
    0x3, 0xd, 0xc3, 0x9e, 0x21, 0xc3, 0x0,

    /* U+6279 "批" */
    0x10, 0x4, 0x4, 0x21, 0x1, 0x8, 0x40, 0x42,
    0x10, 0xfc, 0x84, 0x84, 0x21, 0x31, 0x8, 0x58,
    0x43, 0xdc, 0x10, 0x86, 0x7, 0x21, 0x7, 0x88,
    0x43, 0xc2, 0x10, 0x10, 0x84, 0x4, 0x21, 0x1,
    0x8, 0x40, 0x42, 0xd3, 0x10, 0xe4, 0xdc, 0x21,
    0xe0, 0x0, 0x0,

    /* U+62C6 "拆" */
    0x18, 0x0, 0x83, 0x3, 0xf0, 0x61, 0xe0, 0xc,
    0x20, 0xf, 0xf4, 0x0, 0x30, 0x80, 0x6, 0x1f,
    0xf0, 0xd2, 0x30, 0x1f, 0x46, 0xf, 0xa, 0xc3,
    0xe1, 0x78, 0xc, 0x27, 0x1, 0x8c, 0x78, 0x31,
    0xf, 0x86, 0x21, 0x90, 0xcc, 0x30, 0x7b, 0x6,
    0x6, 0x20, 0xc0,

    /* U+62D2 "拒" */
    0x18, 0x0, 0x6, 0x3f, 0xf1, 0x8c, 0x0, 0x63,
    0x0, 0xfe, 0xc0, 0x3f, 0xb0, 0x1, 0x8f, 0xf8,
    0x63, 0x6, 0x1a, 0xc1, 0x87, 0xb0, 0x6f, 0xcc,
    0x1b, 0x63, 0xfe, 0x18, 0xc0, 0x6, 0x30, 0x1,
    0x8c, 0x0, 0x63, 0x0, 0x78, 0xff, 0xdc, 0x0,
    0x0,

    /* U+62D6 "拖" */
    0x18, 0x20, 0x3, 0xc, 0x0, 0x61, 0x0, 0xc,
    0x3f, 0xff, 0xec, 0x0, 0x31, 0x10, 0x6, 0x62,
    0x0, 0xc4, 0x44, 0x1a, 0x4f, 0x83, 0xcb, 0xd1,
    0xe3, 0xe2, 0x2c, 0xe4, 0x41, 0x84, 0xb8, 0x30,
    0x90, 0x6, 0x10, 0x10, 0xc2, 0x3, 0x18, 0x40,
    0xee, 0xf, 0xf8,

    /* U+6302 "挂" */
    0x10, 0x8, 0x4, 0x2, 0x1, 0xf, 0xf8, 0x43,
    0xfe, 0xfc, 0x8, 0x4, 0x2, 0x1, 0x0, 0x80,
    0x4f, 0xff, 0x1c, 0x8, 0x1c, 0x2, 0xf, 0x0,
    0x80, 0x43, 0xfe, 0x10, 0x8, 0x4, 0x2, 0x1,
    0x0, 0x80, 0x40, 0x20, 0x77, 0xff, 0xd8, 0x0,
    0x0,

    /* U+6307 "指" */
    0x10, 0x80, 0x8, 0x40, 0x4, 0x21, 0xc2, 0x1f,
    0x81, 0xe, 0x7, 0xe4, 0x0, 0x42, 0x6, 0x21,
    0xff, 0x14, 0x0, 0x1c, 0x7f, 0xbc, 0x20, 0x52,
    0x10, 0x21, 0xf, 0xf0, 0x84, 0x8, 0x42, 0x4,
    0x21, 0xfe, 0x70, 0x81, 0x30, 0x40, 0x80,

    /* U+6309 "按" */
    0x10, 0x18, 0x4, 0x6, 0x1, 0x0, 0x0, 0x47,
    0xfe, 0xfd, 0x80, 0x84, 0x66, 0x21, 0x1, 0x0,
    0x40, 0xc0, 0x1d, 0xff, 0xce, 0x18, 0xcf, 0x4,
    0x20, 0x43, 0x18, 0x10, 0x64, 0x4, 0x7, 0x1,
    0x1, 0xe0, 0x43, 0xce, 0x73, 0x80, 0x80,

    /* U+633D "挽" */
    0x10, 0x30, 0x4, 0x18, 0x1, 0x7, 0xf0, 0x42,
    0x8, 0x7d, 0x86, 0x1f, 0x1, 0x1, 0xf, 0xf8,
    0x42, 0x22, 0x1c, 0x88, 0x9c, 0x3f, 0xe5, 0x1,
    0xc0, 0x40, 0x50, 0x10, 0x34, 0x4, 0x9, 0x1,
    0x6, 0x40, 0x43, 0x11, 0x13, 0x84, 0xdd, 0xc1,
    0xf0,

    /* U+6349 "捉" */
    0x10, 0x0, 0x4, 0x7f, 0xc1, 0x18, 0x30, 0x46,
    0xc, 0xfd, 0x83, 0x3f, 0x60, 0xc1, 0x1f, 0xf0,
    0x40, 0x60, 0x1c, 0x18, 0x1e, 0x66, 0xd, 0x19,
    0xf8, 0x44, 0x60, 0x13, 0x18, 0x4, 0xe6, 0x1,
    0x2d, 0x80, 0x59, 0xe0, 0x14, 0x3c, 0x1d, 0x1,
    0xf0,

    /* U+6355 "捕" */
    0x18, 0x9, 0x86, 0x2, 0x31, 0x80, 0x80, 0x67,
    0xff, 0xfe, 0x8, 0x6, 0x2, 0x1, 0x8f, 0xfc,
    0x62, 0x21, 0x1e, 0x88, 0x7e, 0x3f, 0xf5, 0x88,
    0x84, 0x62, 0x21, 0x18, 0x88, 0x46, 0x3f, 0xf1,
    0x88, 0x84, 0x62, 0x21, 0x18, 0x88, 0x5c, 0x22,
    0x60,

    /* U+636E "据" */
    0x10, 0x0, 0x8, 0xff, 0xc4, 0x40, 0x22, 0x20,
    0x1f, 0xd0, 0xf, 0xef, 0xfc, 0x44, 0x20, 0x2a,
    0x10, 0x1d, 0xff, 0x98, 0x84, 0x3c, 0x42, 0x1a,
    0x21, 0x1, 0x17, 0xf8, 0x9a, 0x4, 0x49, 0x2,
    0x24, 0x81, 0x76, 0x7f, 0xb0, 0x20, 0x40,

    /* U+6398 "掘" */
    0x11, 0xff, 0xc2, 0x20, 0x18, 0x44, 0x3, 0x8,
    0x80, 0x67, 0xdf, 0xfc, 0x22, 0x0, 0x4, 0x41,
    0x0, 0x89, 0x26, 0x15, 0x24, 0xc7, 0xa4, 0x9b,
    0xc4, 0xff, 0x8, 0x82, 0x1, 0x30, 0x40, 0x26,
    0xc8, 0x84, 0x99, 0x10, 0xb3, 0x22, 0x76, 0x7f,
    0xc8, 0x80, 0x8,

    /* U+63A2 "探" */
    0x10, 0x0, 0x2, 0x3f, 0xf8, 0x44, 0x1, 0x8,
    0x81, 0x27, 0xc6, 0x70, 0x21, 0x83, 0x4, 0x62,
    0x20, 0x80, 0x40, 0x18, 0x8, 0x3, 0x3f, 0xfb,
    0xc0, 0xf0, 0x28, 0x1f, 0x1, 0x6, 0xa0, 0x21,
    0x96, 0x4, 0x72, 0x70, 0x9c, 0x46, 0x73, 0x8,
    0xc, 0x1, 0x0,

    /* U+63A5 "接" */
    0x10, 0x10, 0x4, 0x6, 0x1, 0x3f, 0xf8, 0x40,
    0x0, 0xfc, 0xc6, 0x4, 0x11, 0x81, 0x4, 0x40,
    0x4f, 0xfe, 0x1c, 0x20, 0xe, 0xc, 0xf, 0x3f,
    0xfc, 0x41, 0x18, 0x10, 0xc4, 0x4, 0x3f, 0x1,
    0x1, 0xc0, 0x41, 0xdc, 0x73, 0xe1, 0x90, 0xc0,
    0x20,

    /* U+63CF "描" */
    0x10, 0x62, 0x4, 0x18, 0x81, 0x3f, 0xfc, 0x4f,
    0xff, 0xfc, 0x62, 0x4, 0x18, 0x81, 0x0, 0x0,
    0x57, 0xfe, 0x1d, 0x88, 0x9e, 0x62, 0x2f, 0x18,
    0x89, 0x46, 0x22, 0x11, 0xff, 0x84, 0x62, 0x21,
    0x18, 0x88, 0x46, 0x22, 0x71, 0xff, 0x98, 0x60,
    0x20,

    /* U+63D0 "提" */
    0x10, 0xff, 0x4, 0x20, 0x41, 0x8, 0x10, 0x43,
    0xfc, 0x7c, 0x81, 0x4, 0x20, 0x41, 0xf, 0xf0,
    0x40, 0x0, 0x14, 0x0, 0x7, 0x7f, 0xff, 0x0,
    0x81, 0x42, 0x20, 0x10, 0x8f, 0x4, 0x22, 0x1,
    0x18, 0x80, 0x47, 0xa0, 0x13, 0x78, 0x1d, 0x87,
    0xf0, 0x0, 0x0,

    /* U+63E1 "握" */
    0x11, 0xff, 0xc2, 0x20, 0x10, 0x44, 0x2, 0x8,
    0x80, 0x47, 0xdf, 0xfc, 0x22, 0x0, 0x4, 0x5f,
    0xe0, 0xa8, 0xc0, 0x1d, 0x11, 0xf, 0x26, 0x31,
    0xc4, 0xff, 0x8, 0x80, 0x41, 0x20, 0xc0, 0x24,
    0xff, 0x4, 0x83, 0x0, 0xb0, 0x60, 0x74, 0xc,
    0x6, 0x8f, 0xfc,

    /* U+641C "搜" */
    0x10, 0x8, 0x4, 0x72, 0xe1, 0x10, 0x88, 0x44,
    0x22, 0xfd, 0xcb, 0x84, 0x42, 0x21, 0x10, 0x88,
    0x57, 0xfe, 0x1c, 0x8, 0x3c, 0x2, 0x5, 0x1f,
    0xf8, 0x43, 0x4, 0x10, 0x43, 0x4, 0x19, 0x81,
    0x3, 0xc0, 0x40, 0xf0, 0x73, 0xe7, 0xc0, 0xc0,
    0x30,

    /* U+642C "搬" */
    0x20, 0x80, 0x8, 0x43, 0xc2, 0x3c, 0x90, 0x89,
    0x24, 0xfb, 0x49, 0x8, 0xd6, 0x42, 0x2f, 0x9c,
    0x89, 0x40, 0x3f, 0xdf, 0xb8, 0x92, 0x4a, 0x34,
    0x90, 0x8d, 0x24, 0x22, 0xcd, 0x9, 0x11, 0x82,
    0x44, 0x60, 0xb1, 0x3c, 0xe8, 0xf9, 0xc0, 0x0,
    0x0,

    /* U+64AD "播" */
    0x10, 0x7, 0x4, 0xff, 0xe1, 0x1, 0x10, 0x46,
    0x4c, 0xfc, 0x92, 0x4, 0xff, 0xf1, 0x7, 0x40,
    0x53, 0x58, 0x1d, 0x93, 0xe, 0xc4, 0x7f, 0x7f,
    0xf8, 0x44, 0x44, 0x11, 0x11, 0x4, 0x7f, 0xc1,
    0x11, 0x10, 0x44, 0x44, 0x31, 0xff, 0x18, 0x40,
    0x40,

    /* U+64CE "擎" */
    0x12, 0x18, 0x34, 0x86, 0xf, 0xfd, 0xfc, 0xc8,
    0xc4, 0x3f, 0xb1, 0x10, 0x22, 0xcf, 0xc8, 0xe0,
    0x92, 0x3c, 0x3d, 0xb9, 0xc0, 0x49, 0x83, 0xff,
    0xe0, 0x3, 0x0, 0x3f, 0xff, 0x0, 0x30, 0xf,
    0xff, 0xfc, 0x3, 0x0, 0x3, 0xc0, 0x0, 0x60,
    0x0,

    /* U+653E "放" */
    0x10, 0x18, 0x6, 0x6, 0x0, 0xc1, 0x0, 0x0,
    0xc0, 0xff, 0xbf, 0xc4, 0x8, 0x41, 0x7, 0x10,
    0x41, 0xcc, 0x1f, 0x73, 0x4, 0x44, 0xc1, 0x11,
    0xa0, 0x44, 0x68, 0x31, 0xe, 0x8, 0x43, 0x2,
    0x10, 0xe1, 0x8c, 0xec, 0xc6, 0xe1, 0xd0, 0x10,
    0x30,

    /* U+6548 "效" */
    0x8, 0x8, 0x2, 0x3, 0x0, 0xc1, 0x83, 0xfe,
    0x60, 0xff, 0x9f, 0xc8, 0x8c, 0x43, 0x32, 0x11,
    0x87, 0xc4, 0x41, 0x91, 0x30, 0x84, 0xc3, 0x21,
    0xb0, 0x78, 0x68, 0xc, 0xa, 0x3, 0x83, 0x81,
    0xb0, 0xe0, 0xc4, 0xec, 0xe0, 0x71, 0x90, 0x70,
    0x30, 0x0, 0x0,

    /* U+6559 "教" */
    0xc, 0xc, 0x3, 0x22, 0x7, 0xfd, 0x80, 0x36,
    0x60, 0xd, 0x9f, 0xc3, 0xcf, 0xff, 0xff, 0x10,
    0x31, 0xc4, 0x18, 0x73, 0xf, 0xd4, 0xce, 0x21,
    0xa0, 0x10, 0x28, 0x7, 0xce, 0x3f, 0xc3, 0xc,
    0x40, 0xe0, 0x10, 0xec, 0x1c, 0x61, 0xc6, 0x20,
    0x20,

    /* U+6570 "数" */
    0x24, 0x18, 0x9, 0x26, 0x1, 0x59, 0x80, 0x10,
    0x40, 0x7f, 0xff, 0x87, 0xc, 0x43, 0x53, 0x11,
    0x97, 0xc4, 0x48, 0x51, 0x2, 0x14, 0xc7, 0xf9,
    0xa0, 0x66, 0x28, 0x11, 0xe, 0x7, 0xc1, 0x80,
    0x78, 0xe0, 0x30, 0xec, 0x70, 0xe1, 0x80, 0x0,
    0x0,

    /* U+6574 "整" */
    0xc, 0x8, 0x3, 0x2, 0xf, 0xfd, 0xfc, 0x30,
    0x47, 0x7f, 0xb1, 0x13, 0x2e, 0xc7, 0xf8, 0xe0,
    0x78, 0x38, 0x3f, 0x1b, 0xbb, 0x4c, 0x64, 0x0,
    0x0, 0xff, 0xfc, 0x0, 0xc0, 0x0, 0x3f, 0xc0,
    0x8c, 0x0, 0x23, 0x0, 0x8, 0xc0, 0x3f, 0xff,
    0xf0,

    /* U+6587 "文" */
    0x1, 0x0, 0x0, 0x60, 0x0, 0xc, 0x0, 0x2,
    0x0, 0xff, 0xff, 0xc2, 0x2, 0x0, 0xc0, 0x80,
    0x30, 0x60, 0x4, 0x18, 0x1, 0x8c, 0x0, 0x33,
    0x0, 0xd, 0x80, 0x1, 0xc0, 0x0, 0x78, 0x0,
    0x73, 0x80, 0x70, 0x7c, 0xf8, 0x7, 0xd0, 0x0,
    0x20,

    /* U+658B "斋" */
    0x0, 0xc0, 0x0, 0x8, 0x1, 0xff, 0xff, 0x3,
    0x6, 0x0, 0x33, 0x80, 0x3, 0xc0, 0x0, 0xfe,
    0x3, 0xf8, 0xff, 0xf0, 0x3, 0xc3, 0xff, 0xe0,
    0x3, 0x0, 0x0, 0x60, 0x3, 0xff, 0xf8, 0x62,
    0x23, 0xc, 0x44, 0x61, 0x88, 0x8c, 0x31, 0x11,
    0x86, 0x22, 0x60,

    /* U+65AD "断" */
    0x4, 0x0, 0x1, 0x0, 0x2d, 0x4d, 0xfb, 0x52,
    0x40, 0xd5, 0x90, 0x31, 0x4, 0xd, 0xfd, 0x3,
    0x7f, 0x7f, 0xcd, 0x11, 0x33, 0x64, 0x4d, 0xd9,
    0x13, 0x53, 0x44, 0xf4, 0x11, 0x31, 0x4, 0x4c,
    0x2, 0x13, 0xfe, 0x84, 0x0, 0x61, 0x0, 0x30,
    0x40,

    /* U+65B0 "新" */
    0x8, 0x3, 0x83, 0xf, 0xff, 0xfb, 0x0, 0x8,
    0xc0, 0x62, 0x30, 0x8, 0x8c, 0x2, 0x63, 0xff,
    0xff, 0xff, 0x8, 0x33, 0x2, 0xc, 0xcf, 0xff,
    0x30, 0x20, 0xcc, 0x6b, 0x33, 0x1a, 0x48, 0xcc,
    0x96, 0x32, 0x21, 0x8c, 0x38, 0xe3, 0x6, 0x10,
    0xc0,

    /* U+65B9 "方" */
    0x1, 0x0, 0x0, 0xc0, 0x0, 0x60, 0x0, 0x0,
    0xf, 0xff, 0xf8, 0x20, 0x0, 0x10, 0x0, 0x8,
    0x0, 0x7, 0xfe, 0x2, 0x3, 0x1, 0x1, 0x1,
    0x0, 0x80, 0x80, 0x40, 0xc0, 0x20, 0xc0, 0x30,
    0xc0, 0x78, 0xc0, 0x78, 0x0, 0x0, 0x0,

    /* U+65E0 "无" */
    0x3f, 0xff, 0x0, 0x60, 0x0, 0x18, 0x0, 0x6,
    0x0, 0x1, 0x80, 0x0, 0x60, 0x7, 0xff, 0xf8,
    0x6, 0x80, 0x3, 0x20, 0x0, 0xc8, 0x0, 0x32,
    0x0, 0x18, 0x80, 0xe, 0x20, 0x7, 0x8, 0x33,
    0x83, 0xd, 0xc0, 0xfe, 0x40, 0x0, 0x0,

    /* U+65E5 "日" */
    0xff, 0xfe, 0x0, 0xf0, 0x7, 0x80, 0x3c, 0x1,
    0xe0, 0xf, 0xff, 0xf8, 0x3, 0xc0, 0x1e, 0x0,
    0xf0, 0x7, 0x80, 0x3c, 0x1, 0xff, 0xff, 0x0,
    0x78, 0x3, 0xc0, 0x18,

    /* U+65E6 "旦" */
    0x1f, 0xfe, 0x4, 0x0, 0x81, 0x0, 0x20, 0x40,
    0x8, 0x10, 0x2, 0x7, 0xff, 0x81, 0x0, 0x20,
    0x40, 0x8, 0x10, 0x2, 0x4, 0x0, 0x81, 0x0,
    0x20, 0x7f, 0xf8, 0x0, 0x0, 0x0, 0x0, 0x0,
    0x0, 0x3, 0xff, 0xff,

    /* U+65F6 "时" */
    0x0, 0x3, 0x0, 0x0, 0x63, 0xf8, 0xc, 0x63,
    0x1, 0x8c, 0x6f, 0xff, 0x8c, 0x6, 0x31, 0x80,
    0xc7, 0xf0, 0x18, 0xc6, 0x43, 0x18, 0xcc, 0x63,
    0x18, 0xcc, 0x63, 0x11, 0x8f, 0xe0, 0x31, 0x8c,
    0x6, 0x31, 0x80, 0xc6, 0x0, 0x18, 0x0, 0xf,
    0x0, 0x1, 0x80,

    /* U+660E "明" */
    0x0, 0x7f, 0xfe, 0x3f, 0xf1, 0x10, 0x78, 0x88,
    0x3c, 0x44, 0x1e, 0x23, 0xff, 0xf1, 0x7, 0x88,
    0x83, 0xc4, 0x41, 0xe2, 0x20, 0xf1, 0x1f, 0xff,
    0x88, 0x3c, 0x4c, 0x1e, 0x4, 0xc, 0x6, 0x6,
    0x3, 0x7, 0x3, 0x7, 0x0, 0x80, 0x0,

    /* U+6613 "易" */
    0x1f, 0xfe, 0x18, 0x2, 0x18, 0x2, 0x1f, 0xfe,
    0x18, 0x2, 0x18, 0x2, 0x1f, 0xfe, 0x2, 0x0,
    0x6, 0x0, 0x1f, 0xff, 0x39, 0x99, 0x61, 0x19,
    0x6, 0x31, 0x1c, 0x63, 0x30, 0xe3, 0x1, 0x83,
    0xf, 0xf, 0x1c, 0xe,

    /* U+6625 "春" */
    0x0, 0x60, 0x0, 0x8, 0x0, 0xff, 0xfe, 0x0,
    0x20, 0x0, 0xc, 0x0, 0x3f, 0xff, 0x0, 0x60,
    0x3, 0xff, 0xfe, 0x6, 0xc, 0x1, 0x80, 0xc0,
    0x7f, 0xfe, 0x3a, 0x3, 0xe6, 0x40, 0x6c, 0xf,
    0xfc, 0x1, 0x1, 0x80, 0x20, 0x30, 0x7, 0xfe,
    0x0, 0x80, 0xc0,

    /* U+662F "是" */
    0x3f, 0xfc, 0xc, 0x3, 0x3, 0x0, 0xc0, 0xff,
    0xf0, 0x30, 0xc, 0xc, 0x3, 0x3, 0xff, 0xc0,
    0x0, 0x0, 0x0, 0x0, 0x3f, 0xff, 0xe0, 0x8,
    0x0, 0x62, 0x0, 0x10, 0xfe, 0xe, 0x20, 0x3,
    0xc8, 0x1, 0xba, 0x0, 0x63, 0x80, 0x30, 0x3f,
    0xe0, 0x0, 0x0,

    /* U+666E "普" */
    0x4, 0x10, 0x1, 0x6, 0x0, 0x41, 0x1, 0xff,
    0xfc, 0x2, 0x24, 0xc, 0x89, 0x83, 0x22, 0x40,
    0x68, 0xb0, 0x12, 0x20, 0x3f, 0xff, 0xf0, 0x0,
    0x0, 0xff, 0xf0, 0x30, 0x4, 0xc, 0x1, 0x3,
    0xff, 0xc0, 0xc0, 0x10, 0x30, 0x4, 0xf, 0xff,
    0x3, 0x0, 0x40,

    /* U+6674 "晴" */
    0x0, 0x8, 0x0, 0x2, 0xf, 0x9f, 0xff, 0x20,
    0x20, 0xc8, 0xff, 0xb2, 0x2, 0xc, 0x9f, 0xff,
    0xe0, 0x0, 0xf8, 0x0, 0x32, 0x3f, 0xcc, 0x88,
    0x13, 0x23, 0xfc, 0xf8, 0x81, 0x3e, 0x20, 0x4c,
    0x8f, 0xf3, 0x2, 0x4, 0x0, 0x81, 0x0, 0x20,
    0x80,

    /* U+667A "智" */
    0x18, 0x0, 0x18, 0x0, 0x1f, 0xf7, 0xec, 0x82,
    0x30, 0x41, 0x1f, 0xfe, 0x8c, 0x30, 0x46, 0x3f,
    0x3f, 0x31, 0x80, 0x70, 0x0, 0x17, 0xff, 0x83,
    0x0, 0xc1, 0x80, 0x60, 0xff, 0xf0, 0x60, 0x18,
    0x30, 0xc, 0x1f, 0xfe, 0xc, 0x3, 0x0,

    /* U+6682 "暂" */
    0x18, 0x2, 0x10, 0x7e, 0xff, 0x40, 0x20, 0x40,
    0x6c, 0x7f, 0xff, 0x7f, 0x4c, 0x44, 0xf, 0x44,
    0xfe, 0xc4, 0xc, 0x84, 0x0, 0x0, 0x3f, 0xfc,
    0x20, 0x4, 0x3f, 0xfc, 0x20, 0x4, 0x20, 0x4,
    0x3f, 0xfc, 0x20, 0x4,

    /* U+6691 "暑" */
    0x1f, 0xfe, 0x4, 0x0, 0x81, 0xff, 0xe0, 0x40,
    0x8, 0x1f, 0xfe, 0x0, 0x0, 0x0, 0x8, 0x20,
    0x7f, 0xfc, 0x0, 0x8c, 0x1f, 0xff, 0xf0, 0xc,
    0x0, 0x3f, 0xf8, 0x1c, 0x2, 0x3e, 0x0, 0x86,
    0xff, 0xe0, 0x20, 0x8, 0xf, 0xfe, 0x2, 0x0,
    0x80,

    /* U+66B4 "暴" */
    0x1f, 0xfe, 0x8, 0x1, 0x7, 0xff, 0x82, 0x0,
    0x41, 0xff, 0xe0, 0x10, 0x80, 0x8, 0x40, 0x7f,
    0xfe, 0x2, 0x10, 0x3f, 0xff, 0xc1, 0x2, 0x3,
    0x10, 0xcf, 0xc8, 0xf8, 0x3f, 0x84, 0x1a, 0xe0,
    0x71, 0x1c, 0x1, 0x83, 0x0, 0x80, 0x0,

    /* U+66F4 "更" */
    0xff, 0xff, 0x0, 0x40, 0x0, 0x20, 0x7, 0xff,
    0xc3, 0x8, 0x61, 0x84, 0x30, 0xff, 0xf8, 0x61,
    0xc, 0x30, 0x86, 0x1f, 0xff, 0x2, 0x20, 0x1,
    0xb0, 0x0, 0x70, 0x0, 0x1c, 0x0, 0x3b, 0xc1,
    0xf0, 0x7f, 0xe0, 0x1, 0x0,

    /* U+6708 "月" */
    0x1f, 0xfe, 0x30, 0x4, 0x60, 0x8, 0xc0, 0x11,
    0xff, 0xe3, 0x0, 0x46, 0x0, 0x8c, 0x1, 0x18,
    0x2, 0x3f, 0xfc, 0x60, 0x8, 0xc0, 0x13, 0x0,
    0x26, 0x0, 0x4c, 0x0, 0xb0, 0x1, 0xc0, 0x1e,

    /* U+6709 "有" */
    0x0, 0x80, 0x0, 0x60, 0x0, 0x18, 0x1, 0xff,
    0xff, 0x3, 0x0, 0x0, 0xc0, 0x0, 0x7f, 0xf0,
    0x30, 0x4, 0x1c, 0x1, 0xd, 0xff, 0xce, 0x40,
    0x11, 0x10, 0x4, 0x4, 0x1, 0x1, 0xff, 0xc0,
    0x40, 0x10, 0x10, 0x4, 0x4, 0xf, 0x1, 0x1,
    0x80,

    /* U+670D "服" */
    0x3e, 0x3f, 0x8, 0x88, 0x42, 0x22, 0x10, 0x88,
    0x8c, 0x3e, 0x27, 0x8, 0x88, 0x2, 0x23, 0xf8,
    0x88, 0xa6, 0x22, 0x29, 0xf, 0x8a, 0x42, 0x22,
    0xd0, 0x88, 0x9c, 0x62, 0x26, 0x18, 0x89, 0x84,
    0x22, 0x53, 0x38, 0xb7, 0x44, 0x28, 0x80,

    /* U+671F "期" */
    0x31, 0x80, 0xc, 0x67, 0xf3, 0x19, 0x8f, 0xff,
    0x63, 0x31, 0x98, 0xcc, 0x66, 0x33, 0xf9, 0xfc,
    0xc6, 0x63, 0x3f, 0x98, 0xcc, 0x66, 0x33, 0x19,
    0xff, 0xff, 0x63, 0x0, 0x18, 0xcc, 0xcc, 0x36,
    0x1b, 0xf, 0x3, 0xc3, 0x0, 0x61, 0xc0,

    /* U+6728 "木" */
    0x0, 0xc0, 0x0, 0x18, 0x0, 0x3, 0x0, 0x0,
    0x60, 0xf, 0xff, 0xfc, 0x7, 0xc0, 0x0, 0xfc,
    0x0, 0x17, 0x80, 0x6, 0xd8, 0x1, 0x9b, 0x0,
    0x33, 0x30, 0xc, 0x63, 0x3, 0xc, 0x70, 0xe1,
    0x87, 0x38, 0x30, 0x72, 0x6, 0x0, 0x0, 0xc0,
    0x0, 0x18, 0x0,

    /* U+672A "未" */
    0x0, 0xc0, 0x0, 0x18, 0x0, 0x3, 0x0, 0x1f,
    0xff, 0x80, 0xc, 0x0, 0x1, 0x80, 0x0, 0x30,
    0x0, 0x6, 0x0, 0xff, 0xff, 0xc0, 0x7c, 0x0,
    0xb, 0xc0, 0x3, 0x6c, 0x0, 0xcc, 0xc0, 0x31,
    0x8c, 0x1c, 0x30, 0xf7, 0x6, 0xe, 0x0, 0xc0,
    0x0, 0x18, 0x0,

    /* U+672C "本" */
    0x0, 0xc0, 0x0, 0x30, 0x0, 0xc, 0x0, 0x3,
    0x0, 0x7f, 0xff, 0xc0, 0xf8, 0x0, 0x3f, 0x0,
    0xb, 0x40, 0x6, 0xd8, 0x3, 0x32, 0x0, 0xcc,
    0xc0, 0x63, 0x18, 0x30, 0xc3, 0xbb, 0xff, 0x7c,
    0xc, 0x8, 0x3, 0x0, 0x0, 0xc0, 0x0, 0x30,
    0x0,

    /* U+673A "机" */
    0x18, 0x0, 0x6, 0x1f, 0x81, 0x84, 0x60, 0x61,
    0x18, 0xff, 0x46, 0x6, 0x11, 0x83, 0x84, 0x60,
    0xe1, 0x18, 0x3e, 0x46, 0x1e, 0x91, 0x87, 0xb4,
    0x63, 0x61, 0x18, 0xd8, 0x46, 0x26, 0x31, 0x81,
    0x88, 0x60, 0x62, 0x19, 0x19, 0x87, 0xc6, 0x41,
    0xf0,

    /* U+675F "束" */
    0x0, 0xc0, 0x0, 0x30, 0xf, 0xff, 0xfc, 0x3,
    0x0, 0x0, 0xc0, 0xf, 0xff, 0xc3, 0xc, 0x10,
    0xc3, 0x4, 0x3f, 0xff, 0x0, 0xfc, 0x0, 0x3d,
    0x80, 0x1b, 0x60, 0xc, 0xcc, 0xe, 0x31, 0x87,
    0xc, 0x3f, 0x3, 0x6, 0x0, 0xc0, 0x0,

    /* U+6761 "条" */
    0x4, 0x0, 0x0, 0xc0, 0x0, 0x3f, 0xf8, 0x6,
    0x7, 0x1, 0xe0, 0xc0, 0x66, 0x30, 0x18, 0x6c,
    0x1, 0x7, 0x0, 0x3, 0xf8, 0x1, 0xe3, 0xe3,
    0xe3, 0x1f, 0x20, 0x60, 0x7, 0xff, 0xf8, 0x1,
    0x80, 0x3, 0x32, 0x0, 0xe6, 0x70, 0x30, 0xc3,
    0xc, 0x78, 0x30, 0xe, 0x0, 0x0,

    /* U+6765 "来" */
    0x0, 0xc0, 0x0, 0x30, 0x0, 0xc, 0x1, 0xff,
    0xfe, 0x0, 0xc0, 0x6, 0x31, 0x80, 0xcc, 0xc0,
    0x33, 0x30, 0x0, 0xc8, 0x3f, 0xff, 0xf0, 0x3f,
    0x0, 0x1b, 0x60, 0xc, 0xcc, 0x7, 0x33, 0x83,
    0x8c, 0x3b, 0x83, 0x7, 0x40, 0xc0, 0x0, 0x30,
    0x0,

    /* U+676D "杭" */
    0x0, 0x0, 0x4, 0xc, 0x1, 0x1, 0x80, 0x40,
    0x40, 0x11, 0xff, 0xbf, 0x0, 0x1, 0x0, 0x0,
    0x40, 0x0, 0x30, 0x7e, 0xf, 0x11, 0x87, 0x44,
    0x61, 0x59, 0x18, 0xd0, 0xc6, 0x24, 0x31, 0x81,
    0xc, 0x60, 0x42, 0x1a, 0x11, 0x86, 0xc4, 0xc1,
    0xe1, 0x20, 0x0,

    /* U+677E "松" */
    0xc, 0x2, 0x0, 0xc3, 0x20, 0xc, 0x33, 0x0,
    0xc3, 0x10, 0x7f, 0x21, 0x80, 0xc6, 0x8, 0x1c,
    0x40, 0xe1, 0xec, 0xc6, 0x1f, 0x8, 0x3, 0xd9,
    0x80, 0x2d, 0x98, 0x6, 0xc1, 0x18, 0xcc, 0x31,
    0x84, 0xc3, 0xc, 0xc, 0x20, 0xc0, 0xc7, 0xfc,
    0xc, 0x70, 0x60, 0xc0, 0x4,

    /* U+6781 "极" */
    0x10, 0x0, 0x4, 0x7f, 0x81, 0x4, 0x60, 0x41,
    0x18, 0xfe, 0x46, 0x4, 0x11, 0x3, 0x4, 0x78,
    0xd1, 0x4, 0x3e, 0x61, 0x1d, 0x98, 0xc5, 0x2b,
    0x33, 0x42, 0x68, 0x90, 0x8e, 0x24, 0x63, 0x1,
    0x11, 0xe0, 0x4c, 0xec, 0x16, 0x71, 0xc4, 0xb0,
    0x20,

    /* U+6790 "析" */
    0xc, 0x0, 0x81, 0x80, 0x70, 0x30, 0xfd, 0x6,
    0x10, 0x7, 0xfa, 0x0, 0x18, 0x40, 0x7, 0x8,
    0x0, 0xe1, 0xff, 0x1f, 0x23, 0x7, 0xa4, 0x60,
    0xb6, 0x8c, 0x36, 0x11, 0x8c, 0xc6, 0x30, 0x98,
    0x86, 0x3, 0x10, 0xc0, 0x66, 0x18, 0xc, 0xc3,
    0x1, 0x90, 0x60,

    /* U+679C "果" */
    0x3f, 0xfe, 0xc, 0x30, 0x83, 0xc, 0x20, 0xc3,
    0x8, 0x3f, 0xfe, 0xc, 0x30, 0x83, 0xc, 0x20,
    0xff, 0xf8, 0x0, 0xc0, 0x0, 0x30, 0xf, 0xff,
    0xfc, 0xb, 0x40, 0x6, 0xd8, 0x3, 0x33, 0x3,
    0x8c, 0x73, 0x83, 0xf, 0xc0, 0xc0, 0x80, 0x30,
    0x0,

    /* U+67B6 "架" */
    0xc, 0x0, 0x2, 0x0, 0x7, 0xf9, 0xf8, 0x22,
    0x42, 0x8, 0x90, 0x86, 0x24, 0x21, 0x9, 0x8,
    0xc6, 0x7e, 0xe3, 0x0, 0x10, 0x30, 0x0, 0xc,
    0x3, 0xff, 0xff, 0x1, 0xf0, 0x1, 0xb6, 0x0,
    0xcc, 0xe0, 0xe3, 0xf, 0x60, 0xc0, 0xc0, 0x30,
    0x0,

    /* U+67C4 "柄" */
    0x10, 0x0, 0x4, 0x7f, 0xf1, 0x0, 0x83, 0xf8,
    0x20, 0xfe, 0x8, 0x4, 0x7f, 0xe3, 0x10, 0x88,
    0xd4, 0x22, 0x3d, 0x18, 0x9d, 0xc7, 0x25, 0x33,
    0x6b, 0x44, 0x8e, 0x11, 0xe2, 0x84, 0x50, 0x21,
    0x10, 0x8, 0x44, 0x2, 0x11, 0x3, 0x84, 0x40,
    0xc0,

    /* U+67D3 "染" */
    0x0, 0x20, 0x2, 0x4, 0x0, 0x30, 0x80, 0x0,
    0xff, 0x6, 0x2, 0x20, 0x70, 0xc4, 0x1, 0x18,
    0x80, 0x66, 0x12, 0x19, 0x82, 0x46, 0xe0, 0x78,
    0x89, 0x0, 0x0, 0x20, 0x7, 0xff, 0xfc, 0x7,
    0xe0, 0x0, 0xd6, 0x0, 0x72, 0x60, 0x1c, 0x47,
    0x8e, 0x8, 0x39, 0x81, 0x0, 0x0,

    /* U+67E5 "查" */
    0x0, 0xc0, 0x0, 0x18, 0x1, 0xff, 0xfe, 0x1,
    0x78, 0x0, 0x6d, 0x80, 0x39, 0x9e, 0xc, 0x30,
    0xf2, 0xff, 0xe4, 0x18, 0x4, 0x3, 0x0, 0x80,
    0x7f, 0xf0, 0xc, 0x2, 0x1, 0xff, 0xc0, 0x0,
    0x0, 0x0, 0x0, 0x0, 0x0, 0x0, 0x7f, 0xff,
    0xc0,

    /* U+67E9 "柩" */
    0x18, 0x0, 0x6, 0x3f, 0xf1, 0x88, 0x2, 0x62,
    0x20, 0xfe, 0x98, 0x6, 0x27, 0xc3, 0x89, 0x30,
    0xe2, 0xcc, 0x3e, 0xe2, 0x1e, 0xa1, 0x85, 0xa8,
    0x73, 0x62, 0x36, 0x98, 0x99, 0x86, 0x2c, 0x31,
    0x8a, 0x8, 0x62, 0x0, 0x18, 0xff, 0xc6, 0x0,
    0x0,

    /* U+67F1 "柱" */
    0x18, 0x18, 0x6, 0x2, 0x1, 0x80, 0x80, 0x63,
    0xfe, 0xff, 0x8, 0x6, 0x2, 0x3, 0x80, 0x80,
    0xe0, 0x20, 0x3e, 0x8, 0x1e, 0x9f, 0xe5, 0xb0,
    0x83, 0x60, 0x20, 0x98, 0x8, 0x26, 0x2, 0x1,
    0x80, 0x80, 0x60, 0x20, 0x19, 0xff, 0xc6, 0x0,
    0x0,

    /* U+6807 "标" */
    0x8, 0x0, 0x1, 0xf, 0xf8, 0x20, 0x0, 0x4,
    0x0, 0x7, 0xf0, 0x0, 0x10, 0x0, 0x6, 0x3f,
    0xf8, 0xf0, 0x20, 0x1e, 0x4, 0x7, 0x60, 0x90,
    0xa8, 0x96, 0x34, 0x32, 0x64, 0x86, 0x4c, 0x11,
    0x88, 0xc2, 0x31, 0x18, 0x44, 0x20, 0x8, 0x1c,
    0x1, 0x3, 0x0,

    /* U+6808 "栈" */
    0x18, 0x12, 0x3, 0x2, 0x60, 0x60, 0x44, 0xc,
    0x8, 0x4f, 0xe1, 0xf8, 0x31, 0xe0, 0x6, 0x4,
    0x11, 0xc0, 0x9e, 0x3e, 0x3e, 0xf, 0x5f, 0x1,
    0x6a, 0x26, 0x6c, 0x5, 0x89, 0x80, 0xf0, 0x30,
    0xc, 0x86, 0x7, 0x98, 0xc3, 0xda, 0x18, 0xe1,
    0xc3, 0x0, 0x10,

    /* U+6821 "校" */
    0x18, 0x18, 0x6, 0x2, 0x1, 0x80, 0x0, 0x67,
    0xff, 0xfe, 0x0, 0x6, 0x1c, 0xc3, 0x86, 0x38,
    0xe3, 0x7, 0x3e, 0x80, 0x9e, 0x90, 0xc5, 0xa6,
    0x23, 0x60, 0x98, 0xd8, 0x3c, 0x6, 0x7, 0x1,
    0x81, 0xc0, 0x61, 0xf8, 0x19, 0xe3, 0xc6, 0xe0,
    0x60,

    /* U+6837 "样" */
    0x0, 0x0, 0x4, 0x18, 0x81, 0x2, 0x60, 0x40,
    0x90, 0x10, 0xff, 0xbf, 0x82, 0x1, 0x0, 0x80,
    0xc0, 0x20, 0x30, 0x8, 0xf, 0x3f, 0xe7, 0x60,
    0x81, 0x5c, 0x20, 0xd0, 0x8, 0x24, 0x7f, 0xf1,
    0x0, 0x80, 0x40, 0x20, 0x10, 0x8, 0x4, 0x2,
    0x1, 0x0, 0x80,

    /* U+683D "栽" */
    0x4, 0x30, 0x1, 0xc, 0x83, 0xfb, 0x30, 0x10,
    0xc0, 0x4, 0x30, 0x1f, 0xff, 0xf0, 0x3, 0x0,
    0x10, 0xc0, 0x4, 0x11, 0x1f, 0xe6, 0xc0, 0xc1,
    0xa0, 0x34, 0x38, 0x1d, 0x8c, 0xd, 0x23, 0x7,
    0x41, 0xe5, 0x90, 0xcf, 0x4, 0xe3, 0xc1, 0x10,
    0x20,

    /* U+6865 "桥" */
    0x0, 0x0, 0x4, 0xf, 0xc1, 0x1f, 0x0, 0x40,
    0x40, 0x10, 0x10, 0x1f, 0x7f, 0xe1, 0x2, 0xc0,
    0xe1, 0x90, 0x3c, 0x66, 0xd, 0x30, 0x87, 0x58,
    0x39, 0x4f, 0x9f, 0xd3, 0x66, 0x34, 0x19, 0x81,
    0x6, 0x60, 0x41, 0x18, 0x10, 0xc6, 0x4, 0x71,
    0x81, 0x18, 0x60,

    /* U+6881 "梁" */
    0x20, 0x0, 0x1d, 0xfe, 0x2, 0x19, 0x8, 0x2c,
    0x8e, 0x16, 0x71, 0x1a, 0x2c, 0x23, 0x16, 0x33,
    0x88, 0x73, 0x9c, 0x30, 0x48, 0x0, 0x20, 0x1f,
    0xff, 0xf0, 0x3e, 0x0, 0x35, 0x80, 0x72, 0x60,
    0xf1, 0x1e, 0x60, 0x83, 0x0, 0x40, 0x0,

    /* U+68B0 "械" */
    0x10, 0x5, 0x82, 0x0, 0x90, 0x40, 0x12, 0x8,
    0xff, 0xef, 0xe0, 0x40, 0x20, 0x8, 0xc, 0x29,
    0x31, 0x85, 0x26, 0x38, 0xa4, 0x8f, 0xbf, 0x91,
    0xda, 0x9e, 0x28, 0x51, 0x85, 0xa, 0x30, 0x21,
    0x46, 0x4, 0x49, 0xd0, 0x98, 0x6f, 0x10, 0x18,
    0xe2, 0x1, 0x8,

    /* U+68C0 "检" */
    0x10, 0x18, 0x2, 0x7, 0x0, 0x40, 0xa0, 0x8,
    0x32, 0xf, 0xec, 0x60, 0x23, 0x87, 0xc, 0xff,
    0x31, 0x88, 0x0, 0x3c, 0x11, 0xf, 0x96, 0x31,
    0x5e, 0x44, 0x68, 0x6d, 0x89, 0xd, 0xb0, 0x21,
    0x84, 0x4, 0x11, 0x80, 0x80, 0x20, 0x13, 0xff,
    0xc2, 0x0, 0x0,

    /* U+6A21 "模" */
    0x10, 0x26, 0x2, 0x4, 0xc0, 0x47, 0xff, 0x8,
    0x13, 0x1, 0x0, 0x1, 0xf9, 0xff, 0x4, 0x20,
    0x21, 0x87, 0xfc, 0x3c, 0x80, 0x8e, 0xd0, 0x11,
    0x5b, 0xfe, 0x68, 0xc, 0x1, 0x1f, 0xfc, 0x20,
    0x38, 0x4, 0xd, 0x80, 0x83, 0x98, 0x11, 0xc1,
    0x82, 0x70, 0x18,

    /* U+6B21 "次" */
    0x0, 0x0, 0x0, 0x30, 0x4, 0xc, 0x1, 0x82,
    0x0, 0x31, 0xff, 0x86, 0x40, 0x61, 0x30, 0x30,
    0x8, 0xcc, 0x2, 0x31, 0x0, 0xc, 0x1, 0x83,
    0x0, 0x60, 0xc0, 0x30, 0x78, 0x8, 0x12, 0x6,
    0xc, 0xc3, 0xe, 0x1c, 0x47, 0x3, 0x83, 0x0,
    0x30,

    /* U+6B62 "止" */
    0x0, 0x60, 0x0, 0xc, 0x0, 0x1, 0x80, 0x0,
    0x30, 0x1, 0x86, 0x0, 0x30, 0xc0, 0x6, 0x1f,
    0xe0, 0xc3, 0x0, 0x18, 0x60, 0x3, 0xc, 0x0,
    0x61, 0x80, 0xc, 0x30, 0x1, 0x86, 0x0, 0x30,
    0xc0, 0x6, 0x18, 0x7, 0xff, 0xff,

    /* U+6B63 "正" */
    0x7f, 0xff, 0x80, 0x60, 0x0, 0x30, 0x0, 0x18,
    0x0, 0xc, 0x0, 0xc6, 0x0, 0x63, 0xfc, 0x31,
    0x80, 0x18, 0xc0, 0xc, 0x60, 0x6, 0x30, 0x3,
    0x18, 0x1, 0x8c, 0x0, 0xc6, 0x3, 0xff, 0xfe,

    /* U+6B65 "步" */
    0x0, 0x40, 0x0, 0x10, 0x0, 0x84, 0x0, 0x21,
    0xfc, 0x8, 0x40, 0x2, 0x10, 0x0, 0x84, 0x3,
    0xff, 0xff, 0x0, 0x40, 0x0, 0x10, 0x0, 0xc4,
    0x18, 0x61, 0xc, 0x30, 0x46, 0x18, 0x13, 0x0,
    0x7, 0x80, 0x3, 0x80, 0xff, 0x80, 0x1e, 0x0,
    0x0,

    /* U+6B93 "殓" */
    0x0, 0xc, 0x0, 0x3, 0x83, 0xfc, 0x58, 0x8,
    0x19, 0x3, 0x6, 0x18, 0x61, 0xc3, 0x8f, 0xff,
    0xd3, 0x30, 0x0, 0x46, 0x11, 0x1c, 0xd3, 0x32,
    0xd3, 0x64, 0xe, 0x64, 0x80, 0xcc, 0xb0, 0x30,
    0x86, 0xc, 0x0, 0x83, 0x80, 0x10, 0xe3, 0xff,
    0xc0,

    /* U+6BB5 "段" */
    0x1f, 0x3e, 0xe, 0x8, 0x83, 0x2, 0x20, 0xc0,
    0x88, 0x3f, 0x23, 0xcc, 0x10, 0xe3, 0x4, 0x0,
    0xc0, 0x0, 0x3f, 0x7f, 0xc, 0x8, 0xc3, 0x2,
    0x30, 0xcc, 0x48, 0xff, 0x1e, 0x1c, 0x7, 0x3,
    0x3, 0xe0, 0xc3, 0x8f, 0x30, 0xc0, 0xc0,

    /* U+6BCF "每" */
    0xc, 0x0, 0x3, 0x0, 0x1, 0xff, 0xf8, 0xc0,
    0x0, 0x30, 0x0, 0x1b, 0xff, 0x84, 0x88, 0x60,
    0x23, 0x10, 0x8, 0x44, 0x1f, 0xff, 0xf0, 0x98,
    0x40, 0x23, 0x10, 0x8, 0x64, 0x2, 0x11, 0x1,
    0xff, 0xf0, 0x0, 0x10, 0x0, 0x1c, 0x0, 0x6,
    0x0,

    /* U+6BDB "毛" */
    0x0, 0xc, 0x0, 0xff, 0x1f, 0xe0, 0x4, 0x20,
    0x0, 0x10, 0x0, 0x9, 0xe0, 0x3f, 0xe0, 0xfa,
    0x0, 0x1, 0x0, 0x0, 0x9f, 0x83, 0xff, 0x1f,
    0xe0, 0x8, 0x10, 0x0, 0x8, 0x8, 0x4, 0x6,
    0x2, 0x3, 0x1, 0xff, 0x0,

    /* U+6C14 "气" */
    0xc, 0x0, 0x6, 0x0, 0x1, 0xff, 0xf0, 0xc0,
    0x0, 0x30, 0x0, 0x1b, 0xff, 0x84, 0x0, 0x0,
    0x0, 0x0, 0x3f, 0xfe, 0x0, 0x1, 0x80, 0x0,
    0x60, 0x0, 0x18, 0x0, 0x6, 0x0, 0x1, 0xa0,
    0x0, 0x6c, 0x0, 0xf, 0x0, 0x3, 0x80, 0x0,
    0x0,

    /* U+6C34 "水" */
    0x0, 0xc0, 0x0, 0x18, 0x0, 0x3, 0x0, 0x0,
    0x60, 0x0, 0xc, 0x19, 0xfd, 0xc6, 0x1, 0x39,
    0x80, 0x27, 0xe0, 0xc, 0xd0, 0x1, 0x9b, 0x0,
    0x63, 0x30, 0x8, 0x63, 0x3, 0xc, 0x70, 0xc1,
    0x87, 0xb0, 0x30, 0x30, 0x6, 0x0, 0x3, 0xc0,
    0x0, 0x60, 0x0,

    /* U+6C42 "求" */
    0x0, 0xc0, 0x0, 0x33, 0x80, 0xc, 0x30, 0x3,
    0x0, 0x7f, 0xff, 0xc0, 0x30, 0x0, 0xc, 0x0,
    0xc3, 0x8e, 0x1c, 0xe3, 0x2, 0x3d, 0x0, 0x3d,
    0x80, 0x1b, 0x60, 0xc, 0xcc, 0xe, 0x31, 0x86,
    0xc, 0x39, 0x3, 0x7, 0x3, 0xc0, 0x0, 0xc0,
    0x0,

    /* U+6C47 "汇" */
    0x30, 0x0, 0xe, 0x7f, 0xf0, 0x98, 0x0, 0x6,
    0x0, 0x1, 0x80, 0x18, 0x60, 0x3, 0x98, 0x0,
    0x46, 0x0, 0x1, 0x80, 0x0, 0x60, 0x0, 0xd8,
    0x0, 0x26, 0x0, 0x19, 0x80, 0xc, 0x60, 0x6,
    0x18, 0x1, 0x87, 0xff,

    /* U+6C60 "池" */
    0x0, 0x10, 0x4, 0x2, 0x0, 0xc0, 0x40, 0xc,
    0x8, 0x0, 0x99, 0x0, 0x3, 0x23, 0x0, 0x67,
    0xe7, 0xd, 0xe4, 0x73, 0xf0, 0x80, 0xf2, 0x10,
    0x6, 0x42, 0x0, 0xc8, 0x41, 0x99, 0x78, 0x63,
    0x20, 0xc, 0x60, 0x1b, 0xc, 0x2, 0x61, 0x80,
    0xd8, 0x1f, 0xf8,

    /* U+6C90 "沐" */
    0x20, 0x10, 0xe, 0x4, 0x1, 0x81, 0x0, 0x0,
    0x40, 0x3, 0xff, 0xd8, 0xe, 0x7, 0x83, 0x80,
    0x41, 0xf0, 0x0, 0x54, 0x4, 0x35, 0x81, 0x89,
    0x20, 0xc6, 0x4c, 0x33, 0x11, 0xc9, 0x84, 0x26,
    0x1, 0x3, 0x80, 0x40, 0x0, 0x10, 0x0,

    /* U+6C99 "沙" */
    0x0, 0x18, 0x6, 0x3, 0x0, 0x60, 0x60, 0x4,
    0xd, 0xc0, 0x19, 0x9c, 0x83, 0x31, 0xd8, 0x66,
    0x19, 0xc8, 0xc0, 0x13, 0x18, 0x80, 0x63, 0x38,
    0x60, 0x66, 0x8, 0x1, 0x83, 0x0, 0x60, 0x60,
    0x18, 0x18, 0xe, 0x3, 0x7, 0x80, 0x63, 0xc0,
    0x0, 0x40, 0x0,

    /* U+6CA1 "没" */
    0x20, 0x0, 0x18, 0x7e, 0x7, 0x21, 0x1, 0x10,
    0x80, 0x18, 0x47, 0xc, 0x21, 0xcc, 0x1e, 0x64,
    0x0, 0x0, 0x0, 0x1, 0xff, 0x2, 0x21, 0x83,
    0x18, 0x81, 0x4, 0xc1, 0x83, 0x40, 0x80, 0xe0,
    0xc1, 0xd8, 0xc7, 0xc7, 0x83, 0x0, 0xc0,

    /* U+6CBB "治" */
    0x0, 0x0, 0x6, 0x6, 0x0, 0xe0, 0x80, 0x4,
    0x31, 0x0, 0xc, 0x30, 0x3, 0x3, 0x38, 0xc2,
    0xf3, 0xdf, 0xf6, 0x12, 0x0, 0x40, 0x0, 0x0,
    0x7, 0xfe, 0xc, 0xc0, 0xc1, 0x18, 0x18, 0x63,
    0x3, 0xc, 0x60, 0x63, 0xf, 0xfc, 0xe1, 0x81,
    0x88, 0x30, 0x30,

    /* U+6CD5 "法" */
    0x0, 0x18, 0x4, 0x3, 0x0, 0xe0, 0x60, 0xe,
    0xc, 0x0, 0x1f, 0xfc, 0x80, 0x30, 0x38, 0x6,
    0x1, 0xc0, 0xc0, 0x7, 0xff, 0xe0, 0x6, 0x0,
    0x20, 0xc0, 0x6, 0x30, 0x1, 0x84, 0x30, 0x21,
    0x83, 0xc, 0x60, 0x63, 0x1f, 0xfe, 0x63, 0x80,
    0x60,

    /* U+6CE8 "注" */
    0x0, 0x20, 0x4, 0x6, 0x0, 0xe0, 0x60, 0xc,
    0x0, 0x0, 0x3f, 0xfc, 0x0, 0x30, 0x18, 0x6,
    0x1, 0xc0, 0xc0, 0x10, 0x18, 0x0, 0x3f, 0xf8,
    0x20, 0x60, 0x6, 0xc, 0x1, 0x81, 0x80, 0x20,
    0x30, 0xc, 0x6, 0x1, 0x80, 0xc0, 0x60, 0x18,
    0x1c, 0x7f, 0xfc, 0x0, 0x0, 0x0,

    /* U+6D41 "流" */
    0x0, 0x0, 0x10, 0x18, 0x6, 0x3, 0x0, 0xdf,
    0xfe, 0x0, 0x40, 0x0, 0x30, 0xc, 0x18, 0xc3,
    0x8c, 0x18, 0x77, 0xff, 0x0, 0x80, 0x40, 0x0,
    0x10, 0x6, 0x90, 0x11, 0x24, 0xc, 0x49, 0x2,
    0x12, 0x41, 0x84, 0x90, 0x43, 0x24, 0xb1, 0x89,
    0x30, 0xc2, 0x78, 0x0, 0x0,

    /* U+6D53 "浓" */
    0x0, 0x18, 0x18, 0x6, 0x7, 0x1, 0x0, 0x5f,
    0xfe, 0x6, 0x30, 0xa1, 0x8c, 0x2e, 0x7, 0x1,
    0xc1, 0xc0, 0x0, 0xd8, 0x80, 0x36, 0x62, 0x1c,
    0xb0, 0xcf, 0x38, 0x2e, 0xc6, 0x1b, 0x31, 0x86,
    0xd, 0x33, 0x3, 0xc6, 0xc0, 0xe0, 0xd0, 0x30,
    0x0,

    /* U+6D6E "浮" */
    0x20, 0x7, 0xe, 0xff, 0xe0, 0x82, 0x18, 0xc,
    0x8c, 0x3, 0x33, 0x18, 0x41, 0x87, 0x0, 0x0,
    0x4f, 0xfc, 0x0, 0xe, 0x0, 0x7, 0x2, 0x3,
    0x0, 0xc0, 0xc0, 0x37, 0xff, 0xd8, 0xc, 0x6,
    0x3, 0x3, 0x0, 0xc0, 0xc0, 0xf0, 0x10, 0x18,
    0x0,

    /* U+6D74 "浴" */
    0x0, 0x0, 0x30, 0xc6, 0xe, 0xc1, 0x80, 0xc4,
    0x60, 0x6, 0x4, 0x3, 0x83, 0x83, 0x60, 0xe3,
    0x10, 0x1, 0xe, 0x3, 0x83, 0x83, 0xff, 0xc6,
    0x20, 0x82, 0x10, 0x43, 0x8, 0x21, 0x84, 0x11,
    0x83, 0xf8, 0xc1, 0x4, 0x0, 0x82, 0x0,

    /* U+6D82 "涂" */
    0x0, 0x20, 0x0, 0xc, 0x6, 0x3, 0x80, 0xe1,
    0xa0, 0x18, 0xcc, 0x0, 0x61, 0x80, 0x38, 0x3b,
    0x9f, 0xff, 0x36, 0x10, 0x0, 0x4, 0x0, 0x1,
    0x0, 0x1f, 0xfe, 0x30, 0x10, 0xc, 0x44, 0x82,
    0x19, 0x31, 0x8c, 0x44, 0x66, 0x11, 0xb3, 0x1c,
    0x4, 0x6, 0x0,

    /* U+6D88 "消" */
    0x0, 0x18, 0x4, 0x23, 0x8, 0xc6, 0x63, 0x8c,
    0x4c, 0xc0, 0x9, 0x90, 0x0, 0x30, 0x18, 0x7f,
    0xf3, 0xcc, 0x6, 0x11, 0x80, 0xc0, 0x3f, 0xf8,
    0x46, 0x3, 0xc, 0xc0, 0x61, 0x18, 0xc, 0x63,
    0xff, 0x8c, 0x60, 0x33, 0xc, 0x6, 0x61, 0x83,
    0xc4, 0x30, 0x30,

    /* U+6E05 "清" */
    0x0, 0x30, 0x10, 0xc, 0x7, 0x7f, 0xf8, 0x40,
    0xc0, 0x3, 0xff, 0xa0, 0xc, 0xc, 0x3, 0x3,
    0xff, 0xff, 0x20, 0x0, 0x0, 0xff, 0xc1, 0x30,
    0x30, 0x4f, 0xfc, 0x33, 0x3, 0x8, 0xc0, 0xc6,
    0x3f, 0xf1, 0xc, 0xc, 0xc3, 0x7, 0x0, 0xc1,
    0x80,

    /* U+6E14 "渔" */
    0x0, 0x60, 0x1c, 0x30, 0x3, 0x8f, 0xe0, 0x66,
    0x18, 0x3, 0xc, 0x1, 0x82, 0x4, 0xff, 0xf9,
    0xc4, 0x66, 0x11, 0x19, 0x80, 0x7f, 0xe0, 0x11,
    0x98, 0x44, 0x66, 0x11, 0x19, 0x8c, 0x7f, 0xe2,
    0x0, 0x1, 0x80, 0x0, 0xc7, 0xff, 0xc0, 0x0,
    0x0,

    /* U+6E20 "渠" */
    0x10, 0x0, 0x3, 0x3f, 0xf8, 0x6, 0x0, 0x38,
    0xff, 0x83, 0x18, 0x10, 0x3, 0x2, 0x2, 0x7f,
    0xc0, 0xcc, 0x0, 0x71, 0xff, 0x8c, 0x18, 0x0,
    0x3, 0x0, 0x7f, 0xff, 0xe0, 0x3f, 0x0, 0xd,
    0xb0, 0x3, 0xb3, 0x81, 0xc6, 0x3e, 0xe0, 0xc1,
    0xc8, 0x18, 0x0,

    /* U+6E21 "渡" */
    0x0, 0x10, 0x1c, 0x4, 0x1, 0xbf, 0xfc, 0x8,
    0x98, 0x2, 0x26, 0x38, 0xff, 0xf3, 0x22, 0x60,
    0xc8, 0x98, 0x2, 0x3e, 0x0, 0x80, 0x1, 0x2f,
    0xf0, 0xc8, 0x8c, 0x26, 0x36, 0x19, 0x7, 0x6,
    0xc1, 0x83, 0x31, 0xfc, 0x9, 0xc3, 0xc0,

    /* U+6E29 "温" */
    0x63, 0xfe, 0xe, 0xc0, 0x81, 0x30, 0x20, 0xf,
    0xf8, 0xc3, 0x2, 0x18, 0xc0, 0x82, 0x3f, 0xe0,
    0x0, 0x0, 0x0, 0x0, 0xd, 0xff, 0xc2, 0x64,
    0x90, 0x99, 0x24, 0x66, 0x49, 0x11, 0x92, 0x44,
    0x64, 0x93, 0x19, 0x24, 0xdf, 0xff, 0xc0,

    /* U+6E7F "湿" */
    0x61, 0xff, 0x86, 0x20, 0x10, 0x64, 0x2, 0x0,
    0xff, 0xc0, 0x10, 0x9, 0xc2, 0x1, 0xc, 0x7f,
    0xe0, 0x80, 0x0, 0x0, 0x0, 0x0, 0xc, 0xc0,
    0x59, 0x99, 0x99, 0xb3, 0x33, 0x36, 0x6c, 0x42,
    0xcd, 0x18, 0x59, 0xa2, 0x3, 0x30, 0xc7, 0xff,
    0xe0,

    /* U+6EE1 "满" */
    0x0, 0x44, 0xc, 0x11, 0x3, 0xff, 0xfc, 0x1,
    0x10, 0x0, 0x44, 0x0, 0x0, 0x6, 0x7f, 0xfd,
    0xc1, 0x90, 0x0, 0x64, 0x1, 0xff, 0xe1, 0xe4,
    0x48, 0x59, 0x92, 0x36, 0x7c, 0x89, 0xb2, 0xa6,
    0x79, 0xab, 0x18, 0x42, 0x46, 0x3, 0x81, 0x80,
    0xe0,

    /* U+706B "火" */
    0x0, 0x80, 0x0, 0x20, 0x0, 0x8, 0x0, 0x42,
    0x8, 0x10, 0x86, 0xc, 0x21, 0x3, 0x8, 0xc0,
    0x86, 0x30, 0x61, 0xc0, 0x0, 0x50, 0x0, 0x14,
    0x0, 0xd, 0x80, 0x6, 0x30, 0x1, 0x86, 0x1,
    0xc0, 0xe0, 0xe0, 0x1e, 0xf0, 0x3, 0x90, 0x0,
    0x0,

    /* U+7076 "灶" */
    0x8, 0xc, 0x1, 0x1, 0x80, 0x20, 0x30, 0x4,
    0x6, 0x0, 0xb0, 0xc0, 0xd4, 0x18, 0x1b, 0x3f,
    0xf2, 0x40, 0x60, 0x48, 0xc, 0x9, 0x1, 0x80,
    0x20, 0x30, 0x6, 0x6, 0x1, 0xe0, 0xc0, 0x26,
    0x18, 0xc, 0x43, 0x1, 0x0, 0x60, 0x61, 0xff,
    0xe8, 0x0, 0x0,

    /* U+7078 "灸" */
    0x0, 0x0, 0x0, 0xc0, 0x0, 0x60, 0x0, 0x3f,
    0xf0, 0x18, 0x18, 0x1c, 0x1c, 0x0, 0xf, 0x80,
    0xe, 0x38, 0x1e, 0x3, 0xbe, 0x30, 0x64, 0xc,
    0x40, 0x63, 0x18, 0x18, 0xc4, 0x4, 0x73, 0x1,
    0x12, 0x0, 0x1c, 0xe0, 0x1e, 0xe, 0x3e, 0x1,
    0xf4, 0x0, 0x0,

    /* U+70E7 "烧" */
    0x10, 0x20, 0x4, 0x9, 0xc1, 0x1f, 0xe0, 0x46,
    0xc4, 0x52, 0x13, 0x15, 0x87, 0x5, 0x83, 0x89,
    0x43, 0xb3, 0xd1, 0x87, 0xb4, 0x0, 0xc1, 0x1f,
    0xfc, 0x60, 0x90, 0x3c, 0x64, 0x9, 0x99, 0x2,
    0x24, 0x45, 0x83, 0x13, 0xc7, 0x87, 0x80, 0x80,
    0x0,

    /* U+70ED "热" */
    0x8, 0x10, 0x2, 0x4, 0x0, 0x81, 0x1, 0xfb,
    0xf8, 0x8, 0x12, 0x2, 0x4, 0x80, 0xef, 0x21,
    0xe1, 0xc8, 0x48, 0x3a, 0x2, 0x1b, 0xd0, 0x8c,
    0x1c, 0xe7, 0x7, 0x0, 0x80, 0xc, 0x4, 0x43,
    0x21, 0x19, 0x8c, 0x62, 0x61, 0x18, 0xc0, 0x0,
    0x0,

    /* U+711A "焚" */
    0xc, 0xc, 0x1, 0x81, 0x80, 0x30, 0x30, 0x7f,
    0xff, 0xe1, 0xc0, 0xc0, 0x3e, 0x3a, 0xb, 0x6f,
    0x67, 0x63, 0x66, 0xcc, 0xcc, 0x40, 0x10, 0x0,
    0x43, 0x8, 0xc, 0x61, 0x83, 0x1c, 0x60, 0x43,
    0x44, 0x0, 0xcc, 0x0, 0x30, 0xe0, 0x7c, 0x7,
    0x9e, 0x0, 0x38,

    /* U+7247 "片" */
    0x0, 0x18, 0x6, 0x6, 0x1, 0x81, 0x80, 0x60,
    0x60, 0x18, 0x18, 0x6, 0x6, 0x1, 0xff, 0xfc,
    0x60, 0x0, 0x18, 0x0, 0x6, 0x0, 0x1, 0x80,
    0x0, 0x7f, 0xf8, 0x38, 0x6, 0xc, 0x1, 0x83,
    0x0, 0x60, 0xc0, 0x18, 0x60, 0x6, 0x38, 0x1,
    0x84, 0x0, 0x60,

    /* U+7259 "牙" */
    0x3f, 0xff, 0x80, 0x6, 0x0, 0xc1, 0x80, 0x30,
    0x60, 0x18, 0x18, 0x4, 0x6, 0x3, 0xff, 0xfc,
    0x1, 0xe0, 0x0, 0xd8, 0x0, 0x36, 0x0, 0x19,
    0x80, 0xc, 0x60, 0xe, 0x18, 0xe, 0x6, 0xf,
    0x1, 0x81, 0x1, 0xe0, 0x0, 0x40, 0x0,

    /* U+725B "牛" */
    0x0, 0x60, 0x3, 0x18, 0x0, 0x86, 0x0, 0x61,
    0x80, 0x1f, 0xff, 0x8c, 0x18, 0x3, 0x6, 0x1,
    0x81, 0x80, 0x0, 0x60, 0x0, 0x18, 0xf, 0xff,
    0xfc, 0x1, 0x80, 0x0, 0x60, 0x0, 0x18, 0x0,
    0x6, 0x0, 0x1, 0x80, 0x0, 0x60, 0x0, 0x18,
    0x0,

    /* U+7267 "牧" */
    0x8, 0x0, 0x2, 0x4, 0x0, 0x83, 0x1, 0xa0,
    0xc0, 0x48, 0x3f, 0x9f, 0x98, 0xcc, 0x84, 0x33,
    0x23, 0x8c, 0x88, 0xe2, 0x2, 0xc8, 0x80, 0xe3,
    0x61, 0xe0, 0x50, 0xe8, 0x1c, 0x2, 0x6, 0x0,
    0x83, 0x40, 0x21, 0x9c, 0x9, 0xc1, 0x82, 0x60,
    0x20,

    /* U+7279 "特" */
    0x8, 0x8, 0x2, 0x2, 0x6, 0x87, 0xf9, 0xa0,
    0x20, 0x7e, 0x8, 0x1f, 0x82, 0xc, 0x8f, 0xff,
    0x20, 0x8, 0x8, 0x2, 0x3, 0x80, 0x81, 0xcf,
    0xff, 0xe0, 0x8, 0x48, 0x22, 0x2, 0x18, 0x80,
    0x83, 0x20, 0x20, 0x8, 0x8, 0xe, 0x2, 0x3,
    0x0,

    /* U+72B6 "状" */
    0xc, 0x18, 0x1, 0x83, 0x0, 0x30, 0x6c, 0x46,
    0xc, 0xcc, 0xc1, 0x88, 0xd8, 0x30, 0x3, 0x7f,
    0xf0, 0x60, 0xc0, 0x1c, 0x1c, 0x3, 0x83, 0x80,
    0xf0, 0xf0, 0x36, 0x1a, 0xc, 0xc2, 0x60, 0x18,
    0xc4, 0x3, 0x30, 0xc0, 0x66, 0xc, 0xd, 0x80,
    0xc1, 0xa0, 0x0,

    /* U+730E "猎" */
    0x0, 0x64, 0x26, 0x32, 0x1b, 0x11, 0x7, 0x3f,
    0xf3, 0x4, 0x43, 0xc2, 0x23, 0x61, 0x11, 0x17,
    0xff, 0x8, 0x0, 0xc, 0x0, 0xe, 0x7f, 0xcd,
    0x30, 0x2c, 0x98, 0x14, 0x4f, 0xf8, 0x26, 0x4,
    0x13, 0x2, 0x11, 0x81, 0x18, 0xff, 0x98, 0x60,
    0x40,

    /* U+7387 "率" */
    0x0, 0x80, 0x0, 0x30, 0x7, 0xff, 0xf8, 0x4,
    0x0, 0x21, 0x81, 0xc, 0xcc, 0xc1, 0x66, 0x60,
    0x1f, 0x0, 0x1, 0xb2, 0xc, 0xc6, 0xe6, 0x7f,
    0x99, 0x3, 0x0, 0x0, 0xc0, 0x3f, 0xff, 0xf0,
    0xc, 0x0, 0x3, 0x0, 0x0, 0xc0, 0x0, 0x30,
    0x0,

    /* U+73B0 "现" */
    0x0, 0xff, 0x9f, 0xa0, 0x21, 0x8, 0x8, 0x42,
    0x22, 0x10, 0x88, 0x84, 0x22, 0x27, 0xc8, 0x88,
    0x42, 0x22, 0x10, 0x88, 0x84, 0x22, 0x21, 0x1,
    0xc0, 0x40, 0x50, 0x1e, 0x34, 0x3e, 0x9, 0xc,
    0xc, 0x44, 0x6, 0x1b, 0x7, 0x7, 0x80,

    /* U+73ED "班" */
    0x0, 0x20, 0x0, 0x8, 0x7, 0xc2, 0xfc, 0x40,
    0x88, 0x10, 0x22, 0x4, 0x48, 0x81, 0x12, 0x20,
    0x44, 0x88, 0x7d, 0x2f, 0x84, 0x48, 0x81, 0x2,
    0x20, 0x41, 0x88, 0x10, 0x42, 0x4, 0x10, 0x81,
    0xec, 0x20, 0xe6, 0x8, 0x63, 0x1f, 0xc0, 0xc0,
    0x0,

    /* U+7406 "理" */
    0x1, 0xff, 0xbf, 0xe2, 0x21, 0x18, 0x88, 0x46,
    0x22, 0x11, 0xff, 0x84, 0x62, 0x27, 0xd8, 0x89,
    0xf6, 0x22, 0x11, 0xff, 0x84, 0x2, 0x1, 0x0,
    0x80, 0x40, 0x20, 0x13, 0xff, 0xc7, 0x2, 0xf,
    0x0, 0x81, 0x0, 0x20, 0x1, 0xff, 0xc0,

    /* U+751F "生" */
    0x0, 0x60, 0x0, 0xc, 0x0, 0x61, 0x80, 0xc,
    0x30, 0x1, 0x86, 0x0, 0x7f, 0xff, 0xc, 0x18,
    0x3, 0x3, 0x0, 0x60, 0x60, 0x0, 0xc, 0x0,
    0x3f, 0xfc, 0x0, 0x30, 0x0, 0x6, 0x0, 0x0,
    0xc0, 0x0, 0x18, 0x0, 0x3, 0x0, 0x7f, 0xff,
    0xe0,

    /* U+7528 "用" */
    0x3f, 0xff, 0x30, 0xc3, 0x30, 0xc3, 0x30, 0xc3,
    0x3f, 0xff, 0x30, 0xc3, 0x30, 0xc3, 0x30, 0xc3,
    0x30, 0xc3, 0x3f, 0xff, 0x30, 0xc3, 0x30, 0xc3,
    0x20, 0xc3, 0x60, 0xc3, 0x60, 0xc3, 0xc0, 0xcf,
    0x40, 0x0,

    /* U+7532 "甲" */
    0xff, 0xff, 0xc1, 0x83, 0xc1, 0x83, 0xc1, 0x83,
    0xc1, 0x83, 0xff, 0xff, 0xc1, 0x83, 0xc1, 0x83,
    0xc1, 0x83, 0xc1, 0x83, 0xff, 0xff, 0xc1, 0x83,
    0x1, 0x80, 0x1, 0x80, 0x1, 0x80, 0x1, 0x80,
    0x1, 0x80,

    /* U+754B "畋" */
    0x0, 0x18, 0x0, 0xe, 0xf, 0xe3, 0x3, 0x48,
    0xc0, 0xd2, 0x7f, 0xf4, 0x98, 0x4d, 0x2e, 0x13,
    0xfb, 0x84, 0xd2, 0xa1, 0x34, 0x8c, 0xcd, 0x21,
    0x23, 0x48, 0x68, 0xd2, 0x1e, 0x3f, 0x83, 0xc,
    0x21, 0xe3, 0x0, 0xec, 0x0, 0xe1, 0xc0, 0x70,
    0x20,

    /* U+7559 "留" */
    0x7, 0x0, 0x1f, 0xdf, 0xf6, 0x1, 0x8d, 0x98,
    0x63, 0x63, 0x18, 0xd9, 0xcc, 0x37, 0xd3, 0x79,
    0xc1, 0x8e, 0x40, 0x0, 0xf, 0xff, 0xe3, 0x4,
    0x18, 0xc1, 0x6, 0x3f, 0xff, 0x8c, 0x10, 0x63,
    0x4, 0x18, 0xff, 0xfe, 0x30, 0x1, 0x8c, 0x0,
    0x60,

    /* U+755C "畜" */
    0x0, 0xc0, 0x0, 0x30, 0xf, 0xff, 0xfc, 0xc,
    0x0, 0xc, 0x3c, 0x7, 0xf8, 0x0, 0x18, 0x40,
    0x38, 0x1c, 0x3f, 0xff, 0x8e, 0x0, 0x60, 0x0,
    0x0, 0xff, 0xfc, 0x30, 0xc3, 0xc, 0x30, 0xc3,
    0xff, 0xf0, 0xc3, 0xc, 0x30, 0xc3, 0xf, 0xff,
    0xc0,

    /* U+7565 "略" */
    0x0, 0x30, 0x0, 0x30, 0x3f, 0x9f, 0x92, 0xd8,
    0x49, 0x6e, 0x44, 0xbd, 0x62, 0x58, 0x61, 0xfc,
    0x70, 0x96, 0x6e, 0x4b, 0xe3, 0xe5, 0xa0, 0x52,
    0xcf, 0xc9, 0x64, 0x27, 0xf2, 0x12, 0x19, 0x9,
    0x0, 0xfc, 0x0, 0x42, 0x0, 0x21, 0x0,

    /* U+7597 "疗" */
    0x0, 0x30, 0x0, 0x4, 0x0, 0xff, 0xfc, 0x20,
    0x0, 0xc8, 0x0, 0x1a, 0x0, 0x3, 0x9f, 0xfc,
    0x20, 0xe, 0x18, 0xe, 0x1e, 0x3, 0xe, 0x80,
    0x80, 0x20, 0x20, 0x8, 0x8, 0x6, 0x2, 0x1,
    0x0, 0x80, 0x40, 0x20, 0x30, 0x38, 0x8, 0xc,
    0x0,

    /* U+75C5 "病" */
    0x0, 0x60, 0x0, 0x18, 0x1, 0xff, 0xf8, 0x40,
    0x0, 0xd0, 0x0, 0x1f, 0xff, 0xf1, 0x3, 0x0,
    0x40, 0xc0, 0x10, 0x30, 0xd, 0xff, 0xed, 0x63,
    0x8, 0x58, 0xe2, 0x16, 0x6c, 0x85, 0x9b, 0xa3,
    0x6c, 0x68, 0x9a, 0x2, 0x26, 0x3, 0x99, 0x80,
    0x60,

    /* U+767D "白" */
    0x6, 0x0, 0xc, 0x0, 0x30, 0x7, 0xff, 0xfc,
    0x0, 0x78, 0x0, 0xf0, 0x1, 0xe0, 0x3, 0xc0,
    0x7, 0xff, 0xff, 0x0, 0x1e, 0x0, 0x3c, 0x0,
    0x78, 0x0, 0xff, 0xff, 0xe0, 0x3, 0xc0, 0x7,
    0x80, 0xc,

    /* U+7684 "的" */
    0x10, 0x20, 0xc, 0x18, 0x4, 0x8, 0x2, 0xc,
    0xf, 0xe7, 0xfe, 0x16, 0xf, 0xb, 0x7, 0x87,
    0x3, 0xc2, 0x21, 0xff, 0x18, 0xf0, 0x8c, 0x78,
    0x43, 0x3c, 0x21, 0x1e, 0x10, 0xf, 0x8, 0x7,
    0xfc, 0x3, 0xc2, 0x1f, 0x0, 0xf, 0x0,

    /* U+76D1 "监" */
    0x3, 0x8, 0xc, 0xc6, 0x3, 0x31, 0x80, 0xcc,
    0x7f, 0x33, 0x3f, 0xcc, 0xcd, 0x3, 0x32, 0xe0,
    0xcd, 0x98, 0x33, 0x3, 0x0, 0xc0, 0x40, 0x0,
    0x0, 0xff, 0xfc, 0x33, 0x11, 0xc, 0xc4, 0x43,
    0x31, 0x10, 0xcc, 0x44, 0x33, 0x11, 0x3f, 0xff,
    0xf0,

    /* U+76D6 "盖" */
    0x2, 0x8, 0x0, 0xc3, 0x0, 0x8, 0x40, 0x3f,
    0xff, 0xc0, 0xc, 0x0, 0x1, 0x80, 0x0, 0x30,
    0x1, 0xff, 0xf8, 0x0, 0xc0, 0x0, 0x18, 0x1,
    0xff, 0xff, 0x0, 0x0, 0x3, 0xff, 0xf0, 0x66,
    0x22, 0xc, 0xc4, 0x41, 0x98, 0x88, 0x33, 0x11,
    0x6, 0x62, 0x23, 0xff, 0xff, 0x80,

    /* U+76DF "盟" */
    0x7e, 0x7f, 0x21, 0x31, 0x90, 0x98, 0xc8, 0x4f,
    0xe7, 0xe6, 0x32, 0x13, 0xf9, 0x9, 0x8c, 0xfd,
    0x86, 0x0, 0xc7, 0x0, 0xc3, 0x0, 0x0, 0x7,
    0xff, 0xc2, 0x33, 0x21, 0x19, 0x90, 0x8c, 0xc8,
    0x46, 0x64, 0xff, 0xff, 0x80,

    /* U+773C "眼" */
    0x1, 0xfe, 0x7c, 0x81, 0x22, 0x40, 0x91, 0x20,
    0x48, 0x9f, 0xe7, 0xc8, 0x12, 0x24, 0x9, 0x12,
    0x4, 0x89, 0xfe, 0x7c, 0x98, 0xa2, 0x4c, 0x71,
    0x22, 0x68, 0x91, 0xe7, 0xc8, 0x62, 0x5, 0x39,
    0x3, 0x8e, 0x3, 0x83, 0x80, 0x80, 0x0,

    /* U+77E5 "知" */
    0x18, 0x0, 0x4, 0x0, 0x3, 0x3, 0xfc, 0xfe,
    0xc3, 0x24, 0x30, 0xd9, 0xc, 0x34, 0x43, 0xc,
    0x10, 0xc3, 0x4, 0x30, 0xff, 0xec, 0x30, 0xc3,
    0xc, 0x30, 0xc3, 0xe, 0x30, 0xc6, 0xcf, 0xf1,
    0x1b, 0xc, 0xc0, 0xc3, 0x60, 0x30, 0x0, 0x0,
    0x0,

    /* U+77ED "短" */
    0x30, 0x0, 0x4, 0x1f, 0xf9, 0x80, 0x0, 0x3f,
    0x0, 0x4, 0x87, 0xf8, 0x90, 0x81, 0x2, 0x10,
    0x20, 0x42, 0x4, 0x7f, 0x40, 0x81, 0xf, 0xf0,
    0x20, 0x4, 0xc, 0x30, 0xc1, 0xc6, 0x18, 0x2c,
    0x42, 0xc, 0xcc, 0xc1, 0x11, 0x18, 0x60, 0x6,
    0x18, 0x1f, 0xfc,

    /* U+7801 "码" */
    0x0, 0x80, 0x7f, 0x7f, 0x84, 0x0, 0xc6, 0xc,
    0x63, 0x6, 0x31, 0x2, 0x18, 0x81, 0x8, 0xfc,
    0x84, 0x66, 0xc2, 0x73, 0x7f, 0xe9, 0x80, 0x34,
    0xc0, 0x12, 0x7f, 0xf9, 0xf0, 0x4, 0x98, 0x2,
    0x4c, 0x3, 0x0, 0xf, 0x0, 0x2, 0x0,

    /* U+7834 "破" */
    0x0, 0x4, 0x0, 0x0, 0x81, 0xfc, 0x10, 0x3f,
    0xbf, 0xe1, 0x86, 0x4c, 0x30, 0xc9, 0x4, 0x19,
    0x1, 0xf3, 0x20, 0x3e, 0x7f, 0x8e, 0x4f, 0x33,
    0x49, 0xe6, 0x9, 0x34, 0x81, 0x24, 0xf0, 0x3d,
    0x8c, 0x4, 0xb1, 0x80, 0x96, 0x78, 0x11, 0xb9,
    0xc0, 0x6, 0x18,

    /* U+786E "确" */
    0x0, 0x38, 0x0, 0xc, 0x7, 0xf7, 0xf0, 0x61,
    0xc, 0x18, 0x82, 0x6, 0x3f, 0xf1, 0x7, 0xfc,
    0xfd, 0x11, 0x73, 0x44, 0x5c, 0xdf, 0xff, 0x34,
    0x44, 0xcd, 0x11, 0x33, 0x7f, 0xcf, 0xd1, 0x13,
    0x34, 0x44, 0xcf, 0x11, 0x30, 0x84, 0x40, 0x60,
    0x30,

    /* U+7891 "碑" */
    0x0, 0x0, 0x0, 0x3, 0x81, 0xf8, 0x60, 0x3f,
    0x7f, 0xe1, 0x8, 0xcc, 0x21, 0x19, 0x8c, 0x23,
    0x31, 0x7, 0xfe, 0x7e, 0x98, 0xce, 0xd3, 0x19,
    0xdb, 0xff, 0x1b, 0x18, 0x3, 0x62, 0x20, 0x6c,
    0xc4, 0xf, 0xff, 0xf9, 0xb0, 0x10, 0x36, 0x2,
    0x6, 0x0, 0x40, 0x0, 0x8, 0x0,

    /* U+7893 "碓" */
    0x0, 0x1a, 0x0, 0x6, 0x61, 0xfc, 0xc0, 0xc,
    0x1f, 0xf1, 0x86, 0x20, 0x30, 0xc4, 0xf, 0xb8,
    0x81, 0xf5, 0xfe, 0x72, 0x22, 0xa, 0x44, 0x41,
    0x48, 0x88, 0x9, 0x1f, 0xe1, 0x22, 0x20, 0x3c,
    0x44, 0x4, 0x88, 0x80, 0x81, 0xff, 0x0, 0x20,
    0x0, 0x4, 0x0,

    /* U+78C9 "磉" */
    0x0, 0x7f, 0xf, 0xc4, 0x60, 0x60, 0x78, 0xc,
    0xf, 0x81, 0xf, 0x18, 0x20, 0x80, 0xf, 0xfd,
    0xe3, 0xb1, 0xa4, 0x56, 0xe7, 0xa, 0xce, 0x78,
    0x5e, 0x59, 0xb, 0x4, 0x1, 0x7f, 0xfc, 0x3c,
    0x38, 0x5, 0x8a, 0x80, 0x6, 0x5e, 0x1, 0x88,
    0xc0, 0x1, 0x0,

    /* U+78D1 "磑" */
    0x0, 0x4, 0x0, 0x1, 0x7, 0xf4, 0x44, 0x21,
    0x11, 0x18, 0x7f, 0xc6, 0x0, 0x1, 0xf, 0xfc,
    0xff, 0xff, 0x33, 0x0, 0x1c, 0xdf, 0xef, 0x36,
    0x9, 0xcd, 0x82, 0x33, 0x60, 0x8c, 0xdf, 0xe3,
    0x32, 0x10, 0xfc, 0xc6, 0x33, 0x19, 0xc, 0x0,
    0xc3, 0xf, 0xfc,

    /* U+7940 "祀" */
    0xc, 0x0, 0x1, 0x8f, 0xf0, 0x31, 0x82, 0x0,
    0x30, 0x47, 0xf6, 0x8, 0x4, 0xc1, 0x1, 0x98,
    0x20, 0x33, 0x4, 0xc, 0x7f, 0x83, 0xcc, 0x10,
    0xfd, 0x80, 0x76, 0xb0, 0x4, 0xc6, 0x0, 0x18,
    0xc0, 0x3, 0x18, 0x0, 0x63, 0x3, 0xc, 0x60,
    0x41, 0x8f, 0xf8,

    /* U+7948 "祈" */
    0x10, 0x7, 0xc, 0x3f, 0x86, 0x10, 0x0, 0x8,
    0xf, 0xc4, 0x0, 0x62, 0x0, 0x61, 0xfe, 0x20,
    0x88, 0x34, 0x44, 0x3b, 0x22, 0x34, 0xd1, 0x12,
    0x18, 0x81, 0xc, 0x40, 0x84, 0x20, 0x46, 0x10,
    0x23, 0x8, 0x13, 0x4, 0x8, 0x82, 0x0,

    /* U+795E "神" */
    0x10, 0x8, 0xc, 0x4, 0x2, 0x2, 0x0, 0x1f,
    0xf7, 0xc8, 0x88, 0x64, 0x44, 0x62, 0x22, 0x21,
    0xff, 0x34, 0x88, 0xbe, 0x44, 0x75, 0xa2, 0x22,
    0x1f, 0xf1, 0x8, 0x88, 0x84, 0x44, 0x40, 0x20,
    0x20, 0x10, 0x10, 0x8, 0x8, 0x4, 0x0,

    /* U+796D "祭" */
    0xc, 0x60, 0x6, 0x8, 0x1, 0xfb, 0xf8, 0xc6,
    0x86, 0xe9, 0x33, 0x33, 0xc5, 0x80, 0x60, 0xe0,
    0xd0, 0x38, 0x1b, 0xf3, 0x8c, 0x0, 0x7e, 0x0,
    0x0, 0x7f, 0xfc, 0x0, 0xc0, 0x1, 0x32, 0x1,
    0xcc, 0xe0, 0xc3, 0x1c, 0x61, 0xc1, 0x0, 0x60,
    0x0,

    /* U+798F "福" */
    0x30, 0x0, 0x6, 0x7f, 0xf0, 0x80, 0x0, 0x0,
    0x0, 0xfc, 0xff, 0x83, 0x30, 0x60, 0x8c, 0x18,
    0x63, 0xfe, 0x30, 0x0, 0xf, 0x7f, 0xf7, 0x78,
    0x8f, 0x46, 0x23, 0x11, 0xff, 0xc4, 0x62, 0x31,
    0x18, 0x8c, 0x46, 0x23, 0x11, 0xff, 0xc4, 0x60,
    0x30,

    /* U+79CB "秋" */
    0x3, 0xc, 0x7, 0xe1, 0x81, 0xe0, 0x30, 0x4,
    0x6, 0x0, 0x86, 0xcc, 0x10, 0xd9, 0xbf, 0xd3,
    0x20, 0xc2, 0x6c, 0x18, 0xcd, 0x83, 0xc3, 0x80,
    0xec, 0x78, 0x14, 0xcf, 0x6, 0x93, 0x21, 0x90,
    0x66, 0x2, 0x18, 0x60, 0x46, 0xe, 0x9, 0xc0,
    0xe1, 0x20, 0x8,

    /* U+79CD "种" */
    0x0, 0xc, 0x1, 0xc3, 0x7, 0xc0, 0xc1, 0x20,
    0x30, 0x8, 0x7f, 0xc2, 0x13, 0x17, 0xf4, 0xc4,
    0x61, 0x31, 0x1a, 0x4c, 0x46, 0xd3, 0x13, 0x9f,
    0xfc, 0xa1, 0x31, 0x68, 0x4c, 0x72, 0x13, 0x4,
    0x80, 0xc0, 0x20, 0x30, 0x8, 0xc, 0x2, 0x3,
    0x0,

    /* U+79D2 "秒" */
    0x0, 0x8, 0x1, 0x82, 0x7, 0xc0, 0x81, 0x20,
    0x20, 0x8, 0x6b, 0x2, 0x1a, 0x6f, 0xf4, 0x8c,
    0x21, 0x23, 0x18, 0xc8, 0x6, 0xb2, 0x41, 0xb0,
    0x98, 0xec, 0x2c, 0x68, 0x3, 0x3a, 0x1, 0x84,
    0x80, 0xc0, 0x20, 0xe0, 0x9, 0xe0, 0x2, 0x60,
    0x0,

    /* U+79FB "移" */
    0x0, 0x0, 0x3, 0x8c, 0x7, 0xe3, 0x1, 0x21,
    0xfe, 0x8, 0x41, 0x2, 0x34, 0xcf, 0xf1, 0xe0,
    0x20, 0x30, 0x18, 0x38, 0x6, 0x7f, 0x1, 0xec,
    0x80, 0xec, 0x7f, 0x69, 0x30, 0x9a, 0x38, 0x64,
    0x85, 0x90, 0x20, 0x3c, 0x8, 0xe, 0x2, 0xf,
    0x0, 0x9f, 0x0, 0x0, 0x0,

    /* U+7A0D "稍" */
    0x0, 0xc, 0x7, 0xd1, 0x8f, 0xe3, 0x33, 0xc,
    0x26, 0xc1, 0x84, 0xc0, 0x30, 0x18, 0x3f, 0xbf,
    0xf0, 0xc6, 0x6, 0x38, 0xc0, 0xc7, 0x9f, 0xf9,
    0xeb, 0x3, 0x6d, 0x60, 0x6d, 0x8f, 0xfc, 0x31,
    0x81, 0x86, 0x30, 0x30, 0xc6, 0x6, 0x18, 0xc3,
    0xc3, 0x18, 0x30,

    /* U+7A20 "稠" */
    0x4, 0x0, 0x3f, 0x7f, 0xe4, 0x26, 0x22, 0x13,
    0x11, 0xb, 0xef, 0xf4, 0xc4, 0x42, 0x62, 0x61,
    0x7d, 0x34, 0x80, 0x9e, 0x40, 0x5d, 0xaf, 0x2a,
    0x94, 0x9d, 0xa, 0x4c, 0x8d, 0x24, 0x44, 0xf2,
    0x26, 0x1, 0x16, 0x7, 0x89, 0x1, 0x80,

    /* U+7A33 "稳" */
    0x0, 0x60, 0x3, 0x88, 0x1, 0xc3, 0xfc, 0x8,
    0x43, 0x1, 0x18, 0xc0, 0x26, 0xff, 0x3f, 0x0,
    0x61, 0x87, 0xfc, 0x3c, 0x1, 0x87, 0x80, 0x31,
    0xdb, 0xfe, 0x28, 0x0, 0xd, 0x1, 0x1, 0x24,
    0xb1, 0x4, 0xd2, 0x30, 0x9a, 0x12, 0x12, 0x43,
    0x62, 0xf, 0xc0,

    /* U+7A74 "穴" */
    0x0, 0x80, 0x0, 0x60, 0x0, 0xc, 0x0, 0x2,
    0x0, 0x7f, 0xff, 0x98, 0x0, 0x66, 0x0, 0x19,
    0x80, 0xc0, 0x6, 0x30, 0x1, 0x84, 0x0, 0x41,
    0x80, 0x30, 0x60, 0xc, 0xc, 0x6, 0x3, 0x83,
    0x0, 0x71, 0xc0, 0xe, 0x60, 0x1, 0x88, 0x0,
    0x0,

    /* U+7A7A "空" */
    0x0, 0xc0, 0x0, 0x30, 0x0, 0xe, 0x1, 0xff,
    0xfe, 0x60, 0x1, 0x99, 0x84, 0x60, 0xe1, 0xc0,
    0xe0, 0x1c, 0xf0, 0x3, 0x90, 0x0, 0x3, 0xff,
    0xe0, 0x3, 0x0, 0x0, 0xc0, 0x0, 0x30, 0x0,
    0xc, 0x0, 0x3, 0x0, 0x0, 0xc0, 0x3f, 0xff,
    0xf0,

    /* U+7A7F "穿" */
    0x0, 0xc0, 0x0, 0x8, 0x1, 0xff, 0xff, 0x30,
    0x0, 0x26, 0x71, 0xe4, 0x38, 0xf, 0x2, 0x0,
    0x41, 0xff, 0xfc, 0xc, 0xc, 0x1, 0x1, 0x80,
    0x60, 0x30, 0xf, 0xff, 0xf0, 0x6, 0xc0, 0x3,
    0x98, 0x1, 0xc3, 0x1, 0xf0, 0x60, 0x70, 0x3c,
    0x0, 0x7, 0x0,

    /* U+7ACB "立" */
    0x1, 0x0, 0x0, 0x60, 0x0, 0xc, 0x0, 0x2,
    0x0, 0x7f, 0xff, 0x80, 0x0, 0x0, 0x0, 0x40,
    0x60, 0x18, 0x18, 0xc, 0x3, 0x3, 0x0, 0xc0,
    0xc0, 0x18, 0x20, 0x6, 0x18, 0x1, 0x86, 0x0,
    0x31, 0x0, 0x0, 0xc0, 0xff, 0xff, 0xc0,

    /* U+7AD6 "竖" */
    0x6, 0x0, 0x19, 0xbf, 0xc6, 0x64, 0x31, 0x99,
    0x88, 0x66, 0x26, 0x19, 0x8f, 0x6, 0x61, 0x81,
    0x99, 0xf8, 0x66, 0xc7, 0xc0, 0x0, 0x60, 0x18,
    0x0, 0x3, 0x0, 0x7f, 0xff, 0x1, 0x0, 0x0,
    0xc0, 0xc0, 0x10, 0x30, 0x6, 0x18, 0x0, 0x6,
    0xf, 0xff, 0xfc,

    /* U+7AEF "端" */
    0x10, 0xc, 0x6, 0x33, 0x20, 0x8c, 0xc8, 0x3,
    0x32, 0x7e, 0xff, 0x80, 0x0, 0x0, 0x40, 0x1,
    0x9b, 0xff, 0x64, 0xc, 0x9, 0x2, 0x2, 0xcf,
    0xf8, 0xa2, 0x4a, 0x8, 0x92, 0x83, 0xa4, 0xaf,
    0x89, 0x29, 0x2, 0x4a, 0x0, 0x80, 0x80, 0x20,
    0x60,

    /* U+7B04 "笄" */
    0x18, 0x18, 0x6, 0x6, 0x3, 0xf9, 0xfc, 0xc8,
    0xcc, 0x62, 0x61, 0x10, 0xd8, 0x60, 0x0, 0x0,
    0xff, 0xfe, 0x2, 0x18, 0x0, 0x86, 0x0, 0x21,
    0x83, 0xff, 0xff, 0x2, 0x18, 0x1, 0x86, 0x0,
    0x41, 0x80, 0x30, 0x60, 0x38, 0x18, 0x1c, 0x6,
    0x0,

    /* U+7B49 "等" */
    0x8, 0x8, 0x3, 0x1, 0x80, 0x7f, 0x7f, 0x99,
    0x8, 0xc6, 0x37, 0x8, 0x0, 0xc0, 0x7, 0xff,
    0xe0, 0x3, 0x0, 0x0, 0x60, 0x0, 0xc, 0x3,
    0xff, 0xff, 0x80, 0x3, 0x0, 0x0, 0x60, 0x7f,
    0xff, 0x81, 0x1, 0x80, 0x30, 0x30, 0x3, 0x6,
    0x0, 0x43, 0xc0, 0x0, 0x60, 0x0,

    /* U+7B51 "筑" */
    0x10, 0x18, 0x4, 0x6, 0x3, 0xfb, 0xf8, 0xd0,
    0xc8, 0x66, 0x62, 0x11, 0x80, 0xc0, 0xf, 0xe1,
    0xfb, 0xf8, 0x8, 0xc2, 0x2, 0x30, 0x80, 0x8d,
    0x20, 0x23, 0x68, 0x8, 0xda, 0x2, 0xb2, 0x83,
    0xe8, 0x21, 0xc6, 0xb, 0x1, 0x82, 0xc0, 0xc0,
    0xf0, 0x10, 0x0,

    /* U+7B7E "签" */
    0xc, 0x8, 0x6, 0x6, 0x1, 0xf9, 0xfc, 0xd8,
    0xc8, 0xe6, 0x63, 0x10, 0x30, 0x0, 0x1e, 0x0,
    0xc, 0xc0, 0xe, 0x1c, 0xf, 0x3, 0xef, 0x7f,
    0xdc, 0x0, 0x0, 0x8, 0x86, 0x2, 0x23, 0x0,
    0xcc, 0xc0, 0x13, 0x20, 0x0, 0x18, 0x1f, 0xff,
    0xe0,

    /* U+7C73 "米" */
    0x0, 0xc0, 0x0, 0x30, 0x83, 0xc, 0x30, 0x63,
    0x18, 0x18, 0xc6, 0x3, 0x33, 0x0, 0xc, 0x0,
    0x3, 0x0, 0xff, 0xff, 0xc0, 0xfc, 0x0, 0x2d,
    0x0, 0x1b, 0x60, 0xc, 0xcc, 0x7, 0x31, 0xc3,
    0x8c, 0x3f, 0xc3, 0x7, 0x40, 0xc0, 0x0, 0x30,
    0x0, 0xc, 0x0,

    /* U+7D22 "索" */
    0x0, 0xc0, 0x0, 0x60, 0x1f, 0xff, 0xe0, 0x18,
    0xf, 0xff, 0xfe, 0x8, 0xf, 0xe, 0x7, 0x8e,
    0x30, 0xc, 0x20, 0xf, 0xe0, 0x0, 0x83, 0xf,
    0xff, 0xe3, 0xcc, 0x30, 0x46, 0x40, 0xe3, 0x38,
    0xe1, 0x87, 0xc3, 0xc1, 0x1, 0x0, 0x0,

    /* U+7EA6 "约" */
    0x0, 0x0, 0x18, 0x30, 0x30, 0x30, 0x20, 0x20,
    0x66, 0x7f, 0xc6, 0x41, 0xfc, 0xc1, 0x9, 0x81,
    0x10, 0x21, 0x30, 0x31, 0x61, 0x11, 0x7e, 0x19,
    0x40, 0x1, 0x0, 0x1, 0xe, 0x1, 0xfc, 0x1,
    0x80, 0xf, 0x0, 0xe,

    /* U+7EAC "纬" */
    0x20, 0x18, 0xc, 0x6, 0x2, 0x1, 0x81, 0x87,
    0xfe, 0x44, 0x18, 0x33, 0x6, 0xf, 0x81, 0x82,
    0x47, 0xfe, 0x10, 0x18, 0x8, 0x6, 0xf, 0xdf,
    0xfd, 0x0, 0x63, 0x0, 0x18, 0xc0, 0x86, 0x3f,
    0xe1, 0xbf, 0xc0, 0x64, 0x0, 0x18, 0x0, 0x6,
    0x0,

    /* U+7EB3 "纳" */
    0x8, 0x8, 0xc, 0x4, 0xc, 0x2, 0x4, 0x1f,
    0xf6, 0x68, 0x8e, 0x24, 0x47, 0xf2, 0x22, 0x11,
    0x11, 0x10, 0x9c, 0x98, 0x4b, 0x5b, 0xac, 0xff,
    0x1c, 0x58, 0xa, 0x8, 0x4, 0x4, 0x3a, 0x3,
    0xf1, 0x1, 0x40, 0x81, 0x80, 0x41, 0xc0,

    /* U+7EC6 "细" */
    0x18, 0x0, 0xc, 0x0, 0x4, 0x3f, 0xe6, 0x11,
    0x16, 0x68, 0x8a, 0x24, 0x47, 0xf2, 0x22, 0x11,
    0x11, 0x18, 0xff, 0x98, 0x44, 0x59, 0xa2, 0x2f,
    0xd1, 0x14, 0x8, 0x88, 0x4, 0x44, 0xa, 0x23,
    0xfd, 0xff, 0x60, 0x80, 0x80, 0x40, 0x40,

    /* U+7ECF "经" */
    0x8, 0x0, 0x6, 0x3f, 0xc1, 0x0, 0x60, 0x8c,
    0x30, 0x62, 0x1c, 0x3f, 0x8d, 0xc0, 0xce, 0x18,
    0x67, 0x2, 0x10, 0x0, 0x8, 0xbf, 0xe7, 0xe0,
    0x81, 0x80, 0x20, 0x0, 0x8, 0x0, 0x42, 0x3,
    0xf0, 0x81, 0xe0, 0x20, 0x1, 0xff, 0xc0,

    /* U+7ED3 "结" */
    0x10, 0xc, 0x3, 0x1, 0x80, 0xc0, 0x30, 0x18,
    0x7f, 0xf6, 0x60, 0xc0, 0xcc, 0x18, 0x3f, 0x3,
    0x6, 0x43, 0xfe, 0x18, 0x0, 0x2, 0x0, 0x0,
    0x99, 0xfe, 0x3f, 0x30, 0x44, 0x6, 0x8, 0x0,
    0xc1, 0x1, 0x98, 0x27, 0xf3, 0xfc, 0x40, 0x60,
    0x80, 0xc, 0x10,

    /* U+7ED8 "绘" */
    0x0, 0x8, 0x3, 0x3, 0x0, 0x60, 0x70, 0x8,
    0x1b, 0x3, 0x3, 0x20, 0xcc, 0xc7, 0x39, 0xb0,
    0x77, 0xed, 0xfb, 0x8, 0x0, 0x3, 0x0, 0x0,
    0xc3, 0xff, 0x3f, 0xc, 0x0, 0x1, 0x10, 0x0,
    0x66, 0xf, 0x98, 0x63, 0xc7, 0xfc, 0x0, 0xf0,
    0xc0, 0x0, 0x10,

    /* U+7EDC "络" */
    0x10, 0x30, 0x6, 0x18, 0x1, 0x87, 0xf8, 0xc1,
    0x84, 0x36, 0xe3, 0x19, 0xac, 0x86, 0x5b, 0x63,
    0xf0, 0x70, 0x8, 0x1c, 0x4, 0x1d, 0xe3, 0x1c,
    0x1d, 0xf9, 0xfc, 0x78, 0x41, 0x0, 0x10, 0x40,
    0xe4, 0x11, 0xe1, 0xfc, 0x40, 0x41, 0x0, 0x10,
    0x40,

    /* U+7EDD "绝" */
    0x10, 0x30, 0x6, 0x18, 0x3, 0x7, 0xf0, 0x83,
    0x18, 0x65, 0x86, 0x11, 0x83, 0xf, 0xcf, 0xf8,
    0x22, 0x22, 0x18, 0x88, 0x8c, 0x22, 0x22, 0x8,
    0x89, 0xfb, 0xfe, 0x40, 0x80, 0x80, 0x20, 0x0,
    0x68, 0x3, 0xfa, 0x1, 0xe0, 0x80, 0xc0, 0x1f,
    0xe0,

    /* U+7EEA "绪" */
    0x0, 0x10, 0x3, 0x2, 0x0, 0x40, 0x43, 0x18,
    0x7e, 0xc2, 0x61, 0x30, 0xcc, 0x26, 0x31, 0x5,
    0x87, 0xcf, 0xff, 0x98, 0x18, 0x2, 0x6, 0x0,
    0xc1, 0xfe, 0x3e, 0x60, 0x47, 0xdc, 0x8, 0x6,
    0xff, 0x0, 0x90, 0x21, 0xf2, 0x4, 0xf0, 0x7f,
    0x80, 0x8, 0x10, 0x1, 0x2, 0x0,

    /* U+7F13 "缓" */
    0x20, 0x1, 0x18, 0xff, 0x88, 0x40, 0xc, 0x36,
    0x44, 0x6b, 0x66, 0x60, 0x23, 0xe7, 0xfc, 0x20,
    0xc0, 0x23, 0xff, 0xb0, 0x20, 0x3e, 0x30, 0x1f,
    0x1f, 0xe0, 0x1c, 0x60, 0xef, 0x23, 0xfc, 0xf1,
    0xc, 0x78, 0x4, 0xe7, 0x80, 0x40, 0x80,

    /* U+7F16 "编" */
    0x18, 0x18, 0x6, 0x6, 0x1, 0xf, 0xf8, 0xc2,
    0x2, 0x24, 0x80, 0x99, 0xbf, 0xe7, 0xc8, 0x1,
    0x22, 0x0, 0x18, 0xff, 0xc4, 0x34, 0x92, 0x1d,
    0x25, 0xf7, 0x49, 0x63, 0xff, 0xc0, 0x74, 0x90,
    0xcd, 0x25, 0xe3, 0x49, 0x40, 0xc0, 0xc0, 0x30,
    0x60,

    /* U+7F51 "网" */
    0xff, 0xff, 0xe0, 0x0, 0xf0, 0x0, 0x7a, 0x21,
    0xbd, 0xb4, 0xde, 0x5b, 0x4f, 0x38, 0xa7, 0x8c,
    0x73, 0xc6, 0x11, 0xe3, 0x9c, 0xf3, 0xca, 0x79,
    0x2d, 0xbd, 0x8c, 0x5e, 0x84, 0xf, 0x0, 0x7,
    0x80, 0xf, 0xc0, 0x7, 0x0,

    /* U+7F6E "置" */
    0x3f, 0xff, 0x88, 0xc4, 0x63, 0xff, 0xf8, 0x0,
    0x0, 0x0, 0xc0, 0x1f, 0xff, 0xe0, 0xc, 0x0,
    0x7f, 0xf8, 0x18, 0x6, 0x7, 0xff, 0x81, 0x80,
    0x60, 0x7f, 0xf8, 0x18, 0x6, 0x7, 0xff, 0x81,
    0x80, 0x63, 0xff, 0xff,

    /* U+8046 "聆" */
    0x0, 0x4, 0x0, 0x1, 0x81, 0xfe, 0x38, 0x11,
    0x8d, 0x82, 0x31, 0x10, 0x7e, 0x7b, 0x88, 0xd9,
    0xb9, 0x1a, 0x20, 0x23, 0x0, 0x7, 0xef, 0xf8,
    0x8c, 0x6, 0x11, 0x80, 0x82, 0x3d, 0xb1, 0xfe,
    0x1c, 0x18, 0xc1, 0x80, 0x18, 0x18, 0x3, 0x3,
    0x0, 0x60, 0x0,

    /* U+810A "脊" */
    0x0, 0xc1, 0xf, 0x31, 0xc0, 0x4c, 0xc0, 0x3,
    0x80, 0x1d, 0xa7, 0x8e, 0x4c, 0x60, 0x71, 0xc0,
    0x70, 0x1c, 0x7f, 0xff, 0xd2, 0x0, 0x80, 0x80,
    0x20, 0x3f, 0xf8, 0x8, 0x2, 0x2, 0x0, 0x80,
    0xff, 0xe0, 0x20, 0x8, 0x8, 0x6, 0x2, 0x3,
    0x0,

    /* U+814A "腊" */
    0x3e, 0x22, 0xf, 0x88, 0x82, 0x3f, 0xfc, 0x88,
    0x88, 0x22, 0x22, 0xf, 0x88, 0x82, 0x3f, 0xfc,
    0x88, 0x0, 0x22, 0x7f, 0xf, 0x90, 0x42, 0x24,
    0x10, 0x89, 0xfc, 0x62, 0x41, 0x18, 0x90, 0x44,
    0xe7, 0xf1, 0x19, 0x4, 0x0, 0x41, 0x0,

    /* U+81F3 "至" */
    0x3f, 0xff, 0x80, 0x60, 0x0, 0x30, 0x0, 0x18,
    0x70, 0xc, 0xe, 0xf, 0xff, 0xc1, 0x8c, 0x30,
    0x3, 0x0, 0x0, 0xc0, 0x0, 0x30, 0x1, 0xff,
    0xe0, 0x3, 0x0, 0x0, 0xc0, 0x0, 0x30, 0xf,
    0xff, 0xfc,

    /* U+820D "舍" */
    0x0, 0x80, 0x0, 0x70, 0x0, 0x36, 0x0, 0x18,
    0xc0, 0xc, 0x18, 0xe, 0x3, 0x8f, 0x7f, 0x39,
    0x2, 0x0, 0x0, 0x80, 0xf, 0xff, 0x80, 0x8,
    0x0, 0x2, 0x0, 0x1f, 0xfc, 0x4, 0x1, 0x1,
    0x0, 0x40, 0x40, 0x10, 0x1f, 0xfc, 0x4, 0x1,
    0x0,

    /* U+8239 "船" */
    0xc, 0x0, 0x2, 0xf, 0xc3, 0xf3, 0x10, 0x84,
    0xc4, 0x29, 0x31, 0xb, 0x4c, 0x42, 0xd3, 0x10,
    0x85, 0x87, 0x7f, 0x60, 0x1f, 0xc0, 0x2, 0x13,
    0xf8, 0xa4, 0xc2, 0x2d, 0x30, 0x89, 0x4c, 0x26,
    0x13, 0x9, 0xc, 0xfe, 0xc6, 0x30, 0x90, 0xc,
    0x20,

    /* U+827A "艺" */
    0x6, 0x10, 0x1, 0x84, 0xf, 0xff, 0xfc, 0x18,
    0x40, 0x6, 0x10, 0x0, 0x0, 0x3, 0xff, 0xe0,
    0x0, 0xe0, 0x0, 0x60, 0x0, 0x70, 0x0, 0x70,
    0x0, 0x30, 0x0, 0x18, 0x1, 0xc, 0x0, 0x62,
    0x0, 0x18, 0x7f, 0xfc,

    /* U+8282 "节" */
    0x6, 0x18, 0x1, 0x86, 0x0, 0x61, 0x83, 0xff,
    0xff, 0x6, 0x18, 0x1, 0x86, 0x0, 0x61, 0x80,
    0x0, 0x0, 0x7f, 0xff, 0x80, 0x40, 0x60, 0x10,
    0x18, 0x4, 0x6, 0x1, 0x1, 0x80, 0x40, 0x60,
    0x10, 0xf8, 0x4, 0x3c, 0x1, 0x0, 0x0, 0x40,
    0x0, 0x10, 0x0,

    /* U+8292 "芒" */
    0x6, 0x18, 0x1, 0x86, 0xf, 0xff, 0xfc, 0x18,
    0x60, 0x6, 0x18, 0x0, 0x20, 0x0, 0xc, 0x0,
    0x3, 0x0, 0xff, 0xff, 0xc6, 0x0, 0x1, 0x80,
    0x0, 0x60, 0x0, 0x18, 0x0, 0x6, 0x0, 0x1,
    0x80, 0x0, 0x60, 0x0, 0x1f, 0xff, 0x0,

    /* U+83B7 "获" */
    0x4, 0x20, 0x4, 0x20, 0xff, 0xff, 0x4, 0x20,
    0x0, 0x0, 0x64, 0x20, 0x3c, 0x2c, 0x18, 0x26,
    0x78, 0x20, 0xcf, 0xff, 0x1c, 0x20, 0x34, 0x70,
    0x64, 0x50, 0xc4, 0x58, 0xc, 0x8c, 0xd, 0x86,
    0x7b, 0x7, 0x62, 0x0,

    /* U+846C "葬" */
    0x4, 0x10, 0xff, 0xff, 0x4, 0x10, 0x7f, 0xff,
    0xc, 0x20, 0x18, 0x26, 0x3f, 0xbf, 0x63, 0x31,
    0x1e, 0x21, 0xc, 0x3f, 0x7e, 0x10, 0x4, 0x10,
    0xff, 0xff, 0x4, 0x10, 0xc, 0x10, 0x18, 0x10,
    0x30, 0x10,

    /* U+84DD "蓝" */
    0x4, 0x30, 0x1, 0xc, 0xf, 0xff, 0xf8, 0x10,
    0xc0, 0x0, 0x0, 0x9, 0xc, 0x2, 0x42, 0x0,
    0x91, 0xff, 0x24, 0xc8, 0x9, 0x73, 0x2, 0x48,
    0x40, 0x0, 0x0, 0x3f, 0xfe, 0x8, 0x88, 0x82,
    0x22, 0x20, 0x88, 0x88, 0x22, 0x22, 0x3f, 0xff,
    0xe0,

    /* U+8584 "薄" */
    0x6, 0x18, 0x1, 0x86, 0xf, 0xff, 0xfc, 0x18,
    0x68, 0x0, 0x16, 0x8, 0xc, 0x83, 0x7f, 0xf8,
    0x60, 0xc0, 0x3, 0xff, 0x10, 0x8c, 0x47, 0x3f,
    0xf0, 0x48, 0xc4, 0x3, 0xff, 0x6, 0x8c, 0xc3,
    0x7f, 0xfc, 0x84, 0x8, 0x61, 0x82, 0x10, 0x23,
    0x80, 0x0, 0x80,

    /* U+8681 "蚁" */
    0x8, 0x18, 0x1, 0x3, 0x20, 0x21, 0x26, 0x3f,
    0xa4, 0x84, 0x96, 0x10, 0x92, 0xc6, 0x12, 0x58,
    0xc2, 0x49, 0x18, 0x49, 0x22, 0xf, 0xe6, 0x41,
    0x24, 0x58, 0x24, 0xe, 0x0, 0x98, 0xc0, 0x1f,
    0x38, 0x3f, 0x2d, 0x83, 0x3, 0x1c, 0x0, 0xc1,
    0xc0, 0x10, 0x0,

    /* U+86F0 "蛰" */
    0x18, 0x30, 0x6, 0xc, 0x7, 0xef, 0xe0, 0x60,
    0xc8, 0x1e, 0xf2, 0x3f, 0x1c, 0x85, 0x87, 0xe8,
    0x63, 0x2f, 0x3b, 0xc1, 0x8c, 0x40, 0x0, 0xc,
    0x0, 0x7f, 0xfc, 0x10, 0xc2, 0x7, 0xff, 0x81,
    0xc, 0x0, 0x43, 0x18, 0x0, 0xc3, 0x1f, 0xff,
    0xe6, 0x0, 0x10,

    /* U+871C "蜜" */
    0x0, 0xc0, 0x0, 0x60, 0x1f, 0xff, 0xe8, 0x20,
    0x34, 0x39, 0xd9, 0xa3, 0x90, 0x93, 0x2c, 0x4e,
    0x1a, 0x3f, 0xf8, 0x38, 0x0, 0x10, 0x10, 0x3,
    0xff, 0xc1, 0x4, 0x20, 0xff, 0xf0, 0x41, 0x10,
    0x0, 0x9e, 0x7f, 0xfb, 0x10, 0x0, 0x0,

    /* U+884C "行" */
    0x8, 0x0, 0x1, 0x80, 0x0, 0x61, 0xff, 0xc,
    0x0, 0x3, 0x0, 0x0, 0xc0, 0x0, 0x11, 0x80,
    0x0, 0x60, 0x0, 0x1c, 0xff, 0xe7, 0x0, 0x61,
    0xe0, 0xc, 0x6c, 0x1, 0x85, 0x80, 0x30, 0x30,
    0x6, 0x6, 0x0, 0xc0, 0xc0, 0x18, 0x18, 0x3,
    0x3, 0x1, 0xe0, 0x60, 0x38, 0x0,

    /* U+8863 "衣" */
    0x0, 0x40, 0x0, 0x18, 0x0, 0x1, 0x80, 0x3f,
    0xff, 0xe0, 0x18, 0x0, 0x3, 0x0, 0x0, 0xd0,
    0x40, 0x1b, 0x1c, 0x6, 0x26, 0x1, 0xc7, 0x80,
    0x68, 0x60, 0x19, 0xc, 0x6, 0x20, 0xc0, 0x4,
    0x8c, 0x0, 0xb8, 0xe0, 0x1c, 0xf, 0x7, 0x0,
    0x40, 0x40, 0x0,

    /* U+8865 "补" */
    0x8, 0x18, 0x1, 0x83, 0x0, 0x10, 0x60, 0x0,
    0xc, 0x7, 0xe1, 0x80, 0xc, 0x36, 0x3, 0x6,
    0x40, 0xcc, 0xcc, 0x1b, 0x18, 0xc7, 0xc3, 0x19,
    0xac, 0x61, 0x64, 0xcc, 0x0, 0x81, 0x80, 0x10,
    0x30, 0x2, 0x6, 0x0, 0x40, 0xc0, 0x8, 0x18,
    0x1, 0x3, 0x0,

    /* U+88C1 "裁" */
    0x4, 0x32, 0x1, 0xc, 0xc7, 0xfb, 0x18, 0x10,
    0xc0, 0x4, 0x30, 0x3f, 0xff, 0xf0, 0x41, 0x0,
    0x10, 0x40, 0x6, 0x11, 0xbf, 0xf4, 0x40, 0xc1,
    0xb0, 0x6b, 0x28, 0x39, 0x8e, 0x1a, 0x33, 0xc,
    0xac, 0xe0, 0x39, 0x7b, 0x1c, 0x73, 0xc6, 0x18,
    0x60,

    /* U+8981 "要" */
    0x7f, 0xff, 0xe0, 0x33, 0x0, 0x6, 0x60, 0x0,
    0xcc, 0x1, 0xff, 0xf8, 0x23, 0x31, 0x4, 0x66,
    0x20, 0xff, 0xfc, 0x0, 0xc0, 0x0, 0x18, 0x3,
    0xff, 0xff, 0x81, 0x86, 0x0, 0x61, 0x80, 0x7,
    0xe0, 0x0, 0x1f, 0x80, 0x1e, 0x3e, 0x3e, 0x0,
    0xc0,

    /* U+89C1 "见" */
    0x1f, 0xfe, 0x6, 0x0, 0x81, 0x80, 0x20, 0x63,
    0x8, 0x18, 0x82, 0x6, 0x20, 0x81, 0x88, 0x20,
    0x62, 0x8, 0x18, 0x82, 0x6, 0x38, 0x81, 0x9e,
    0x20, 0x5, 0x80, 0x3, 0x60, 0x1, 0x98, 0x20,
    0xc6, 0xc, 0xe1, 0x82, 0xe0, 0x3f, 0x80,

    /* U+89E3 "解" */
    0x18, 0x0, 0x3, 0xf, 0xf8, 0xfc, 0x33, 0x11,
    0x4, 0x66, 0x61, 0x8d, 0xff, 0x67, 0x9, 0x28,
    0x1, 0x24, 0x90, 0x3f, 0x9a, 0x4, 0x97, 0xf8,
    0x92, 0xc8, 0x1f, 0xd1, 0x2, 0x48, 0x20, 0x49,
    0xff, 0xc9, 0x20, 0x83, 0x24, 0x10, 0x41, 0x82,
    0x0, 0x0, 0x40,

    /* U+8BA1 "计" */
    0x20, 0x10, 0x18, 0x8, 0x6, 0x4, 0x3, 0x2,
    0x0, 0x1, 0x0, 0x0, 0x83, 0xdf, 0xfe, 0x20,
    0x20, 0x10, 0x10, 0x8, 0x8, 0x4, 0x4, 0x2,
    0x42, 0x1, 0x61, 0x0, 0xe0, 0x80, 0x60, 0x40,
    0x20, 0x20, 0x0, 0x10, 0x0,

    /* U+8BA2 "订" */
    0x20, 0x0, 0x19, 0xff, 0xce, 0x2, 0x2, 0x1,
    0x0, 0x0, 0x80, 0x0, 0x43, 0xc0, 0x20, 0x20,
    0x10, 0x10, 0x8, 0x8, 0x4, 0x4, 0x2, 0x2,
    0x1, 0x1, 0x20, 0x80, 0xb8, 0x40, 0x78, 0x20,
    0x38, 0x10, 0x38, 0x78, 0x8, 0x18, 0x0,

    /* U+8BA4 "认" */
    0x10, 0x18, 0x3, 0x3, 0x0, 0x30, 0x60, 0x2,
    0xc, 0x0, 0x1, 0x80, 0x0, 0x30, 0x3e, 0x6,
    0x0, 0xc0, 0xc0, 0x18, 0x1c, 0x3, 0x7, 0x80,
    0x60, 0xd0, 0xd, 0x93, 0x1, 0xe6, 0x60, 0x39,
    0x86, 0x6, 0x30, 0x60, 0xcc, 0xe, 0x7, 0x0,
    0xe0, 0x0, 0x0,

    /* U+8BB0 "记" */
    0x20, 0x0, 0xe, 0x7f, 0xc1, 0xc0, 0x10, 0x20,
    0x4, 0x0, 0x1, 0x3c, 0x0, 0x4f, 0x0, 0x10,
    0x43, 0xfc, 0x10, 0x81, 0x4, 0x20, 0x1, 0x8,
    0x0, 0x42, 0x0, 0x12, 0x80, 0x5, 0xa0, 0x1,
    0xc8, 0xc, 0xe2, 0x6, 0x10, 0x7f, 0x80,

    /* U+8BBC "讼" */
    0x10, 0x36, 0x7, 0xc, 0x40, 0x61, 0x88, 0xe,
    0x21, 0x80, 0xc, 0x10, 0x1, 0x83, 0x3e, 0x64,
    0x38, 0xcc, 0xc2, 0x19, 0x18, 0x3, 0x2, 0x0,
    0x60, 0xc0, 0xc, 0x19, 0x81, 0xa2, 0x30, 0x3c,
    0x42, 0x7, 0x18, 0x60, 0xc7, 0xfc, 0x10, 0x70,
    0xc0, 0x0, 0x10,

    /* U+8BBE "设" */
    0x20, 0x0, 0x6, 0x1f, 0xc0, 0x62, 0x18, 0x4,
    0x43, 0x0, 0x8, 0x60, 0x2, 0xc, 0x3c, 0xc1,
    0xf0, 0x80, 0x0, 0x13, 0xff, 0x82, 0x10, 0x60,
    0x42, 0xc, 0x8, 0x63, 0x1, 0x46, 0xc0, 0x38,
    0x70, 0x6, 0xe, 0x1, 0x87, 0x78, 0x17, 0x83,
    0xe0, 0x0, 0x0,

    /* U+8BCD "词" */
    0x30, 0x0, 0x4, 0x7f, 0xf1, 0x80, 0x4, 0x0,
    0x1, 0x1, 0xfe, 0x7c, 0x0, 0x11, 0x0, 0x4,
    0x43, 0xf1, 0x10, 0x8c, 0x44, 0x23, 0x11, 0x8,
    0xc4, 0x42, 0x31, 0x12, 0xfc, 0x47, 0xa3, 0x11,
    0xc0, 0x4, 0xc0, 0x3, 0x0, 0x3, 0x80,

    /* U+8BD5 "试" */
    0x0, 0x1b, 0x18, 0x6, 0x62, 0x1, 0x88, 0x80,
    0x60, 0x7, 0xff, 0xc0, 0x6, 0xe, 0x1, 0x83,
    0x80, 0x60, 0x23, 0xe8, 0x8, 0x23, 0x2, 0x8,
    0xc0, 0x82, 0x30, 0x24, 0x8c, 0xb, 0xa1, 0x83,
    0x8e, 0x6c, 0xce, 0xf, 0x20, 0x3, 0xc0, 0x0,
    0x60,

    /* U+8BDD "话" */
    0x10, 0x1, 0x3, 0xf, 0xe0, 0x77, 0xe0, 0x4,
    0x4, 0x0, 0x0, 0x80, 0x0, 0x10, 0x3c, 0x7f,
    0xf8, 0x80, 0x40, 0x10, 0x8, 0x2, 0x1, 0x0,
    0x47, 0xfc, 0x8, 0xc0, 0x81, 0x38, 0x10, 0x2b,
    0x2, 0x7, 0x60, 0x40, 0xcf, 0xf8, 0x11, 0x81,
    0x0, 0x30, 0x20,

    /* U+8BE2 "询" */
    0x0, 0x30, 0xc, 0x18, 0x1, 0x86, 0x0, 0x63,
    0xff, 0x1, 0xc0, 0x40, 0x60, 0x1f, 0x3f, 0xc4,
    0x4b, 0x11, 0x10, 0xc4, 0x44, 0x31, 0x11, 0xf,
    0xc4, 0x43, 0x11, 0x10, 0xc4, 0x45, 0x31, 0x11,
    0xcf, 0xc4, 0x60, 0x1, 0x10, 0x3, 0xc0, 0x0,
    0x40,

    /* U+8BED "语" */
    0x21, 0xff, 0xc6, 0x2, 0x0, 0x60, 0x40, 0x8,
    0x8, 0x0, 0x1f, 0xf8, 0x0, 0x63, 0x3c, 0xc,
    0x60, 0x81, 0xc, 0x13, 0xff, 0xe2, 0x0, 0x0,
    0x40, 0x0, 0x8, 0x7f, 0xc1, 0x6c, 0x8, 0x3d,
    0x81, 0x7, 0x30, 0x20, 0xc6, 0x4, 0x30, 0xff,
    0x80, 0x18, 0x10,

    /* U+8BEF "误" */
    0x0, 0x0, 0x18, 0xff, 0x83, 0x20, 0x20, 0x48,
    0x8, 0x2, 0x2, 0x0, 0xff, 0x8e, 0x0, 0x3,
    0x80, 0x0, 0x27, 0xff, 0x8, 0x18, 0x2, 0x6,
    0x0, 0x9f, 0xff, 0x28, 0x70, 0xe, 0x34, 0x3,
    0x19, 0x81, 0x8e, 0x38, 0x2f, 0x7, 0xc1, 0x0,
    0x40,

    /* U+8BF7 "请" */
    0x0, 0x10, 0x18, 0x4, 0x3, 0x3f, 0xf8, 0x60,
    0x40, 0x1, 0xff, 0x0, 0x4, 0xe, 0x3f, 0xfc,
    0x80, 0x0, 0x21, 0xff, 0x8, 0x60, 0x42, 0x18,
    0x10, 0x87, 0xfc, 0x25, 0x81, 0xf, 0x7f, 0xc3,
    0x98, 0x11, 0xc6, 0x4, 0x21, 0x87, 0x0, 0x60,
    0xc0,

    /* U+8BF8 "诸" */
    0x60, 0x60, 0x8, 0x18, 0x63, 0x3f, 0xb0, 0x81,
    0x88, 0x0, 0x66, 0x0, 0x19, 0xe, 0xff, 0xfc,
    0x80, 0x40, 0x20, 0x30, 0x8, 0x3f, 0xc2, 0x18,
    0x10, 0x8e, 0x4, 0x36, 0xff, 0xe, 0x20, 0x43,
    0x8, 0x11, 0x82, 0x4, 0x0, 0xff, 0x0, 0x20,
    0x40,

    /* U+8BFB "读" */
    0x20, 0x18, 0xc, 0x6, 0x1, 0x1f, 0xf8, 0x40,
    0x60, 0x0, 0x18, 0x0, 0xff, 0xff, 0x0, 0x8,
    0x43, 0x26, 0x10, 0x68, 0x4, 0xc2, 0x1, 0x1c,
    0x80, 0x40, 0x20, 0x13, 0xff, 0xc7, 0x4, 0x1,
    0x83, 0x60, 0xc1, 0x8c, 0x3, 0xc1, 0xc0, 0x40,
    0x20,

    /* U+8C03 "调" */
    0x31, 0xff, 0xc4, 0x40, 0x11, 0x90, 0x84, 0x4,
    0x21, 0x1, 0x7e, 0x7c, 0x42, 0x1f, 0x10, 0x84,
    0x45, 0xf9, 0x11, 0x0, 0x44, 0x4f, 0x91, 0x52,
    0x24, 0x74, 0x89, 0x19, 0x22, 0x46, 0xcf, 0x91,
    0x20, 0x4, 0x18, 0x7, 0x4, 0x3, 0x80,

    /* U+8C22 "谢" */
    0x0, 0x81, 0x30, 0xc0, 0x8c, 0xf8, 0x42, 0x44,
    0x20, 0x22, 0x10, 0x1f, 0x7f, 0x88, 0x84, 0x44,
    0x42, 0x23, 0xe9, 0x11, 0x14, 0x88, 0x8b, 0x44,
    0xfc, 0xa2, 0x8a, 0x11, 0xcd, 0x8, 0xcc, 0x84,
    0xce, 0x42, 0x2e, 0xe1, 0x0, 0x23, 0x80,

    /* U+8C37 "谷" */
    0x7, 0xc, 0x0, 0xc1, 0xc0, 0x70, 0xe, 0x1c,
    0x30, 0xe2, 0xc, 0x8, 0x3, 0xc0, 0x0, 0xec,
    0x0, 0x38, 0xe0, 0xe, 0xf, 0x7, 0x80, 0x7d,
    0xff, 0xfb, 0x6, 0x3, 0x0, 0xc0, 0x60, 0x18,
    0xc, 0x3, 0x1, 0x80, 0x7f, 0xf0, 0xc, 0x6,
    0x1, 0x80, 0xc0,

    /* U+8D22 "财" */
    0x0, 0x2, 0x1f, 0xc0, 0x84, 0x10, 0x21, 0x4,
    0x8, 0x49, 0x7f, 0xd2, 0x41, 0x84, 0x90, 0xe1,
    0x24, 0x38, 0x49, 0xa, 0x12, 0x46, 0x84, 0x93,
    0x21, 0x24, 0x88, 0x18, 0x62, 0x5, 0xb0, 0x83,
    0x30, 0x21, 0x86, 0x8, 0xc1, 0xe, 0x0, 0x1,
    0x0,

    /* U+8D25 "败" */
    0x0, 0x10, 0x0, 0x6, 0x7, 0xf1, 0x81, 0x4,
    0x40, 0x49, 0x3f, 0xd2, 0x48, 0x44, 0x96, 0x11,
    0x25, 0xc4, 0x49, 0x71, 0x12, 0x44, 0x44, 0x91,
    0x21, 0x24, 0x68, 0x49, 0xa, 0x5, 0x3, 0x81,
    0x60, 0xe0, 0x8c, 0x7c, 0xc1, 0x73, 0x80, 0x30,
    0x30,

    /* U+8D26 "账" */
    0x0, 0x20, 0x1f, 0xc8, 0x44, 0x32, 0x39, 0x2c,
    0x88, 0x4b, 0x2c, 0x12, 0xca, 0x4, 0xb2, 0x1,
    0x2f, 0xff, 0x4b, 0x24, 0x12, 0xc9, 0x4, 0xb2,
    0x61, 0x2c, 0x98, 0x50, 0x22, 0x5, 0x8, 0xc1,
    0x62, 0x98, 0x8c, 0xe7, 0x61, 0x30, 0xf0, 0x8,
    0x0,

    /* U+8D27 "货" */
    0x4, 0x0, 0x3, 0x98, 0x40, 0xc6, 0x78, 0x61,
    0xf8, 0x38, 0xf0, 0x36, 0xf8, 0x29, 0x86, 0xc,
    0x61, 0xfe, 0x0, 0x0, 0x7, 0xff, 0x81, 0x80,
    0x60, 0x62, 0x18, 0x19, 0x86, 0x6, 0x69, 0x80,
    0x33, 0x80, 0x38, 0x3c, 0x78, 0x3, 0x90, 0x0,
    0x0,

    /* U+8D35 "贵" */
    0x0, 0x80, 0x0, 0x40, 0xf, 0xff, 0x84, 0x10,
    0x42, 0x8, 0x21, 0xff, 0xf0, 0x2, 0x0, 0x1,
    0x0, 0xff, 0xff, 0x80, 0x0, 0xf, 0xff, 0x84,
    0x0, 0xc2, 0x18, 0x61, 0xc, 0x30, 0x84, 0x80,
    0x6, 0xf0, 0x1e, 0xf, 0x7c, 0x1, 0x80, 0x0,
    0x0,

    /* U+8D74 "赴" */
    0x4, 0xc, 0x0, 0x81, 0x80, 0x10, 0x30, 0x3f,
    0xc6, 0x0, 0x40, 0xc0, 0x8, 0x1a, 0x1, 0x3,
    0x63, 0xfe, 0x66, 0x4, 0xc, 0xc0, 0x81, 0x8c,
    0x9f, 0x30, 0x13, 0xe6, 0x3, 0x40, 0xc0, 0x68,
    0x18, 0x1f, 0x3, 0x2, 0x60, 0x0, 0x43, 0x0,
    0x38, 0x1f, 0xf8,

    /* U+8D77 "起" */
    0x4, 0x0, 0x0, 0x80, 0x0, 0x10, 0xfe, 0x1f,
    0xc0, 0x40, 0x40, 0x8, 0x8, 0x1, 0x1, 0x0,
    0x23, 0xfe, 0xfc, 0x4, 0x10, 0x0, 0x82, 0x0,
    0xd0, 0x40, 0x1b, 0xe8, 0x63, 0x41, 0xc, 0x78,
    0x3f, 0xb, 0x0, 0x3, 0x30, 0x0, 0x43, 0x0,
    0x28, 0x1f, 0xf8,

    /* U+8D85 "超" */
    0x8, 0x0, 0x4, 0x3f, 0x82, 0x1f, 0xcf, 0xe2,
    0x20, 0x83, 0x10, 0x41, 0x8b, 0xff, 0x9c, 0x10,
    0x0, 0x8, 0x3f, 0x34, 0x1f, 0x9b, 0xc8, 0x4d,
    0x4, 0x26, 0x82, 0x13, 0xc1, 0xf9, 0x60, 0x1,
    0x98, 0x0, 0xc7, 0x0, 0xc0, 0xff, 0xc0,

    /* U+8DB3 "足" */
    0x1f, 0xfe, 0x6, 0x1, 0x81, 0x80, 0x60, 0x60,
    0x18, 0x18, 0x6, 0x6, 0x1, 0x81, 0xff, 0xe0,
    0x3, 0x0, 0x0, 0xc0, 0x6, 0x30, 0x1, 0x8f,
    0xf0, 0x63, 0x0, 0x18, 0xc0, 0xe, 0x30, 0x3,
    0x4c, 0x1, 0x8f, 0x0, 0xc0, 0xff, 0xd0, 0x0,
    0x0,

    /* U+8DD1 "跑" */
    0x0, 0x20, 0x1f, 0x9c, 0x7, 0xe6, 0x1, 0x9,
    0xfe, 0x42, 0xc0, 0x90, 0xa0, 0x27, 0xff, 0xc8,
    0x21, 0x12, 0x8, 0x44, 0x92, 0x11, 0x24, 0xf4,
    0x49, 0x21, 0xf2, 0x48, 0x43, 0x92, 0x10, 0x44,
    0x94, 0x1, 0x3d, 0x3, 0xf8, 0x40, 0xe0, 0x1f,
    0xe0,

    /* U+8F66 "车" */
    0x1, 0x80, 0x0, 0x60, 0x0, 0x10, 0x1, 0xff,
    0xfc, 0x6, 0x0, 0x1, 0x10, 0x0, 0xc4, 0x0,
    0x61, 0x0, 0x3f, 0xff, 0x0, 0x10, 0x0, 0x4,
    0x0, 0x1, 0x0, 0x0, 0x40, 0x3f, 0xff, 0xf0,
    0x4, 0x0, 0x1, 0x0, 0x0, 0x40, 0x0, 0x10,
    0x0,

    /* U+8F68 "轨" */
    0x8, 0x8, 0x1, 0x81, 0x0, 0x20, 0x20, 0x34,
    0xc4, 0x7, 0xf8, 0x80, 0x20, 0xfe, 0x5, 0x2,
    0x41, 0xa0, 0x48, 0x24, 0x9, 0xf, 0xf3, 0x20,
    0x10, 0x44, 0x2, 0x8, 0x80, 0x49, 0x11, 0xff,
    0x62, 0x1d, 0x8, 0x40, 0x23, 0xb, 0x4, 0xc1,
    0xe0, 0x98, 0x18, 0x10, 0x0, 0x0,

    /* U+8F6E "轮" */
    0x18, 0x30, 0x6, 0xc, 0x1, 0x3, 0x83, 0xfd,
    0xa0, 0x30, 0x44, 0x8, 0x31, 0x86, 0xd8, 0x39,
    0xb6, 0x6, 0xcc, 0x40, 0x3f, 0xd1, 0x80, 0xc4,
    0xe0, 0x31, 0xe0, 0xc, 0x60, 0x3f, 0xd0, 0xf,
    0xc4, 0x0, 0x31, 0x6, 0xc, 0x41, 0x83, 0x1f,
    0xc0,

    /* U+8F7D "载" */
    0xc, 0x20, 0x6, 0x13, 0x1f, 0xe8, 0xc1, 0x84,
    0xf, 0xff, 0xf8, 0x41, 0x0, 0x30, 0x80, 0x30,
    0x44, 0xff, 0xb2, 0x1a, 0xb, 0x19, 0x5, 0xf,
    0xf3, 0x80, 0x41, 0x80, 0x2c, 0xc3, 0xfe, 0x73,
    0xc8, 0x4b, 0x4, 0x67, 0x82, 0x61, 0x80,

    /* U+8FB9 "边" */
    0x0, 0x30, 0x6, 0x6, 0x0, 0xc0, 0xc0, 0xc,
    0x18, 0x1, 0x3f, 0xf8, 0x0, 0x61, 0x0, 0xc,
    0x27, 0xc1, 0x84, 0x18, 0x60, 0x83, 0xc, 0x10,
    0x61, 0x82, 0xc, 0x60, 0x41, 0x8c, 0x8, 0x33,
    0x3, 0x6, 0xc1, 0xe0, 0xe0, 0x20, 0x63, 0x0,
    0x8, 0x1f, 0xf8,

    /* U+8FC7 "过" */
    0x0, 0x6, 0x4, 0x0, 0xc0, 0xc0, 0x18, 0xc,
    0x3, 0x1, 0xbf, 0xfc, 0x0, 0xc, 0x0, 0x21,
    0x87, 0xcc, 0x30, 0x18, 0xc6, 0x3, 0x18, 0xc0,
    0x63, 0x18, 0xc, 0x3, 0x1, 0x80, 0x60, 0x30,
    0xc, 0x6, 0x7, 0x1, 0xe0, 0x0, 0x67, 0x0,
    0x58, 0x3f, 0xf8,

    /* U+8FD4 "返" */
    0x10, 0x0, 0x6, 0x1f, 0xf0, 0x63, 0xe0, 0xc,
    0x40, 0x0, 0x8, 0x0, 0x1, 0xff, 0x0, 0x20,
    0x43, 0xc4, 0x8, 0x18, 0xb3, 0x3, 0x13, 0x60,
    0x62, 0x38, 0xc, 0xc3, 0x1, 0x90, 0xf0, 0x36,
    0x33, 0x6, 0xdc, 0x20, 0xe1, 0x0, 0x77, 0x0,
    0xc, 0x1f, 0xf8,

    /* U+8FDB "进" */
    0x20, 0x46, 0x6, 0x8, 0xc0, 0x41, 0x18, 0x9,
    0xff, 0xe0, 0x4, 0x60, 0x0, 0x8c, 0x1c, 0x11,
    0x83, 0x82, 0x30, 0x17, 0xff, 0xe2, 0x8, 0xc0,
    0x43, 0x18, 0x8, 0x43, 0x1, 0x18, 0x60, 0x27,
    0xc, 0xe, 0x41, 0x81, 0xe0, 0x0, 0x67, 0x80,
    0x28, 0x1f, 0xf8,

    /* U+8FDC "远" */
    0x40, 0x0, 0x18, 0xff, 0x83, 0x0, 0x0, 0x40,
    0x0, 0x0, 0x0, 0x0, 0x0, 0x0, 0x7f, 0xfb,
    0xc2, 0x60, 0x10, 0x98, 0x4, 0x26, 0x1, 0x9,
    0x80, 0x46, 0x60, 0x11, 0x19, 0x84, 0xc6, 0x61,
    0x60, 0xf8, 0xe0, 0x0, 0x66, 0x0, 0x30, 0x7f,
    0xf0,

    /* U+8FDE "连" */
    0x0, 0x0, 0x4, 0x6, 0x0, 0xc0, 0xc0, 0xd,
    0xff, 0xe1, 0x84, 0x0, 0x1, 0x90, 0x0, 0x62,
    0x3, 0xcf, 0xfc, 0x18, 0x8, 0x3, 0x1, 0x0,
    0x60, 0x20, 0xd, 0xff, 0xf1, 0x80, 0x80, 0x30,
    0x10, 0x6, 0x2, 0x1, 0xe0, 0x40, 0x67, 0x0,
    0x8, 0x1f, 0xfc,

    /* U+8FF9 "迹" */
    0x0, 0x20, 0x0, 0x8, 0x6, 0x3, 0x0, 0x80,
    0x80, 0x37, 0xff, 0x80, 0x12, 0x0, 0x4, 0x80,
    0x9, 0x20, 0xe3, 0x4b, 0x8, 0xd2, 0xc2, 0x64,
    0x98, 0x99, 0x26, 0x22, 0x49, 0x8, 0x22, 0x2,
    0x8, 0x80, 0x86, 0x20, 0x23, 0x18, 0x1f, 0x80,
    0xc, 0x3f, 0xf8,

    /* U+9000 "退" */
    0x31, 0xff, 0x4, 0x60, 0x41, 0x18, 0x10, 0x67,
    0xfc, 0x1, 0x81, 0x0, 0x60, 0x40, 0x1f, 0xf1,
    0xc7, 0xfc, 0x11, 0x81, 0x4, 0x6e, 0x61, 0x19,
    0xf0, 0x46, 0x38, 0x11, 0xb7, 0x4, 0x7c, 0xe1,
    0x3c, 0x18, 0x64, 0x0, 0x66, 0x0, 0x50, 0x7f,
    0xf0,

    /* U+9001 "送" */
    0x0, 0x84, 0x8, 0x31, 0x83, 0x4, 0x40, 0x61,
    0x30, 0x11, 0xff, 0x80, 0x4, 0x0, 0x1, 0x1,
    0xc0, 0x40, 0x13, 0xff, 0x84, 0x4, 0x1, 0x3,
    0x80, 0x40, 0xb0, 0x10, 0x66, 0x4, 0x30, 0xe1,
    0x38, 0x10, 0xe4, 0x0, 0x66, 0x0, 0x50, 0xff,
    0xf0,

    /* U+9020 "造" */
    0x0, 0x10, 0x8, 0x64, 0x6, 0x19, 0x0, 0xc7,
    0xfc, 0x13, 0x10, 0x0, 0x84, 0x0, 0x1, 0x0,
    0x1f, 0xff, 0xf7, 0xff, 0xc4, 0x0, 0x1, 0x1f,
    0xf0, 0x46, 0xc, 0x11, 0x83, 0x4, 0x60, 0xc1,
    0x1f, 0xf0, 0x46, 0xc, 0x78, 0x0, 0x31, 0x80,
    0x8, 0x1f, 0xfc,

    /* U+9053 "道" */
    0x0, 0x43, 0x6, 0xc, 0x40, 0xc1, 0x18, 0x9,
    0xff, 0xf0, 0x1, 0x80, 0x3, 0xff, 0x0, 0x60,
    0x23, 0x8c, 0x4, 0x11, 0xff, 0x82, 0x30, 0x10,
    0x46, 0x2, 0x8, 0xff, 0xc1, 0x18, 0x8, 0x23,
    0x1, 0x4, 0x7f, 0xe1, 0xc0, 0x0, 0x66, 0x0,
    0x28, 0x3f, 0xf8,

    /* U+90E8 "部" */
    0x8, 0x0, 0x3, 0x0, 0x0, 0xc1, 0xf9, 0xfe,
    0x66, 0x21, 0x19, 0x8c, 0x46, 0x43, 0x31, 0x90,
    0x48, 0x6c, 0xff, 0xda, 0x0, 0x6, 0x40, 0x1,
    0x98, 0x0, 0x63, 0x7f, 0x98, 0xd8, 0x66, 0x36,
    0x19, 0x9d, 0x86, 0x6e, 0x7f, 0x98, 0x18, 0x66,
    0x6, 0x19, 0x80,

    /* U+914D "配" */
    0xff, 0xdf, 0x86, 0x80, 0x21, 0xa0, 0x9, 0xff,
    0x2, 0x5a, 0xc0, 0x96, 0xb0, 0x25, 0xad, 0xf9,
    0x4b, 0x40, 0x73, 0xd0, 0x14, 0x34, 0x4, 0xd,
    0x1, 0xff, 0x40, 0x40, 0xd0, 0x10, 0x34, 0x17,
    0xfd, 0x5, 0x3, 0x43, 0x40, 0xdf, 0x80,

    /* U+915D "酝" */
    0xff, 0x3f, 0x8a, 0x0, 0x2, 0x80, 0x3, 0xfc,
    0x0, 0xa9, 0x0, 0x2a, 0x7f, 0xfa, 0x90, 0x82,
    0xa4, 0x30, 0xad, 0x8, 0x3b, 0xc6, 0x8, 0x11,
    0x92, 0x4, 0x4c, 0xff, 0x31, 0xa0, 0x48, 0x68,
    0x16, 0xff, 0xfd, 0xf3, 0x81, 0x0, 0x0,

    /* U+916C "酬" */
    0xff, 0x90, 0x45, 0x24, 0x91, 0x41, 0x24, 0x50,
    0x49, 0x7f, 0x12, 0x55, 0x5e, 0xd5, 0x55, 0xb5,
    0x55, 0x6f, 0x55, 0x5a, 0xdd, 0xf5, 0xb6, 0x11,
    0x25, 0x4, 0x49, 0x7f, 0x32, 0x50, 0x4c, 0x94,
    0x12, 0x25, 0xfd, 0x89, 0x41, 0xe0, 0x50, 0x10,
    0x0,

    /* U+917F "酿" */
    0x0, 0x0, 0x0, 0xc, 0x3f, 0x82, 0x5, 0xf,
    0xe2, 0x84, 0x17, 0xf2, 0xb, 0xf9, 0xfd, 0x54,
    0x82, 0xaa, 0x41, 0x55, 0x20, 0xaa, 0x9f, 0xdd,
    0x4b, 0x8, 0x64, 0x97, 0xf2, 0x7a, 0x9, 0x39,
    0x4, 0xac, 0xfe, 0x77, 0x41, 0x31, 0xe0, 0x90,
    0x40,

    /* U+9192 "醒" */
    0xff, 0x9f, 0xc2, 0x82, 0x8, 0x50, 0x7f, 0x3f,
    0xc8, 0x25, 0x49, 0x4, 0xa9, 0x3f, 0x95, 0x20,
    0x82, 0xa4, 0x90, 0x54, 0x92, 0xe, 0xf7, 0xf9,
    0x2, 0x88, 0x20, 0x71, 0x7, 0xfb, 0xfc, 0x81,
    0x4, 0x1f, 0xe0, 0x82, 0x4, 0x10, 0x40, 0xbf,
    0xe0,

    /* U+91AE "醮" */
    0x0, 0x12, 0x0, 0x6, 0x43, 0xfe, 0xc8, 0xa,
    0x1f, 0xe1, 0x42, 0x20, 0xfe, 0xc4, 0x1f, 0xd8,
    0x82, 0xaf, 0xfe, 0x55, 0x22, 0xa, 0xa4, 0x41,
    0x54, 0xff, 0x3b, 0x91, 0x4, 0x12, 0x20, 0xfe,
    0x7f, 0x90, 0x48, 0x2, 0x8, 0x2, 0x7f, 0x7b,
    0x48, 0x29, 0x2d, 0x5, 0x24, 0x80, 0x0, 0x0,

    /* U+91C7 "采" */
    0x0, 0x7, 0x7, 0xff, 0xf1, 0xfe, 0x0, 0x0,
    0xc1, 0xc3, 0xc, 0x30, 0x31, 0x8c, 0x6, 0x23,
    0x0, 0x6, 0x0, 0x0, 0xc0, 0x1f, 0xff, 0xf8,
    0xf, 0xc0, 0x3, 0x6c, 0x0, 0xed, 0xc0, 0x39,
    0x9c, 0xe, 0x31, 0xe7, 0x86, 0x1e, 0xc0, 0xc0,
    0x80, 0x18, 0x0,

    /* U+91CC "里" */
    0x3f, 0xfe, 0x18, 0x41, 0xc, 0x20, 0x86, 0x10,
    0x43, 0xff, 0xe1, 0x84, 0x10, 0xc2, 0x8, 0x7f,
    0xfc, 0x0, 0x80, 0x0, 0x40, 0x0, 0x20, 0x7,
    0xff, 0xc0, 0x8, 0x0, 0x4, 0x0, 0x2, 0x1,
    0xff, 0xff,

    /* U+91CD "重" */
    0x0, 0x6, 0xf, 0xff, 0x83, 0xfc, 0x0, 0x3,
    0x0, 0xff, 0xff, 0xc0, 0x30, 0x0, 0xc, 0x0,
    0x7f, 0xf8, 0x18, 0xc2, 0x7, 0xff, 0x81, 0x8c,
    0x20, 0x7f, 0xf8, 0x0, 0xc0, 0x0, 0x30, 0x3,
    0xff, 0xf0, 0x3, 0x0, 0x0, 0xc0, 0x3f, 0xff,
    0xf0,

    /* U+91CF "量" */
    0x1f, 0xfe, 0x4, 0x0, 0x81, 0xff, 0xe0, 0x40,
    0x8, 0x1f, 0xfe, 0x0, 0x0, 0xf, 0xff, 0xfc,
    0x0, 0x0, 0x1f, 0xfe, 0x4, 0x30, 0x81, 0xff,
    0xe0, 0x43, 0x8, 0x1f, 0xfe, 0x0, 0x30, 0x3,
    0xff, 0xf0, 0x3, 0x0, 0x0, 0xc0, 0x3f, 0xff,
    0xf0,

    /* U+9488 "针" */
    0x8, 0xc, 0x6, 0x3, 0x1, 0xf0, 0xc0, 0xc0,
    0x30, 0x60, 0xc, 0x10, 0x3, 0x7, 0xff, 0xfc,
    0x20, 0x30, 0x8, 0xc, 0x2, 0x3, 0x7, 0xf0,
    0xc0, 0x20, 0x30, 0x8, 0xc, 0x2, 0x43, 0x0,
    0xb0, 0xc0, 0x38, 0x30, 0x1c, 0xc, 0x2, 0x3,
    0x0,

    /* U+94BB "钻" */
    0xe, 0xc, 0x1, 0x81, 0x80, 0x60, 0x30, 0xf,
    0xc7, 0xf3, 0x0, 0xc0, 0xc0, 0x18, 0x17, 0xe3,
    0x0, 0x60, 0x60, 0xc, 0xc, 0x1, 0x8f, 0xf1,
    0xff, 0x82, 0x6, 0x30, 0x40, 0xc6, 0x8, 0x18,
    0xc1, 0x3, 0x78, 0x20, 0x7b, 0xfc, 0x1e, 0x60,
    0x81, 0xc, 0x10,

    /* U+94F8 "铸" */
    0x10, 0x10, 0x4, 0x4, 0x3, 0xff, 0xfc, 0xf8,
    0x40, 0x60, 0x10, 0x30, 0x3f, 0xeb, 0xc1, 0x0,
    0x40, 0xc0, 0x10, 0xff, 0xdf, 0x88, 0x47, 0xe2,
    0x10, 0x41, 0xff, 0x10, 0x41, 0x7, 0xbc, 0x41,
    0x99, 0x10, 0xcc, 0xc, 0x1, 0x7, 0x0,

    /* U+9501 "锁" */
    0x10, 0x8, 0x8, 0x44, 0x8c, 0x72, 0xc7, 0xd9,
    0x46, 0x0, 0x86, 0x0, 0x42, 0xf3, 0xfc, 0x21,
    0x2, 0x10, 0x89, 0x8, 0x44, 0x9f, 0xa2, 0x42,
    0x11, 0x21, 0x8, 0x90, 0xa0, 0xc0, 0x70, 0x48,
    0x30, 0x6e, 0x31, 0xe1, 0x80, 0xc0, 0x0,

    /* U+9519 "错" */
    0x10, 0x46, 0x4, 0x11, 0x83, 0x4, 0x60, 0xf7,
    0xfe, 0x60, 0x46, 0x30, 0x11, 0x8b, 0xc4, 0x60,
    0xf7, 0xff, 0x10, 0x0, 0x4, 0x0, 0x7, 0xef,
    0xf0, 0x42, 0x4, 0x10, 0x81, 0x4, 0x3f, 0xc1,
    0x68, 0x10, 0x62, 0x4, 0x30, 0xff, 0x0, 0x20,
    0x40,

    /* U+952E "键" */
    0x10, 0x4, 0x4, 0x1, 0x3, 0x3d, 0xf9, 0xf2,
    0x12, 0xc0, 0xbf, 0xd1, 0x61, 0x23, 0xd0, 0x48,
    0x4f, 0x7e, 0x10, 0x44, 0x4, 0x11, 0x7, 0xd5,
    0xf8, 0x4f, 0x10, 0x11, 0xc4, 0x5, 0x6f, 0xf1,
    0xd8, 0x40, 0x67, 0x10, 0x31, 0x74, 0x1, 0x83,
    0xf0,

    /* U+957F "长" */
    0xc, 0xc, 0x3, 0x7, 0x0, 0xc3, 0x80, 0x31,
    0xc0, 0xc, 0xe0, 0x3, 0x70, 0x0, 0xc8, 0x3,
    0xff, 0xff, 0xc, 0x60, 0x3, 0x18, 0x0, 0xc3,
    0x0, 0x30, 0xc0, 0xc, 0x98, 0x3, 0x73, 0x80,
    0xf0, 0x78, 0x78, 0xe, 0x8, 0x0, 0x0,

    /* U+95E8 "门" */
    0x30, 0x0, 0x33, 0xff, 0x10, 0x3, 0x10, 0x3,
    0x0, 0x3, 0xc0, 0x3, 0xc0, 0x3, 0xc0, 0x3,
    0xc0, 0x3, 0xc0, 0x3, 0xc0, 0x3, 0xc0, 0x3,
    0xc0, 0x3, 0xc0, 0x3, 0xc0, 0x3, 0xc0, 0x3,
    0xc0, 0xf, 0xc0, 0xe,

    /* U+95ED "闭" */
    0x30, 0x0, 0x1c, 0xff, 0xc4, 0x0, 0x60, 0xc,
    0x3c, 0x6, 0x1e, 0x3, 0xf, 0x7f, 0xf7, 0x81,
    0xc3, 0xc1, 0xe1, 0xe0, 0xb0, 0xf0, 0xd8, 0x78,
    0xcc, 0x3c, 0xc6, 0x1f, 0xc3, 0xf, 0x41, 0x87,
    0x83, 0xc3, 0xc1, 0xc7, 0xe0, 0x3, 0x80,

    /* U+95EE "问" */
    0x20, 0x0, 0x33, 0xff, 0x18, 0x3, 0x0, 0x3,
    0xc0, 0x3, 0xc0, 0x3, 0xcf, 0xf3, 0xcc, 0x33,
    0xcc, 0x33, 0xcc, 0x33, 0xcc, 0x33, 0xcc, 0x33,
    0xcf, 0xf3, 0xc0, 0x3, 0xc0, 0x3, 0xc0, 0x3,
    0xc0, 0xf, 0xc0, 0x6,

    /* U+95F0 "闰" */
    0x30, 0x0, 0x39, 0xff, 0x18, 0x1, 0x0, 0x1,
    0x0, 0x1, 0xcf, 0xf9, 0xc0, 0x81, 0xc0, 0x81,
    0xc0, 0x81, 0xc7, 0xf1, 0xc0, 0x81, 0xc0, 0x81,
    0xc0, 0x81, 0xdf, 0xfd, 0xc0, 0x1, 0xc0, 0x1,
    0xc0, 0x7, 0xc0, 0x6,

    /* U+95F2 "闲" */
    0x20, 0x0, 0x33, 0xff, 0x13, 0xff, 0x10, 0x3,
    0xc1, 0x83, 0xc1, 0x83, 0xc1, 0x83, 0xdf, 0xfb,
    0xc3, 0x83, 0xc3, 0x83, 0xc7, 0xe3, 0xc5, 0xb3,
    0xcd, 0x9b, 0xd9, 0x8b, 0xd9, 0x83, 0xd1, 0x83,
    0xc1, 0x83, 0xc0, 0xf,

    /* U+95F4 "间" */
    0x30, 0x0, 0x1c, 0xff, 0xc6, 0x0, 0x62, 0x0,
    0x3c, 0x0, 0x1e, 0x7f, 0x8f, 0x30, 0x47, 0x98,
    0x23, 0xcc, 0x11, 0xe7, 0xf8, 0xf3, 0x4, 0x79,
    0x82, 0x3c, 0xc1, 0x1e, 0x7f, 0x8f, 0x0, 0x7,
    0x80, 0x3, 0xc0, 0xf, 0xe0, 0x3, 0x80,

    /* U+9634 "阴" */
    0xfe, 0x7f, 0xe3, 0x30, 0xf1, 0x98, 0x78, 0x8c,
    0x3c, 0xc6, 0x1e, 0x43, 0xff, 0x21, 0x87, 0x98,
    0xc3, 0xc4, 0x61, 0xe3, 0x3f, 0xf1, 0x98, 0x78,
    0xc8, 0x3d, 0xcc, 0x1e, 0x44, 0xf, 0x6, 0x7,
    0x86, 0x3, 0xc6, 0x7, 0x80,

    /* U+9635 "阵" */
    0x0, 0x30, 0x3f, 0x8, 0xc, 0x86, 0x3, 0x2f,
    0xfe, 0xd8, 0xc0, 0x34, 0x30, 0xd, 0x9, 0x83,
    0x46, 0x60, 0xdb, 0x18, 0x32, 0xff, 0xec, 0xc1,
    0x83, 0x30, 0x60, 0xdc, 0x18, 0x34, 0xff, 0xfc,
    0x1, 0x83, 0x0, 0x60, 0xc0, 0x18, 0x30, 0x6,
    0x0,

    /* U+9636 "阶" */
    0x0, 0x30, 0x3f, 0x1c, 0x8, 0x85, 0x2, 0x63,
    0x60, 0x98, 0x8c, 0x24, 0x61, 0x89, 0x10, 0x3a,
    0xcc, 0x6, 0xb6, 0xcc, 0xa6, 0x23, 0x8, 0x88,
    0xc2, 0x22, 0x30, 0x88, 0x8c, 0x2e, 0x63, 0xb,
    0x18, 0xc2, 0x4, 0x30, 0x83, 0xc, 0x21, 0x83,
    0x0,

    /* U+9642 "陂" */
    0x0, 0x10, 0x7e, 0x8, 0x23, 0x4, 0x11, 0x3f,
    0xf9, 0x91, 0x14, 0x88, 0x8a, 0xc4, 0x41, 0x62,
    0x20, 0x99, 0xff, 0x4c, 0xb1, 0x23, 0x59, 0x91,
    0xac, 0xc9, 0xb2, 0xc5, 0xd1, 0xe2, 0x8, 0x61,
    0xc, 0x78, 0x8c, 0xe7, 0xc6, 0x60, 0xc0,

    /* U+964D "降" */
    0x0, 0x60, 0x7c, 0x60, 0x26, 0x3f, 0x92, 0x38,
    0x89, 0x36, 0xc5, 0x91, 0xc2, 0x80, 0xe1, 0x61,
    0x9f, 0x9f, 0x93, 0xcd, 0x8, 0x22, 0x7f, 0xd3,
    0x2, 0xb, 0x21, 0x4, 0x3f, 0xfe, 0x0, 0x41,
    0x0, 0x20, 0x80, 0x10, 0x40, 0x8, 0x0,

    /* U+9664 "除" */
    0x0, 0x20, 0x7c, 0x30, 0x26, 0x34, 0x13, 0x13,
    0x9, 0x18, 0xc5, 0x98, 0x3a, 0xdf, 0xfd, 0x60,
    0x40, 0x98, 0x20, 0x4c, 0x10, 0x22, 0xff, 0x91,
    0x4, 0xb, 0x92, 0x5, 0x89, 0x62, 0xc, 0x99,
    0xc, 0x46, 0x84, 0xe0, 0x40, 0x70, 0x0,

    /* U+96C7 "雇" */
    0x0, 0xc0, 0x0, 0x18, 0x3, 0xff, 0xf0, 0x80,
    0x4, 0x3f, 0xff, 0x8, 0x44, 0x2, 0x31, 0x0,
    0x8f, 0xfe, 0x27, 0xff, 0x8b, 0x84, 0x3, 0xbf,
    0xf0, 0x88, 0x40, 0x22, 0x10, 0x18, 0xff, 0xc4,
    0x21, 0x3, 0xf, 0xff, 0x42, 0x0, 0x0, 0x80,
    0x0,

    /* U+96D5 "雕" */
    0x0, 0x9, 0x1f, 0xe2, 0x64, 0xc9, 0x81, 0x32,
    0x7f, 0x5e, 0x91, 0x13, 0x2c, 0x44, 0xcb, 0x11,
    0x7a, 0xff, 0x40, 0x91, 0x17, 0xa4, 0x45, 0x29,
    0x11, 0x4a, 0x7f, 0x52, 0x91, 0x17, 0xa4, 0x44,
    0x9, 0x13, 0xe, 0x7f, 0x83, 0x90, 0x0, 0x4,
    0x0,

    /* U+96E8 "雨" */
    0xff, 0xff, 0xc0, 0x30, 0x0, 0xc, 0x0, 0x3,
    0x0, 0x7f, 0xff, 0x98, 0x30, 0x66, 0xd, 0x19,
    0xb3, 0x66, 0x66, 0xcd, 0x98, 0x30, 0x66, 0xc,
    0x19, 0xa3, 0x46, 0x6e, 0xd9, 0x99, 0x32, 0x66,
    0xc, 0x19, 0x83, 0x6, 0x60, 0x7, 0x0,

    /* U+96EA "雪" */
    0x3f, 0xfe, 0x0, 0x40, 0x3f, 0xff, 0xf0, 0x10,
    0x38, 0x8, 0x1d, 0xe5, 0xcc, 0x2, 0x0, 0x79,
    0x78, 0x0, 0x0, 0x0, 0x0, 0xf, 0xff, 0x80,
    0x0, 0xc7, 0xff, 0xe0, 0x0, 0x30, 0x0, 0x18,
    0x7f, 0xfc, 0x0, 0x6, 0x0,

    /* U+96F7 "雷" */
    0x3f, 0xff, 0x0, 0x30, 0x0, 0xc, 0x3, 0xff,
    0xff, 0xc0, 0xc0, 0xf7, 0xb7, 0xb0, 0xc, 0x0,
    0x7b, 0x78, 0x0, 0xc0, 0xf, 0xff, 0xc3, 0xc,
    0x30, 0xc3, 0xc, 0x30, 0xc3, 0xf, 0xff, 0xc3,
    0xc, 0x30, 0xc3, 0xc, 0x3f, 0xff, 0xc, 0x0,
    0xc0,

    /* U+96F9 "雹" */
    0x3f, 0xff, 0x0, 0x40, 0x3f, 0xff, 0xf0, 0x10,
    0x1b, 0xcb, 0xc8, 0x4, 0x0, 0xf2, 0xf0, 0x30,
    0x0, 0x1f, 0xfe, 0x30, 0x3, 0x3f, 0xf9, 0x96,
    0xc, 0xc3, 0x6, 0x61, 0xff, 0xe0, 0xc0, 0x6,
    0x60, 0x3, 0x1f, 0xff, 0x0,

    /* U+96FE "雾" */
    0x1f, 0xff, 0x0, 0x20, 0x1f, 0xff, 0xe8, 0x8,
    0x15, 0xe5, 0xe8, 0x2, 0x0, 0x79, 0x78, 0xc,
    0x0, 0xf, 0xfc, 0x19, 0x8c, 0x0, 0x7c, 0x1,
    0xff, 0x87, 0x8c, 0x78, 0x6, 0x0, 0x7f, 0xf8,
    0x3, 0xc, 0x7, 0xe, 0x1e, 0xe, 0x0,

    /* U+9700 "需" */
    0x3f, 0xff, 0x0, 0x40, 0x0, 0x20, 0x1f, 0xff,
    0xfc, 0x8, 0xe, 0xf5, 0xf4, 0x2, 0x0, 0x3d,
    0x7c, 0x0, 0x0, 0x0, 0x0, 0x3f, 0xff, 0xe0,
    0x10, 0x3, 0xff, 0xf1, 0x19, 0x8, 0x8c, 0x84,
    0x46, 0x42, 0x23, 0x27, 0x10, 0x3, 0x80,

    /* U+971C "霜" */
    0x1f, 0xff, 0x0, 0x20, 0x1f, 0xff, 0xe8, 0x8,
    0x14, 0xe5, 0xe8, 0x2, 0x0, 0x7d, 0x78, 0x0,
    0x0, 0x8, 0x0, 0x4, 0x3f, 0x9f, 0xd0, 0x41,
    0xf, 0xe1, 0xa4, 0x11, 0xdb, 0xf8, 0xa1, 0x4,
    0x90, 0x82, 0x48, 0x7f, 0x4, 0x20, 0x80,

    /* U+9732 "露" */
    0x3f, 0xfe, 0x0, 0x40, 0x3f, 0xff, 0xd7, 0x97,
    0xa0, 0x8, 0x1, 0xe5, 0xe0, 0x1, 0x0, 0xf8,
    0xc0, 0x7c, 0xfe, 0x22, 0xf2, 0x1f, 0x2e, 0x2,
    0xf, 0xf5, 0xcc, 0x32, 0x83, 0xf1, 0x41, 0x9,
    0xfc, 0xfc, 0xc0, 0x42, 0x0,

    /* U+973E "霾" */
    0x1f, 0xff, 0x0, 0x10, 0x7, 0xff, 0xfd, 0x1,
    0x3, 0x5e, 0x5e, 0xd0, 0x10, 0x31, 0xe1, 0xe0,
    0x31, 0xfe, 0x74, 0x48, 0x8d, 0xdf, 0xe1, 0xc4,
    0x89, 0x99, 0xfe, 0xb, 0x8, 0xd, 0xc2, 0x6,
    0xf7, 0xf8, 0x6c, 0x20, 0x2e, 0xff, 0xc3, 0x0,
    0x0,

    /* U+975E "非" */
    0x3, 0x10, 0x0, 0xc4, 0x0, 0x31, 0x1, 0xfc,
    0x7f, 0x3, 0x10, 0x0, 0xc4, 0x0, 0x31, 0x1,
    0xfc, 0x7e, 0x3, 0x10, 0x0, 0xc4, 0x0, 0x31,
    0x0, 0xc, 0x40, 0xff, 0x1f, 0xc0, 0xc4, 0x0,
    0x31, 0x0, 0xc, 0x40, 0x3, 0x10, 0x0,

    /* U+9762 "面" */
    0xff, 0xff, 0x80, 0xc0, 0x0, 0x40, 0x0, 0x60,
    0x7, 0xff, 0xf3, 0x31, 0x99, 0x98, 0xcc, 0xcf,
    0xe6, 0x66, 0x33, 0x33, 0x19, 0x99, 0x8c, 0xcc,
    0xfe, 0x66, 0x63, 0x33, 0x31, 0x99, 0xff, 0xfc,
    0xc0, 0x6, 0x60, 0x3, 0x0,

    /* U+97F3 "音" */
    0x1, 0x80, 0x0, 0xc0, 0x1f, 0xff, 0xc0, 0x2,
    0x0, 0xc1, 0x80, 0x20, 0x80, 0x10, 0xc1, 0xff,
    0xff, 0x0, 0x0, 0x0, 0x0, 0x7, 0xff, 0x2,
    0x0, 0x81, 0x0, 0x40, 0xff, 0xe0, 0x40, 0x10,
    0x20, 0x8, 0x1f, 0xfc, 0x8, 0x2, 0x0,

    /* U+9891 "频" */
    0x4, 0x0, 0x4, 0x8f, 0xf8, 0x90, 0x10, 0x13,
    0xc6, 0x2, 0x40, 0xc0, 0x48, 0x7f, 0x9f, 0xe8,
    0x30, 0x21, 0x36, 0x24, 0x24, 0xc6, 0x94, 0x98,
    0x96, 0x93, 0x32, 0x92, 0x60, 0x72, 0x4c, 0xc,
    0x59, 0x83, 0x2, 0x40, 0xc0, 0xcc, 0x70, 0x70,
    0xc0, 0x8, 0x8,

    /* U+989D "额" */
    0xc, 0x0, 0x3, 0xf, 0xf7, 0xf8, 0x61, 0x2,
    0x10, 0x58, 0x4, 0x6, 0xf, 0xe3, 0xf3, 0xf9,
    0x84, 0xc2, 0x5e, 0x36, 0x83, 0x8d, 0x21, 0xbb,
    0x49, 0xc2, 0xd2, 0x7f, 0x34, 0x8c, 0x43, 0x3,
    0x10, 0xb0, 0xfc, 0x66, 0x31, 0x70, 0xcc, 0x58,
    0x20,

    /* U+98CE "风" */
    0x3f, 0xfe, 0x6, 0x0, 0x40, 0xc0, 0x8, 0x18,
    0x9, 0x3, 0x61, 0x20, 0x66, 0x64, 0xc, 0x68,
    0x81, 0x87, 0x10, 0x30, 0xc2, 0x6, 0x1c, 0x40,
    0xc6, 0xc8, 0x11, 0x99, 0x6, 0x61, 0xa0, 0xc8,
    0x36, 0x90, 0x0, 0x76, 0x0, 0xe, 0x80, 0x0,
    0x80,

    /* U+9970 "饰" */
    0x18, 0x30, 0x4, 0x8, 0x3, 0x6, 0x0, 0xf9,
    0xff, 0x66, 0xc8, 0x19, 0xb2, 0x4, 0x8, 0x80,
    0x40, 0x20, 0x10, 0x7f, 0xc4, 0x12, 0x11, 0x4,
    0x84, 0x41, 0x21, 0x12, 0x48, 0x45, 0x92, 0x11,
    0xc4, 0x9c, 0x61, 0x24, 0x10, 0x8, 0x0, 0x2,
    0x0,

    /* U+9980 "馀" */
    0x0, 0x0, 0x3, 0x3, 0x0, 0x40, 0x60, 0x8,
    0xa, 0x3, 0xf3, 0x40, 0x46, 0xcc, 0x8, 0x98,
    0xc3, 0x36, 0xc, 0x41, 0xbe, 0xca, 0x21, 0x8,
    0x40, 0x20, 0x8, 0x7f, 0xc1, 0x0, 0x80, 0x20,
    0xd6, 0x5, 0xb2, 0x40, 0xe6, 0x4c, 0x19, 0x88,
    0xc2, 0x7, 0x0, 0x0, 0xc0, 0x0,

    /* U+9999 "香" */
    0x0, 0x7c, 0x1f, 0xf8, 0x0, 0x20, 0x0, 0x10,
    0xf, 0xff, 0xf8, 0x3f, 0x80, 0x32, 0xe0, 0x71,
    0x18, 0xe0, 0x87, 0x8f, 0xfe, 0xc4, 0x1, 0x2,
    0x0, 0x81, 0xff, 0xc0, 0x80, 0x20, 0x40, 0x10,
    0x20, 0x8, 0x1f, 0xfc, 0x8, 0x2, 0x0,

    /* U+9A6C "马" */
    0x7f, 0xfc, 0x0, 0xc, 0xc, 0x8, 0x8, 0x8,
    0x18, 0x18, 0x18, 0x18, 0x18, 0x18, 0x18, 0x18,
    0x1f, 0xff, 0x0, 0x1, 0x0, 0x1, 0xff, 0xf9,
    0x0, 0x1, 0x0, 0x1, 0x0, 0x1, 0x0, 0x2,
    0x0, 0x3e,

    /* U+9A8C "验" */
    0x0, 0x20, 0x0, 0xc, 0xf, 0xc3, 0x80, 0x11,
    0xa0, 0x4, 0x44, 0x3, 0x31, 0x84, 0xd8, 0x39,
    0x3d, 0xfb, 0x4c, 0x0, 0x13, 0x0, 0x4, 0x81,
    0x1, 0xfa, 0x4c, 0x6, 0x93, 0x1, 0xb4, 0x8f,
    0x45, 0xa3, 0x11, 0x18, 0x4, 0x4, 0xf, 0x7f,
    0xe1, 0x80, 0x0,

    /* U+9EA6 "麦" */
    0x0, 0x80, 0x0, 0x20, 0x7, 0xff, 0xf0, 0x2,
    0x0, 0x0, 0x80, 0xf, 0xff, 0xc0, 0x8, 0x0,
    0x2, 0x0, 0xff, 0xff, 0xc0, 0x40, 0x0, 0x3f,
    0xc0, 0x38, 0x60, 0x3b, 0x30, 0x8, 0x78, 0x0,
    0xc, 0x0, 0xf, 0xc0, 0x7e, 0x1f, 0x98, 0x0,
    0x60,

    /* U+9EC4 "黄" */
    0x2, 0x10, 0x1, 0x8, 0xf, 0xff, 0xc0, 0x42,
    0x0, 0x21, 0x0, 0x10, 0x83, 0xff, 0xfe, 0x1,
    0x0, 0x3f, 0xfe, 0x18, 0x41, 0xc, 0x20, 0x87,
    0xff, 0xc3, 0x8, 0x21, 0x84, 0x10, 0xff, 0xf8,
    0xc, 0x30, 0xc, 0xc, 0x1c, 0x3, 0x98, 0x0,
    0x40,

    /* U+9F13 "鼓" */
    0x4, 0x2, 0x0, 0x80, 0x41, 0xff, 0x8, 0x2,
    0xf, 0xf0, 0x40, 0x20, 0xff, 0x4, 0x0, 0x0,
    0x81, 0xfc, 0xfe, 0x20, 0x88, 0xc4, 0x11, 0x90,
    0xfe, 0x32, 0x0, 0x2, 0x81, 0x10, 0x70, 0x26,
    0x4, 0x3f, 0xf3, 0xc3, 0x81, 0xce, 0x0, 0xe0,
    0xe0,

    /* U+9F50 "齐" */
    0x0, 0x40, 0x0, 0xc, 0x1, 0xff, 0xff, 0x3,
    0x6, 0x0, 0x31, 0x80, 0x3, 0x30, 0x0, 0x3c,
    0x0, 0x7, 0x80, 0x1f, 0x9f, 0xef, 0x0, 0x78,
    0xc, 0x30, 0x1, 0x86, 0x0, 0x30, 0xc0, 0x4,
    0x18, 0x1, 0x83, 0x0, 0x60, 0x60, 0x38, 0xc,
    0xc, 0x1, 0x80,

    /* U+9F99 "龙" */
    0x1, 0x80, 0x0, 0x62, 0x0, 0x18, 0xc0, 0x6,
    0x18, 0x1, 0x80, 0x1f, 0xff, 0xf0, 0x1a, 0x0,
    0xc, 0x80, 0x3, 0x23, 0x0, 0xc8, 0xc0, 0x32,
    0x60, 0x18, 0x90, 0xe, 0x2c, 0x3, 0xe, 0x1,
    0x83, 0x0, 0xc3, 0x83, 0x63, 0xe0, 0xf0, 0xcf,
    0xe0,

    /* U+FF01 "！" */
    0xff, 0xff, 0xc0, 0xf0,

    /* U+FF08 "（" */
    0x8, 0xcc, 0xc4, 0x62, 0x10, 0x84, 0x21, 0x84,
    0x30, 0xc3, 0x8,

    /* U+FF09 "）" */
    0x86, 0x18, 0x61, 0xc, 0x21, 0x8, 0x42, 0x21,
    0x19, 0x98, 0x80,

    /* U+FF0C "，" */
    0xfd, 0x60,

    /* U+FF1A "：" */
    0xfc, 0x1, 0xf8,

    /* U+FF1B "；" */
    0xfc, 0x1, 0xfb, 0x78,

    /* U+FF1F "？" */
    0x79, 0xba, 0x14, 0x20, 0xc1, 0x86, 0x18, 0x20,
    0x40, 0x0, 0x7, 0xe, 0x0
};


/*---------------------
 *  GLYPH DESCRIPTION
 *--------------------*/

static const lv_font_fmt_txt_glyph_dsc_t glyph_dsc[] = {
    {.bitmap_index = 0, .adv_w = 0, .box_w = 0, .box_h = 0, .ofs_x = 0, .ofs_y = 0} /* id = 0 reserved */,
    {.bitmap_index = 0, .adv_w = 160, .box_w = 1, .box_h = 1, .ofs_x = 0, .ofs_y = 0},
    {.bitmap_index = 1, .adv_w = 160, .box_w = 2, .box_h = 14, .ofs_x = 4, .ofs_y = 0},
    {.bitmap_index = 5, .adv_w = 160, .box_w = 5, .box_h = 4, .ofs_x = 3, .ofs_y = 9},
    {.bitmap_index = 8, .adv_w = 160, .box_w = 9, .box_h = 13, .ofs_x = 1, .ofs_y = 0},
    {.bitmap_index = 23, .adv_w = 160, .box_w = 8, .box_h = 17, .ofs_x = 1, .ofs_y = -2},
    {.bitmap_index = 40, .adv_w = 160, .box_w = 9, .box_h = 13, .ofs_x = 1, .ofs_y = 0},
    {.bitmap_index = 55, .adv_w = 160, .box_w = 10, .box_h = 13, .ofs_x = 1, .ofs_y = 0},
    {.bitmap_index = 72, .adv_w = 160, .box_w = 2, .box_h = 4, .ofs_x = 4, .ofs_y = 9},
    {.bitmap_index = 73, .adv_w = 160, .box_w = 5, .box_h = 16, .ofs_x = 5, .ofs_y = -1},
    {.bitmap_index = 83, .adv_w = 160, .box_w = 5, .box_h = 16, .ofs_x = 0, .ofs_y = -1},
    {.bitmap_index = 93, .adv_w = 160, .box_w = 10, .box_h = 9, .ofs_x = 0, .ofs_y = 4},
    {.bitmap_index = 105, .adv_w = 160, .box_w = 9, .box_h = 8, .ofs_x = 1, .ofs_y = 3},
    {.bitmap_index = 114, .adv_w = 160, .box_w = 2, .box_h = 3, .ofs_x = 2, .ofs_y = -2},
    {.bitmap_index = 115, .adv_w = 160, .box_w = 9, .box_h = 1, .ofs_x = 1, .ofs_y = 7},
    {.bitmap_index = 117, .adv_w = 160, .box_w = 2, .box_h = 1, .ofs_x = 2, .ofs_y = 0},
    {.bitmap_index = 118, .adv_w = 160, .box_w = 9, .box_h = 15, .ofs_x = 0, .ofs_y = -1},
    {.bitmap_index = 135, .adv_w = 160, .box_w = 9, .box_h = 14, .ofs_x = 0, .ofs_y = -1},
    {.bitmap_index = 151, .adv_w = 160, .box_w = 5, .box_h = 13, .ofs_x = 1, .ofs_y = 0},
    {.bitmap_index = 160, .adv_w = 160, .box_w = 8, .box_h = 13, .ofs_x = 1, .ofs_y = 0},
    {.bitmap_index = 173, .adv_w = 160, .box_w = 8, .box_h = 13, .ofs_x = 1, .ofs_y = 0},
    {.bitmap_index = 186, .adv_w = 160, .box_w = 9, .box_h = 13, .ofs_x = 1, .ofs_y = 0},
    {.bitmap_index = 201, .adv_w = 160, .box_w = 9, .box_h = 13, .ofs_x = 0, .ofs_y = 0},
    {.bitmap_index = 216, .adv_w = 160, .box_w = 9, .box_h = 13, .ofs_x = 1, .ofs_y = 0},
    {.bitmap_index = 231, .adv_w = 160, .box_w = 8, .box_h = 13, .ofs_x = 1, .ofs_y = 0},
    {.bitmap_index = 244, .adv_w = 160, .box_w = 9, .box_h = 13, .ofs_x = 1, .ofs_y = 0},
    {.bitmap_index = 259, .adv_w = 160, .box_w = 9, .box_h = 13, .ofs_x = 0, .ofs_y = 0},
    {.bitmap_index = 274, .adv_w = 160, .box_w = 2, .box_h = 9, .ofs_x = 4, .ofs_y = 0},
    {.bitmap_index = 277, .adv_w = 160, .box_w = 2, .box_h = 11, .ofs_x = 4, .ofs_y = -2},
    {.bitmap_index = 280, .adv_w = 160, .box_w = 8, .box_h = 14, .ofs_x = 1, .ofs_y = 0},
    {.bitmap_index = 294, .adv_w = 160, .box_w = 9, .box_h = 6, .ofs_x = 1, .ofs_y = 4},
    {.bitmap_index = 301, .adv_w = 160, .box_w = 8, .box_h = 14, .ofs_x = 1, .ofs_y = 0},
    {.bitmap_index = 315, .adv_w = 160, .box_w = 8, .box_h = 13, .ofs_x = 1, .ofs_y = 0},
    {.bitmap_index = 328, .adv_w = 160, .box_w = 9, .box_h = 13, .ofs_x = 1, .ofs_y = 0},
    {.bitmap_index = 343, .adv_w = 160, .box_w = 10, .box_h = 13, .ofs_x = 0, .ofs_y = 0},
    {.bitmap_index = 360, .adv_w = 160, .box_w = 8, .box_h = 13, .ofs_x = 1, .ofs_y = 0},
    {.bitmap_index = 373, .adv_w = 160, .box_w = 9, .box_h = 13, .ofs_x = 1, .ofs_y = 0},
    {.bitmap_index = 388, .adv_w = 160, .box_w = 8, .box_h = 13, .ofs_x = 1, .ofs_y = 0},
    {.bitmap_index = 401, .adv_w = 160, .box_w = 8, .box_h = 13, .ofs_x = 1, .ofs_y = 0},
    {.bitmap_index = 414, .adv_w = 160, .box_w = 8, .box_h = 13, .ofs_x = 1, .ofs_y = 0},
    {.bitmap_index = 427, .adv_w = 160, .box_w = 8, .box_h = 13, .ofs_x = 1, .ofs_y = 0},
    {.bitmap_index = 440, .adv_w = 160, .box_w = 8, .box_h = 13, .ofs_x = 1, .ofs_y = 0},
    {.bitmap_index = 453, .adv_w = 160, .box_w = 2, .box_h = 13, .ofs_x = 4, .ofs_y = 0},
    {.bitmap_index = 457, .adv_w = 160, .box_w = 8, .box_h = 13, .ofs_x = 1, .ofs_y = 0},
    {.bitmap_index = 470, .adv_w = 160, .box_w = 9, .box_h = 13, .ofs_x = 1, .ofs_y = 0},
    {.bitmap_index = 485, .adv_w = 160, .box_w = 8, .box_h = 13, .ofs_x = 1, .ofs_y = 0},
    {.bitmap_index = 498, .adv_w = 160, .box_w = 9, .box_h = 13, .ofs_x = 1, .ofs_y = 0},
    {.bitmap_index = 513, .adv_w = 160, .box_w = 8, .box_h = 13, .ofs_x = 1, .ofs_y = 0},
    {.bitmap_index = 526, .adv_w = 160, .box_w = 9, .box_h = 13, .ofs_x = 1, .ofs_y = 0},
    {.bitmap_index = 541, .adv_w = 160, .box_w = 8, .box_h = 13, .ofs_x = 1, .ofs_y = 0},
    {.bitmap_index = 554, .adv_w = 160, .box_w = 9, .box_h = 14, .ofs_x = 1, .ofs_y = -1},
    {.bitmap_index = 570, .adv_w = 160, .box_w = 8, .box_h = 13, .ofs_x = 1, .ofs_y = 0},
    {.bitmap_index = 583, .adv_w = 160, .box_w = 8, .box_h = 13, .ofs_x = 1, .ofs_y = 0},
    {.bitmap_index = 596, .adv_w = 160, .box_w = 8, .box_h = 13, .ofs_x = 1, .ofs_y = 0},
    {.bitmap_index = 609, .adv_w = 160, .box_w = 8, .box_h = 13, .ofs_x = 1, .ofs_y = 0},
    {.bitmap_index = 622, .adv_w = 160, .box_w = 10, .box_h = 13, .ofs_x = 0, .ofs_y = 0},
    {.bitmap_index = 639, .adv_w = 160, .box_w = 10, .box_h = 13, .ofs_x = 0, .ofs_y = 0},
    {.bitmap_index = 656, .adv_w = 160, .box_w = 9, .box_h = 13, .ofs_x = 0, .ofs_y = 0},
    {.bitmap_index = 671, .adv_w = 160, .box_w = 10, .box_h = 13, .ofs_x = 0, .ofs_y = 0},
    {.bitmap_index = 688, .adv_w = 160, .box_w = 8, .box_h = 13, .ofs_x = 1, .ofs_y = 0},
    {.bitmap_index = 701, .adv_w = 160, .box_w = 6, .box_h = 17, .ofs_x = 4, .ofs_y = -1},
    {.bitmap_index = 714, .adv_w = 160, .box_w = 8, .box_h = 16, .ofs_x = 1, .ofs_y = -2},
    {.bitmap_index = 730, .adv_w = 160, .box_w = 6, .box_h = 17, .ofs_x = 1, .ofs_y = -1},
    {.bitmap_index = 743, .adv_w = 160, .box_w = 8, .box_h = 3, .ofs_x = 1, .ofs_y = 12},
    {.bitmap_index = 746, .adv_w = 160, .box_w = 10, .box_h = 1, .ofs_x = 0, .ofs_y = -3},
    {.bitmap_index = 748, .adv_w = 160, .box_w = 5, .box_h = 4, .ofs_x = 2, .ofs_y = 12},
    {.bitmap_index = 751, .adv_w = 160, .box_w = 9, .box_h = 9, .ofs_x = 1, .ofs_y = 0},
    {.bitmap_index = 762, .adv_w = 160, .box_w = 8, .box_h = 13, .ofs_x = 1, .ofs_y = 0},
    {.bitmap_index = 775, .adv_w = 160, .box_w = 8, .box_h = 9, .ofs_x = 1, .ofs_y = 0},
    {.bitmap_index = 784, .adv_w = 160, .box_w = 8, .box_h = 13, .ofs_x = 1, .ofs_y = 0},
    {.bitmap_index = 797, .adv_w = 160, .box_w = 8, .box_h = 9, .ofs_x = 1, .ofs_y = 0},
    {.bitmap_index = 806, .adv_w = 160, .box_w = 8, .box_h = 13, .ofs_x = 1, .ofs_y = 0},
    {.bitmap_index = 819, .adv_w = 160, .box_w = 9, .box_h = 11, .ofs_x = 1, .ofs_y = -2},
    {.bitmap_index = 832, .adv_w = 160, .box_w = 8, .box_h = 13, .ofs_x = 1, .ofs_y = 0},
    {.bitmap_index = 845, .adv_w = 160, .box_w = 2, .box_h = 13, .ofs_x = 4, .ofs_y = 0},
    {.bitmap_index = 849, .adv_w = 160, .box_w = 6, .box_h = 15, .ofs_x = 2, .ofs_y = -2},
    {.bitmap_index = 861, .adv_w = 160, .box_w = 8, .box_h = 13, .ofs_x = 1, .ofs_y = 0},
    {.bitmap_index = 874, .adv_w = 160, .box_w = 2, .box_h = 13, .ofs_x = 4, .ofs_y = 0},
    {.bitmap_index = 878, .adv_w = 160, .box_w = 10, .box_h = 9, .ofs_x = 1, .ofs_y = 0},
    {.bitmap_index = 890, .adv_w = 160, .box_w = 8, .box_h = 9, .ofs_x = 1, .ofs_y = 0},
    {.bitmap_index = 899, .adv_w = 160, .box_w = 9, .box_h = 9, .ofs_x = 1, .ofs_y = 0},
    {.bitmap_index = 910, .adv_w = 160, .box_w = 8, .box_h = 11, .ofs_x = 1, .ofs_y = -2},
    {.bitmap_index = 921, .adv_w = 160, .box_w = 8, .box_h = 11, .ofs_x = 1, .ofs_y = -2},
    {.bitmap_index = 932, .adv_w = 160, .box_w = 6, .box_h = 9, .ofs_x = 2, .ofs_y = 0},
    {.bitmap_index = 939, .adv_w = 160, .box_w = 8, .box_h = 9, .ofs_x = 1, .ofs_y = 0},
    {.bitmap_index = 948, .adv_w = 160, .box_w = 8, .box_h = 12, .ofs_x = 1, .ofs_y = 0},
    {.bitmap_index = 960, .adv_w = 160, .box_w = 8, .box_h = 9, .ofs_x = 1, .ofs_y = 0},
    {.bitmap_index = 969, .adv_w = 160, .box_w = 8, .box_h = 9, .ofs_x = 1, .ofs_y = 0},
    {.bitmap_index = 978, .adv_w = 160, .box_w = 10, .box_h = 9, .ofs_x = 0, .ofs_y = 0},
    {.bitmap_index = 990, .adv_w = 160, .box_w = 8, .box_h = 9, .ofs_x = 1, .ofs_y = 0},
    {.bitmap_index = 999, .adv_w = 160, .box_w = 9, .box_h = 11, .ofs_x = 1, .ofs_y = -2},
    {.bitmap_index = 1012, .adv_w = 160, .box_w = 8, .box_h = 9, .ofs_x = 1, .ofs_y = 0},
    {.bitmap_index = 1021, .adv_w = 160, .box_w = 5, .box_h = 17, .ofs_x = 4, .ofs_y = -2},
    {.bitmap_index = 1032, .adv_w = 160, .box_w = 2, .box_h = 19, .ofs_x = 4, .ofs_y = -2},
    {.bitmap_index = 1037, .adv_w = 160, .box_w = 5, .box_h = 17, .ofs_x = 1, .ofs_y = -2},
    {.bitmap_index = 1048, .adv_w = 112, .box_w = 8, .box_h = 3, .ofs_x = 0, .ofs_y = 13},
    {.bitmap_index = 1051, .adv_w = 320, .box_w = 5, .box_h = 4, .ofs_x = 3, .ofs_y = 10},
    {.bitmap_index = 1054, .adv_w = 320, .box_w = 17, .box_h = 16, .ofs_x = 1, .ofs_y = 0},
    {.bitmap_index = 1088, .adv_w = 320, .box_w = 4, .box_h = 6, .ofs_x = 3, .ofs_y = -1},
    {.bitmap_index = 1091, .adv_w = 320, .box_w = 5, .box_h = 5, .ofs_x = 3, .ofs_y = 0},
    {.bitmap_index = 1095, .adv_w = 320, .box_w = 18, .box_h = 2, .ofs_x = 1, .ofs_y = 6},
    {.bitmap_index = 1100, .adv_w = 320, .box_w = 19, .box_h = 16, .ofs_x = 0, .ofs_y = -1},
    {.bitmap_index = 1138, .adv_w = 320, .box_w = 18, .box_h = 14, .ofs_x = 1, .ofs_y = 0},
    {.bitmap_index = 1170, .adv_w = 320, .box_w = 18, .box_h = 17, .ofs_x = 1, .ofs_y = -1},
    {.bitmap_index = 1209, .adv_w = 320, .box_w = 17, .box_h = 16, .ofs_x = 1, .ofs_y = -2},
    {.bitmap_index = 1243, .adv_w = 320, .box_w = 18, .box_h = 17, .ofs_x = 1, .ofs_y = -2},
    {.bitmap_index = 1282, .adv_w = 320, .box_w = 17, .box_h = 17, .ofs_x = 1, .ofs_y = -1},
    {.bitmap_index = 1319, .adv_w = 320, .box_w = 17, .box_h = 16, .ofs_x = 1, .ofs_y = -1},
    {.bitmap_index = 1353, .adv_w = 320, .box_w = 18, .box_h = 17, .ofs_x = 1, .ofs_y = -1},
    {.bitmap_index = 1392, .adv_w = 320, .box_w = 16, .box_h = 18, .ofs_x = 2, .ofs_y = -2},
    {.bitmap_index = 1428, .adv_w = 320, .box_w = 18, .box_h = 17, .ofs_x = 1, .ofs_y = -1},
    {.bitmap_index = 1467, .adv_w = 320, .box_w = 18, .box_h = 18, .ofs_x = 1, .ofs_y = -2},
    {.bitmap_index = 1508, .adv_w = 320, .box_w = 18, .box_h = 19, .ofs_x = 1, .ofs_y = -3},
    {.bitmap_index = 1551, .adv_w = 320, .box_w = 14, .box_h = 17, .ofs_x = 3, .ofs_y = -2},
    {.bitmap_index = 1581, .adv_w = 320, .box_w = 17, .box_h = 17, .ofs_x = 2, .ofs_y = -2},
    {.bitmap_index = 1618, .adv_w = 320, .box_w = 18, .box_h = 17, .ofs_x = 1, .ofs_y = -1},
    {.bitmap_index = 1657, .adv_w = 320, .box_w = 18, .box_h = 18, .ofs_x = 1, .ofs_y = -2},
    {.bitmap_index = 1698, .adv_w = 320, .box_w = 18, .box_h = 13, .ofs_x = 1, .ofs_y = 0},
    {.bitmap_index = 1728, .adv_w = 320, .box_w = 18, .box_h = 17, .ofs_x = 1, .ofs_y = -2},
    {.bitmap_index = 1767, .adv_w = 320, .box_w = 17, .box_h = 16, .ofs_x = 1, .ofs_y = -1},
    {.bitmap_index = 1801, .adv_w = 320, .box_w = 18, .box_h = 14, .ofs_x = 1, .ofs_y = 0},
    {.bitmap_index = 1833, .adv_w = 320, .box_w = 18, .box_h = 18, .ofs_x = 1, .ofs_y = -2},
    {.bitmap_index = 1874, .adv_w = 320, .box_w = 17, .box_h = 18, .ofs_x = 2, .ofs_y = -1},
    {.bitmap_index = 1913, .adv_w = 320, .box_w = 18, .box_h = 19, .ofs_x = 0, .ofs_y = -2},
    {.bitmap_index = 1956, .adv_w = 320, .box_w = 17, .box_h = 19, .ofs_x = 2, .ofs_y = -2},
    {.bitmap_index = 1997, .adv_w = 320, .box_w = 18, .box_h = 18, .ofs_x = 1, .ofs_y = -2},
    {.bitmap_index = 2038, .adv_w = 320, .box_w = 18, .box_h = 18, .ofs_x = 1, .ofs_y = -2},
    {.bitmap_index = 2079, .adv_w = 320, .box_w = 18, .box_h = 19, .ofs_x = 1, .ofs_y = -2},
    {.bitmap_index = 2122, .adv_w = 320, .box_w = 18, .box_h = 18, .ofs_x = 1, .ofs_y = -2},
    {.bitmap_index = 2163, .adv_w = 320, .box_w = 19, .box_h = 18, .ofs_x = 1, .ofs_y = -1},
    {.bitmap_index = 2206, .adv_w = 320, .box_w = 19, .box_h = 18, .ofs_x = 1, .ofs_y = -2},
    {.bitmap_index = 2249, .adv_w = 320, .box_w = 18, .box_h = 18, .ofs_x = 0, .ofs_y = -2},
    {.bitmap_index = 2290, .adv_w = 320, .box_w = 19, .box_h = 17, .ofs_x = 1, .ofs_y = -1},
    {.bitmap_index = 2331, .adv_w = 320, .box_w = 18, .box_h = 18, .ofs_x = 1, .ofs_y = -2},
    {.bitmap_index = 2372, .adv_w = 320, .box_w = 19, .box_h = 18, .ofs_x = 1, .ofs_y = -2},
    {.bitmap_index = 2415, .adv_w = 320, .box_w = 18, .box_h = 18, .ofs_x = 0, .ofs_y = -2},
    {.bitmap_index = 2456, .adv_w = 320, .box_w = 18, .box_h = 18, .ofs_x = 1, .ofs_y = -2},
    {.bitmap_index = 2497, .adv_w = 320, .box_w = 19, .box_h = 18, .ofs_x = 0, .ofs_y = -2},
    {.bitmap_index = 2540, .adv_w = 320, .box_w = 19, .box_h = 18, .ofs_x = 0, .ofs_y = -2},
    {.bitmap_index = 2583, .adv_w = 320, .box_w = 18, .box_h = 18, .ofs_x = 1, .ofs_y = -2},
    {.bitmap_index = 2624, .adv_w = 320, .box_w = 19, .box_h = 19, .ofs_x = 0, .ofs_y = -2},
    {.bitmap_index = 2670, .adv_w = 320, .box_w = 18, .box_h = 17, .ofs_x = 1, .ofs_y = -1},
    {.bitmap_index = 2709, .adv_w = 320, .box_w = 18, .box_h = 19, .ofs_x = 1, .ofs_y = -2},
    {.bitmap_index = 2752, .adv_w = 320, .box_w = 19, .box_h = 18, .ofs_x = 0, .ofs_y = -2},
    {.bitmap_index = 2795, .adv_w = 320, .box_w = 17, .box_h = 18, .ofs_x = 1, .ofs_y = -2},
    {.bitmap_index = 2834, .adv_w = 320, .box_w = 18, .box_h = 18, .ofs_x = 1, .ofs_y = -2},
    {.bitmap_index = 2875, .adv_w = 320, .box_w = 18, .box_h = 18, .ofs_x = 1, .ofs_y = -2},
    {.bitmap_index = 2916, .adv_w = 320, .box_w = 19, .box_h = 18, .ofs_x = 0, .ofs_y = -2},
    {.bitmap_index = 2959, .adv_w = 320, .box_w = 18, .box_h = 18, .ofs_x = 1, .ofs_y = -2},
    {.bitmap_index = 3000, .adv_w = 320, .box_w = 18, .box_h = 18, .ofs_x = 1, .ofs_y = -2},
    {.bitmap_index = 3041, .adv_w = 320, .box_w = 18, .box_h = 17, .ofs_x = 1, .ofs_y = -2},
    {.bitmap_index = 3080, .adv_w = 320, .box_w = 18, .box_h = 17, .ofs_x = 1, .ofs_y = -2},
    {.bitmap_index = 3119, .adv_w = 320, .box_w = 18, .box_h = 18, .ofs_x = 1, .ofs_y = -2},
    {.bitmap_index = 3160, .adv_w = 320, .box_w = 17, .box_h = 18, .ofs_x = 2, .ofs_y = -2},
    {.bitmap_index = 3199, .adv_w = 320, .box_w = 18, .box_h = 17, .ofs_x = 1, .ofs_y = -1},
    {.bitmap_index = 3238, .adv_w = 320, .box_w = 19, .box_h = 17, .ofs_x = 0, .ofs_y = -1},
    {.bitmap_index = 3279, .adv_w = 320, .box_w = 17, .box_h = 17, .ofs_x = 2, .ofs_y = -2},
    {.bitmap_index = 3316, .adv_w = 320, .box_w = 17, .box_h = 17, .ofs_x = 1, .ofs_y = -1},
    {.bitmap_index = 3353, .adv_w = 320, .box_w = 18, .box_h = 17, .ofs_x = 1, .ofs_y = -2},
    {.bitmap_index = 3392, .adv_w = 320, .box_w = 18, .box_h = 19, .ofs_x = 1, .ofs_y = -2},
    {.bitmap_index = 3435, .adv_w = 320, .box_w = 16, .box_h = 18, .ofs_x = 2, .ofs_y = -2},
    {.bitmap_index = 3471, .adv_w = 320, .box_w = 19, .box_h = 17, .ofs_x = 0, .ofs_y = -2},
    {.bitmap_index = 3512, .adv_w = 320, .box_w = 16, .box_h = 16, .ofs_x = 2, .ofs_y = -1},
    {.bitmap_index = 3544, .adv_w = 320, .box_w = 18, .box_h = 18, .ofs_x = 1, .ofs_y = -2},
    {.bitmap_index = 3585, .adv_w = 320, .box_w = 18, .box_h = 16, .ofs_x = 1, .ofs_y = -1},
    {.bitmap_index = 3621, .adv_w = 320, .box_w = 18, .box_h = 18, .ofs_x = 1, .ofs_y = -2},
    {.bitmap_index = 3662, .adv_w = 320, .box_w = 18, .box_h = 18, .ofs_x = 1, .ofs_y = -2},
    {.bitmap_index = 3703, .adv_w = 320, .box_w = 18, .box_h = 18, .ofs_x = 1, .ofs_y = -2},
    {.bitmap_index = 3744, .adv_w = 320, .box_w = 18, .box_h = 18, .ofs_x = 1, .ofs_y = -2},
    {.bitmap_index = 3785, .adv_w = 320, .box_w = 18, .box_h = 17, .ofs_x = 1, .ofs_y = -1},
    {.bitmap_index = 3824, .adv_w = 320, .box_w = 19, .box_h = 19, .ofs_x = 0, .ofs_y = -2},
    {.bitmap_index = 3870, .adv_w = 320, .box_w = 15, .box_h = 18, .ofs_x = 2, .ofs_y = -2},
    {.bitmap_index = 3904, .adv_w = 320, .box_w = 18, .box_h = 18, .ofs_x = 1, .ofs_y = -2},
    {.bitmap_index = 3945, .adv_w = 320, .box_w = 17, .box_h = 18, .ofs_x = 0, .ofs_y = -2},
    {.bitmap_index = 3984, .adv_w = 320, .box_w = 17, .box_h = 18, .ofs_x = 1, .ofs_y = -2},
    {.bitmap_index = 4023, .adv_w = 320, .box_w = 17, .box_h = 18, .ofs_x = 1, .ofs_y = -2},
    {.bitmap_index = 4062, .adv_w = 320, .box_w = 18, .box_h = 18, .ofs_x = 0, .ofs_y = -2},
    {.bitmap_index = 4103, .adv_w = 320, .box_w = 18, .box_h = 18, .ofs_x = 2, .ofs_y = -2},
    {.bitmap_index = 4144, .adv_w = 320, .box_w = 18, .box_h = 17, .ofs_x = 1, .ofs_y = -1},
    {.bitmap_index = 4183, .adv_w = 320, .box_w = 16, .box_h = 19, .ofs_x = 1, .ofs_y = -2},
    {.bitmap_index = 4221, .adv_w = 320, .box_w = 19, .box_h = 18, .ofs_x = 1, .ofs_y = -2},
    {.bitmap_index = 4264, .adv_w = 320, .box_w = 17, .box_h = 18, .ofs_x = 1, .ofs_y = -2},
    {.bitmap_index = 4303, .adv_w = 320, .box_w = 17, .box_h = 19, .ofs_x = 2, .ofs_y = -2},
    {.bitmap_index = 4344, .adv_w = 320, .box_w = 17, .box_h = 18, .ofs_x = 1, .ofs_y = -2},
    {.bitmap_index = 4383, .adv_w = 320, .box_w = 18, .box_h = 18, .ofs_x = 1, .ofs_y = -2},
    {.bitmap_index = 4424, .adv_w = 320, .box_w = 17, .box_h = 18, .ofs_x = 1, .ofs_y = -2},
    {.bitmap_index = 4463, .adv_w = 320, .box_w = 18, .box_h = 18, .ofs_x = 1, .ofs_y = -2},
    {.bitmap_index = 4504, .adv_w = 320, .box_w = 17, .box_h = 17, .ofs_x = 1, .ofs_y = -2},
    {.bitmap_index = 4541, .adv_w = 320, .box_w = 18, .box_h = 18, .ofs_x = 1, .ofs_y = -2},
    {.bitmap_index = 4582, .adv_w = 320, .box_w = 19, .box_h = 18, .ofs_x = 1, .ofs_y = -2},
    {.bitmap_index = 4625, .adv_w = 320, .box_w = 17, .box_h = 17, .ofs_x = 2, .ofs_y = -2},
    {.bitmap_index = 4662, .adv_w = 320, .box_w = 18, .box_h = 18, .ofs_x = 1, .ofs_y = -2},
    {.bitmap_index = 4703, .adv_w = 320, .box_w = 18, .box_h = 17, .ofs_x = 1, .ofs_y = -2},
    {.bitmap_index = 4742, .adv_w = 320, .box_w = 18, .box_h = 18, .ofs_x = 1, .ofs_y = -2},
    {.bitmap_index = 4783, .adv_w = 320, .box_w = 18, .box_h = 18, .ofs_x = 1, .ofs_y = -2},
    {.bitmap_index = 4824, .adv_w = 320, .box_w = 17, .box_h = 18, .ofs_x = 1, .ofs_y = -2},
    {.bitmap_index = 4863, .adv_w = 320, .box_w = 18, .box_h = 18, .ofs_x = 1, .ofs_y = -2},
    {.bitmap_index = 4904, .adv_w = 320, .box_w = 17, .box_h = 18, .ofs_x = 1, .ofs_y = -2},
    {.bitmap_index = 4943, .adv_w = 320, .box_w = 19, .box_h = 16, .ofs_x = 0, .ofs_y = -1},
    {.bitmap_index = 4981, .adv_w = 320, .box_w = 16, .box_h = 17, .ofs_x = 1, .ofs_y = -2},
    {.bitmap_index = 5015, .adv_w = 320, .box_w = 18, .box_h = 17, .ofs_x = 1, .ofs_y = -2},
    {.bitmap_index = 5054, .adv_w = 320, .box_w = 18, .box_h = 16, .ofs_x = 1, .ofs_y = -1},
    {.bitmap_index = 5090, .adv_w = 320, .box_w = 19, .box_h = 18, .ofs_x = 0, .ofs_y = -2},
    {.bitmap_index = 5133, .adv_w = 320, .box_w = 18, .box_h = 18, .ofs_x = 1, .ofs_y = -2},
    {.bitmap_index = 5174, .adv_w = 320, .box_w = 18, .box_h = 17, .ofs_x = 1, .ofs_y = -2},
    {.bitmap_index = 5213, .adv_w = 320, .box_w = 16, .box_h = 17, .ofs_x = 2, .ofs_y = -2},
    {.bitmap_index = 5247, .adv_w = 320, .box_w = 14, .box_h = 15, .ofs_x = 3, .ofs_y = -2},
    {.bitmap_index = 5274, .adv_w = 320, .box_w = 17, .box_h = 18, .ofs_x = 1, .ofs_y = -2},
    {.bitmap_index = 5313, .adv_w = 320, .box_w = 18, .box_h = 17, .ofs_x = 1, .ofs_y = -2},
    {.bitmap_index = 5352, .adv_w = 320, .box_w = 18, .box_h = 16, .ofs_x = 1, .ofs_y = -2},
    {.bitmap_index = 5388, .adv_w = 320, .box_w = 16, .box_h = 18, .ofs_x = 2, .ofs_y = -2},
    {.bitmap_index = 5424, .adv_w = 320, .box_w = 19, .box_h = 18, .ofs_x = 1, .ofs_y = -2},
    {.bitmap_index = 5467, .adv_w = 320, .box_w = 18, .box_h = 17, .ofs_x = 1, .ofs_y = -2},
    {.bitmap_index = 5506, .adv_w = 320, .box_w = 18, .box_h = 19, .ofs_x = 1, .ofs_y = -2},
    {.bitmap_index = 5549, .adv_w = 320, .box_w = 17, .box_h = 17, .ofs_x = 2, .ofs_y = -2},
    {.bitmap_index = 5586, .adv_w = 320, .box_w = 17, .box_h = 19, .ofs_x = 1, .ofs_y = -2},
    {.bitmap_index = 5627, .adv_w = 320, .box_w = 19, .box_h = 18, .ofs_x = 0, .ofs_y = -2},
    {.bitmap_index = 5670, .adv_w = 320, .box_w = 18, .box_h = 17, .ofs_x = 1, .ofs_y = -2},
    {.bitmap_index = 5709, .adv_w = 320, .box_w = 18, .box_h = 18, .ofs_x = 1, .ofs_y = -2},
    {.bitmap_index = 5750, .adv_w = 320, .box_w = 16, .box_h = 19, .ofs_x = 1, .ofs_y = -2},
    {.bitmap_index = 5788, .adv_w = 320, .box_w = 16, .box_h = 17, .ofs_x = 1, .ofs_y = -2},
    {.bitmap_index = 5822, .adv_w = 320, .box_w = 18, .box_h = 18, .ofs_x = 1, .ofs_y = -2},
    {.bitmap_index = 5863, .adv_w = 320, .box_w = 17, .box_h = 18, .ofs_x = 2, .ofs_y = -2},
    {.bitmap_index = 5902, .adv_w = 320, .box_w = 18, .box_h = 18, .ofs_x = 2, .ofs_y = -2},
    {.bitmap_index = 5943, .adv_w = 320, .box_w = 17, .box_h = 17, .ofs_x = 1, .ofs_y = -2},
    {.bitmap_index = 5980, .adv_w = 320, .box_w = 19, .box_h = 18, .ofs_x = 1, .ofs_y = -2},
    {.bitmap_index = 6023, .adv_w = 320, .box_w = 16, .box_h = 17, .ofs_x = 2, .ofs_y = -2},
    {.bitmap_index = 6057, .adv_w = 320, .box_w = 15, .box_h = 16, .ofs_x = 2, .ofs_y = -1},
    {.bitmap_index = 6087, .adv_w = 320, .box_w = 16, .box_h = 17, .ofs_x = 2, .ofs_y = -2},
    {.bitmap_index = 6121, .adv_w = 320, .box_w = 18, .box_h = 17, .ofs_x = 1, .ofs_y = -1},
    {.bitmap_index = 6160, .adv_w = 320, .box_w = 18, .box_h = 18, .ofs_x = 1, .ofs_y = -2},
    {.bitmap_index = 6201, .adv_w = 320, .box_w = 18, .box_h = 17, .ofs_x = 0, .ofs_y = -1},
    {.bitmap_index = 6240, .adv_w = 320, .box_w = 20, .box_h = 17, .ofs_x = 0, .ofs_y = -1},
    {.bitmap_index = 6283, .adv_w = 320, .box_w = 18, .box_h = 18, .ofs_x = 0, .ofs_y = -2},
    {.bitmap_index = 6324, .adv_w = 320, .box_w = 18, .box_h = 18, .ofs_x = 1, .ofs_y = -2},
    {.bitmap_index = 6365, .adv_w = 320, .box_w = 17, .box_h = 18, .ofs_x = 2, .ofs_y = -2},
    {.bitmap_index = 6404, .adv_w = 320, .box_w = 18, .box_h = 17, .ofs_x = 1, .ofs_y = -1},
    {.bitmap_index = 6443, .adv_w = 320, .box_w = 18, .box_h = 18, .ofs_x = 1, .ofs_y = -2},
    {.bitmap_index = 6484, .adv_w = 320, .box_w = 18, .box_h = 18, .ofs_x = 1, .ofs_y = -2},
    {.bitmap_index = 6525, .adv_w = 320, .box_w = 18, .box_h = 19, .ofs_x = 1, .ofs_y = -2},
    {.bitmap_index = 6568, .adv_w = 320, .box_w = 19, .box_h = 18, .ofs_x = 0, .ofs_y = -2},
    {.bitmap_index = 6611, .adv_w = 320, .box_w = 17, .box_h = 19, .ofs_x = 2, .ofs_y = -2},
    {.bitmap_index = 6652, .adv_w = 320, .box_w = 18, .box_h = 18, .ofs_x = 1, .ofs_y = -2},
    {.bitmap_index = 6693, .adv_w = 320, .box_w = 19, .box_h = 18, .ofs_x = 0, .ofs_y = -2},
    {.bitmap_index = 6736, .adv_w = 320, .box_w = 17, .box_h = 18, .ofs_x = 1, .ofs_y = -2},
    {.bitmap_index = 6775, .adv_w = 320, .box_w = 18, .box_h = 18, .ofs_x = 1, .ofs_y = -2},
    {.bitmap_index = 6816, .adv_w = 320, .box_w = 18, .box_h = 18, .ofs_x = 1, .ofs_y = -2},
    {.bitmap_index = 6857, .adv_w = 320, .box_w = 17, .box_h = 18, .ofs_x = 2, .ofs_y = -2},
    {.bitmap_index = 6896, .adv_w = 320, .box_w = 18, .box_h = 17, .ofs_x = 1, .ofs_y = -2},
    {.bitmap_index = 6935, .adv_w = 320, .box_w = 20, .box_h = 17, .ofs_x = 0, .ofs_y = -2},
    {.bitmap_index = 6978, .adv_w = 320, .box_w = 17, .box_h = 18, .ofs_x = 1, .ofs_y = -2},
    {.bitmap_index = 7017, .adv_w = 320, .box_w = 18, .box_h = 18, .ofs_x = 1, .ofs_y = -2},
    {.bitmap_index = 7058, .adv_w = 320, .box_w = 17, .box_h = 17, .ofs_x = 1, .ofs_y = -1},
    {.bitmap_index = 7095, .adv_w = 320, .box_w = 18, .box_h = 18, .ofs_x = 1, .ofs_y = -2},
    {.bitmap_index = 7136, .adv_w = 320, .box_w = 16, .box_h = 18, .ofs_x = 1, .ofs_y = -2},
    {.bitmap_index = 7172, .adv_w = 320, .box_w = 18, .box_h = 18, .ofs_x = 1, .ofs_y = -2},
    {.bitmap_index = 7213, .adv_w = 320, .box_w = 18, .box_h = 18, .ofs_x = 1, .ofs_y = -2},
    {.bitmap_index = 7254, .adv_w = 320, .box_w = 18, .box_h = 18, .ofs_x = 1, .ofs_y = -2},
    {.bitmap_index = 7295, .adv_w = 320, .box_w = 18, .box_h = 18, .ofs_x = 1, .ofs_y = -2},
    {.bitmap_index = 7336, .adv_w = 320, .box_w = 18, .box_h = 18, .ofs_x = 1, .ofs_y = -2},
    {.bitmap_index = 7377, .adv_w = 320, .box_w = 17, .box_h = 19, .ofs_x = 2, .ofs_y = -2},
    {.bitmap_index = 7418, .adv_w = 320, .box_w = 18, .box_h = 18, .ofs_x = 1, .ofs_y = -2},
    {.bitmap_index = 7459, .adv_w = 320, .box_w = 18, .box_h = 19, .ofs_x = 1, .ofs_y = -2},
    {.bitmap_index = 7502, .adv_w = 320, .box_w = 17, .box_h = 18, .ofs_x = 2, .ofs_y = -2},
    {.bitmap_index = 7541, .adv_w = 320, .box_w = 16, .box_h = 18, .ofs_x = 2, .ofs_y = -2},
    {.bitmap_index = 7577, .adv_w = 320, .box_w = 17, .box_h = 18, .ofs_x = 2, .ofs_y = -2},
    {.bitmap_index = 7616, .adv_w = 320, .box_w = 18, .box_h = 19, .ofs_x = 1, .ofs_y = -3},
    {.bitmap_index = 7659, .adv_w = 320, .box_w = 19, .box_h = 18, .ofs_x = 0, .ofs_y = -2},
    {.bitmap_index = 7702, .adv_w = 320, .box_w = 19, .box_h = 18, .ofs_x = 1, .ofs_y = -2},
    {.bitmap_index = 7745, .adv_w = 320, .box_w = 17, .box_h = 19, .ofs_x = 1, .ofs_y = -2},
    {.bitmap_index = 7786, .adv_w = 320, .box_w = 19, .box_h = 18, .ofs_x = 0, .ofs_y = -2},
    {.bitmap_index = 7829, .adv_w = 320, .box_w = 18, .box_h = 18, .ofs_x = 1, .ofs_y = -1},
    {.bitmap_index = 7870, .adv_w = 320, .box_w = 18, .box_h = 18, .ofs_x = 1, .ofs_y = -2},
    {.bitmap_index = 7911, .adv_w = 320, .box_w = 18, .box_h = 19, .ofs_x = 1, .ofs_y = -2},
    {.bitmap_index = 7954, .adv_w = 320, .box_w = 19, .box_h = 18, .ofs_x = 1, .ofs_y = -2},
    {.bitmap_index = 7997, .adv_w = 320, .box_w = 19, .box_h = 18, .ofs_x = 0, .ofs_y = -2},
    {.bitmap_index = 8040, .adv_w = 320, .box_w = 18, .box_h = 18, .ofs_x = 1, .ofs_y = -2},
    {.bitmap_index = 8081, .adv_w = 320, .box_w = 18, .box_h = 18, .ofs_x = 1, .ofs_y = -2},
    {.bitmap_index = 8122, .adv_w = 320, .box_w = 18, .box_h = 18, .ofs_x = 1, .ofs_y = -2},
    {.bitmap_index = 8163, .adv_w = 320, .box_w = 18, .box_h = 18, .ofs_x = 1, .ofs_y = -2},
    {.bitmap_index = 8204, .adv_w = 320, .box_w = 18, .box_h = 18, .ofs_x = 1, .ofs_y = -2},
    {.bitmap_index = 8245, .adv_w = 320, .box_w = 18, .box_h = 17, .ofs_x = 1, .ofs_y = -2},
    {.bitmap_index = 8284, .adv_w = 320, .box_w = 18, .box_h = 17, .ofs_x = 1, .ofs_y = -2},
    {.bitmap_index = 8323, .adv_w = 320, .box_w = 18, .box_h = 18, .ofs_x = 1, .ofs_y = -2},
    {.bitmap_index = 8364, .adv_w = 320, .box_w = 18, .box_h = 18, .ofs_x = 1, .ofs_y = -2},
    {.bitmap_index = 8405, .adv_w = 320, .box_w = 16, .box_h = 17, .ofs_x = 1, .ofs_y = -2},
    {.bitmap_index = 8439, .adv_w = 320, .box_w = 18, .box_h = 14, .ofs_x = 1, .ofs_y = 0},
    {.bitmap_index = 8471, .adv_w = 320, .box_w = 17, .box_h = 17, .ofs_x = 2, .ofs_y = -2},
    {.bitmap_index = 8508, .adv_w = 320, .box_w = 18, .box_h = 18, .ofs_x = 1, .ofs_y = -2},
    {.bitmap_index = 8549, .adv_w = 320, .box_w = 17, .box_h = 18, .ofs_x = 1, .ofs_y = -2},
    {.bitmap_index = 8588, .adv_w = 320, .box_w = 18, .box_h = 18, .ofs_x = 1, .ofs_y = -2},
    {.bitmap_index = 8629, .adv_w = 320, .box_w = 16, .box_h = 19, .ofs_x = 2, .ofs_y = -2},
    {.bitmap_index = 8667, .adv_w = 320, .box_w = 18, .box_h = 17, .ofs_x = 1, .ofs_y = -2},
    {.bitmap_index = 8706, .adv_w = 320, .box_w = 19, .box_h = 18, .ofs_x = 0, .ofs_y = -2},
    {.bitmap_index = 8749, .adv_w = 320, .box_w = 19, .box_h = 19, .ofs_x = 1, .ofs_y = -2},
    {.bitmap_index = 8795, .adv_w = 320, .box_w = 19, .box_h = 19, .ofs_x = 1, .ofs_y = -2},
    {.bitmap_index = 8841, .adv_w = 320, .box_w = 18, .box_h = 19, .ofs_x = 1, .ofs_y = -2},
    {.bitmap_index = 8884, .adv_w = 320, .box_w = 17, .box_h = 19, .ofs_x = 1, .ofs_y = -2},
    {.bitmap_index = 8925, .adv_w = 320, .box_w = 17, .box_h = 19, .ofs_x = 1, .ofs_y = -3},
    {.bitmap_index = 8966, .adv_w = 320, .box_w = 18, .box_h = 18, .ofs_x = 1, .ofs_y = -2},
    {.bitmap_index = 9007, .adv_w = 320, .box_w = 19, .box_h = 18, .ofs_x = 0, .ofs_y = -2},
    {.bitmap_index = 9050, .adv_w = 320, .box_w = 18, .box_h = 18, .ofs_x = 1, .ofs_y = -2},
    {.bitmap_index = 9091, .adv_w = 320, .box_w = 18, .box_h = 18, .ofs_x = 1, .ofs_y = -2},
    {.bitmap_index = 9132, .adv_w = 320, .box_w = 19, .box_h = 17, .ofs_x = 1, .ofs_y = -2},
    {.bitmap_index = 9173, .adv_w = 320, .box_w = 18, .box_h = 18, .ofs_x = 1, .ofs_y = -2},
    {.bitmap_index = 9214, .adv_w = 320, .box_w = 18, .box_h = 18, .ofs_x = 1, .ofs_y = -2},
    {.bitmap_index = 9255, .adv_w = 320, .box_w = 15, .box_h = 17, .ofs_x = 2, .ofs_y = -2},
    {.bitmap_index = 9287, .adv_w = 320, .box_w = 17, .box_h = 17, .ofs_x = 1, .ofs_y = -2},
    {.bitmap_index = 9324, .adv_w = 320, .box_w = 17, .box_h = 18, .ofs_x = 1, .ofs_y = -2},
    {.bitmap_index = 9363, .adv_w = 320, .box_w = 16, .box_h = 18, .ofs_x = 2, .ofs_y = -2},
    {.bitmap_index = 9399, .adv_w = 320, .box_w = 18, .box_h = 17, .ofs_x = 1, .ofs_y = -2},
    {.bitmap_index = 9438, .adv_w = 320, .box_w = 18, .box_h = 18, .ofs_x = 1, .ofs_y = -2},
    {.bitmap_index = 9479, .adv_w = 320, .box_w = 18, .box_h = 18, .ofs_x = 1, .ofs_y = -2},
    {.bitmap_index = 9520, .adv_w = 320, .box_w = 18, .box_h = 18, .ofs_x = 1, .ofs_y = -2},
    {.bitmap_index = 9561, .adv_w = 320, .box_w = 18, .box_h = 18, .ofs_x = 1, .ofs_y = -2},
    {.bitmap_index = 9602, .adv_w = 320, .box_w = 19, .box_h = 17, .ofs_x = 0, .ofs_y = -2},
    {.bitmap_index = 9643, .adv_w = 320, .box_w = 18, .box_h = 18, .ofs_x = 1, .ofs_y = -2},
    {.bitmap_index = 9684, .adv_w = 320, .box_w = 17, .box_h = 18, .ofs_x = 1, .ofs_y = -2},
    {.bitmap_index = 9723, .adv_w = 320, .box_w = 18, .box_h = 18, .ofs_x = 1, .ofs_y = -2},
    {.bitmap_index = 9764, .adv_w = 320, .box_w = 18, .box_h = 18, .ofs_x = 1, .ofs_y = -2},
    {.bitmap_index = 9805, .adv_w = 320, .box_w = 18, .box_h = 17, .ofs_x = 1, .ofs_y = -2},
    {.bitmap_index = 9844, .adv_w = 320, .box_w = 19, .box_h = 18, .ofs_x = 0, .ofs_y = -2},
    {.bitmap_index = 9887, .adv_w = 320, .box_w = 18, .box_h = 18, .ofs_x = 1, .ofs_y = -2},
    {.bitmap_index = 9928, .adv_w = 320, .box_w = 18, .box_h = 18, .ofs_x = 1, .ofs_y = -2},
    {.bitmap_index = 9969, .adv_w = 320, .box_w = 17, .box_h = 18, .ofs_x = 1, .ofs_y = -2},
    {.bitmap_index = 10008, .adv_w = 320, .box_w = 18, .box_h = 16, .ofs_x = 1, .ofs_y = -1},
    {.bitmap_index = 10044, .adv_w = 320, .box_w = 18, .box_h = 19, .ofs_x = 1, .ofs_y = -2},
    {.bitmap_index = 10087, .adv_w = 320, .box_w = 18, .box_h = 18, .ofs_x = 0, .ofs_y = -2},
    {.bitmap_index = 10128, .adv_w = 320, .box_w = 18, .box_h = 17, .ofs_x = 1, .ofs_y = -1},
    {.bitmap_index = 10167, .adv_w = 320, .box_w = 18, .box_h = 19, .ofs_x = 1, .ofs_y = -3},
    {.bitmap_index = 10210, .adv_w = 320, .box_w = 19, .box_h = 18, .ofs_x = 1, .ofs_y = -2},
    {.bitmap_index = 10253, .adv_w = 320, .box_w = 18, .box_h = 18, .ofs_x = 1, .ofs_y = -2},
    {.bitmap_index = 10294, .adv_w = 320, .box_w = 19, .box_h = 18, .ofs_x = 0, .ofs_y = -2},
    {.bitmap_index = 10337, .adv_w = 320, .box_w = 18, .box_h = 18, .ofs_x = 1, .ofs_y = -2},
    {.bitmap_index = 10378, .adv_w = 320, .box_w = 17, .box_h = 18, .ofs_x = 1, .ofs_y = -2},
    {.bitmap_index = 10417, .adv_w = 320, .box_w = 18, .box_h = 17, .ofs_x = 1, .ofs_y = -1},
    {.bitmap_index = 10456, .adv_w = 320, .box_w = 18, .box_h = 18, .ofs_x = 0, .ofs_y = -2},
    {.bitmap_index = 10497, .adv_w = 320, .box_w = 18, .box_h = 18, .ofs_x = 1, .ofs_y = -2},
    {.bitmap_index = 10538, .adv_w = 320, .box_w = 18, .box_h = 18, .ofs_x = 0, .ofs_y = -2},
    {.bitmap_index = 10579, .adv_w = 320, .box_w = 17, .box_h = 18, .ofs_x = 1, .ofs_y = -2},
    {.bitmap_index = 10618, .adv_w = 320, .box_w = 19, .box_h = 18, .ofs_x = 1, .ofs_y = -2},
    {.bitmap_index = 10661, .adv_w = 320, .box_w = 19, .box_h = 18, .ofs_x = 1, .ofs_y = -2},
    {.bitmap_index = 10704, .adv_w = 320, .box_w = 18, .box_h = 18, .ofs_x = 1, .ofs_y = -2},
    {.bitmap_index = 10745, .adv_w = 320, .box_w = 18, .box_h = 18, .ofs_x = 1, .ofs_y = -2},
    {.bitmap_index = 10786, .adv_w = 320, .box_w = 18, .box_h = 19, .ofs_x = 1, .ofs_y = -3},
    {.bitmap_index = 10829, .adv_w = 320, .box_w = 19, .box_h = 18, .ofs_x = 0, .ofs_y = -2},
    {.bitmap_index = 10872, .adv_w = 320, .box_w = 18, .box_h = 18, .ofs_x = 1, .ofs_y = -2},
    {.bitmap_index = 10913, .adv_w = 320, .box_w = 18, .box_h = 18, .ofs_x = 1, .ofs_y = -2},
    {.bitmap_index = 10954, .adv_w = 320, .box_w = 18, .box_h = 18, .ofs_x = 1, .ofs_y = -2},
    {.bitmap_index = 10995, .adv_w = 320, .box_w = 18, .box_h = 18, .ofs_x = 1, .ofs_y = -2},
    {.bitmap_index = 11036, .adv_w = 320, .box_w = 18, .box_h = 18, .ofs_x = 1, .ofs_y = -2},
    {.bitmap_index = 11077, .adv_w = 320, .box_w = 18, .box_h = 19, .ofs_x = 1, .ofs_y = -3},
    {.bitmap_index = 11120, .adv_w = 320, .box_w = 18, .box_h = 18, .ofs_x = 1, .ofs_y = -2},
    {.bitmap_index = 11161, .adv_w = 320, .box_w = 18, .box_h = 18, .ofs_x = 1, .ofs_y = -2},
    {.bitmap_index = 11202, .adv_w = 320, .box_w = 18, .box_h = 18, .ofs_x = 1, .ofs_y = -2},
    {.bitmap_index = 11243, .adv_w = 320, .box_w = 18, .box_h = 18, .ofs_x = 1, .ofs_y = -2},
    {.bitmap_index = 11284, .adv_w = 320, .box_w = 19, .box_h = 18, .ofs_x = 1, .ofs_y = -2},
    {.bitmap_index = 11327, .adv_w = 320, .box_w = 18, .box_h = 18, .ofs_x = 1, .ofs_y = -2},
    {.bitmap_index = 11368, .adv_w = 320, .box_w = 18, .box_h = 18, .ofs_x = 1, .ofs_y = -2},
    {.bitmap_index = 11409, .adv_w = 320, .box_w = 17, .box_h = 18, .ofs_x = 2, .ofs_y = -2},
    {.bitmap_index = 11448, .adv_w = 320, .box_w = 18, .box_h = 17, .ofs_x = 1, .ofs_y = -2},
    {.bitmap_index = 11487, .adv_w = 320, .box_w = 13, .box_h = 17, .ofs_x = 4, .ofs_y = -2},
    {.bitmap_index = 11515, .adv_w = 320, .box_w = 18, .box_h = 16, .ofs_x = 1, .ofs_y = -1},
    {.bitmap_index = 11551, .adv_w = 320, .box_w = 19, .box_h = 18, .ofs_x = 1, .ofs_y = -2},
    {.bitmap_index = 11594, .adv_w = 320, .box_w = 17, .box_h = 18, .ofs_x = 1, .ofs_y = -2},
    {.bitmap_index = 11633, .adv_w = 320, .box_w = 16, .box_h = 18, .ofs_x = 1, .ofs_y = -2},
    {.bitmap_index = 11669, .adv_w = 320, .box_w = 19, .box_h = 18, .ofs_x = 1, .ofs_y = -2},
    {.bitmap_index = 11712, .adv_w = 320, .box_w = 18, .box_h = 19, .ofs_x = 2, .ofs_y = -3},
    {.bitmap_index = 11755, .adv_w = 320, .box_w = 18, .box_h = 19, .ofs_x = 2, .ofs_y = -2},
    {.bitmap_index = 11798, .adv_w = 320, .box_w = 18, .box_h = 18, .ofs_x = 1, .ofs_y = -2},
    {.bitmap_index = 11839, .adv_w = 320, .box_w = 17, .box_h = 18, .ofs_x = 1, .ofs_y = -2},
    {.bitmap_index = 11878, .adv_w = 320, .box_w = 16, .box_h = 18, .ofs_x = 2, .ofs_y = -2},
    {.bitmap_index = 11914, .adv_w = 320, .box_w = 18, .box_h = 18, .ofs_x = 1, .ofs_y = -2},
    {.bitmap_index = 11955, .adv_w = 320, .box_w = 17, .box_h = 18, .ofs_x = 1, .ofs_y = -2},
    {.bitmap_index = 11994, .adv_w = 320, .box_w = 17, .box_h = 17, .ofs_x = 1, .ofs_y = -2},
    {.bitmap_index = 12031, .adv_w = 320, .box_w = 15, .box_h = 17, .ofs_x = 1, .ofs_y = -2},
    {.bitmap_index = 12063, .adv_w = 320, .box_w = 18, .box_h = 18, .ofs_x = 1, .ofs_y = -2},
    {.bitmap_index = 12104, .adv_w = 320, .box_w = 18, .box_h = 17, .ofs_x = 1, .ofs_y = -2},
    {.bitmap_index = 12143, .adv_w = 320, .box_w = 18, .box_h = 17, .ofs_x = 1, .ofs_y = -1},
    {.bitmap_index = 12182, .adv_w = 320, .box_w = 19, .box_h = 18, .ofs_x = 1, .ofs_y = -2},
    {.bitmap_index = 12225, .adv_w = 320, .box_w = 19, .box_h = 18, .ofs_x = 1, .ofs_y = -2},
    {.bitmap_index = 12268, .adv_w = 320, .box_w = 18, .box_h = 18, .ofs_x = 1, .ofs_y = -2},
    {.bitmap_index = 12309, .adv_w = 320, .box_w = 18, .box_h = 18, .ofs_x = 1, .ofs_y = -2},
    {.bitmap_index = 12350, .adv_w = 320, .box_w = 18, .box_h = 17, .ofs_x = 1, .ofs_y = -2},
    {.bitmap_index = 12389, .adv_w = 320, .box_w = 19, .box_h = 19, .ofs_x = 1, .ofs_y = -2},
    {.bitmap_index = 12435, .adv_w = 320, .box_w = 18, .box_h = 18, .ofs_x = 1, .ofs_y = -2},
    {.bitmap_index = 12476, .adv_w = 320, .box_w = 18, .box_h = 19, .ofs_x = 1, .ofs_y = -2},
    {.bitmap_index = 12519, .adv_w = 320, .box_w = 20, .box_h = 18, .ofs_x = 0, .ofs_y = -2},
    {.bitmap_index = 12564, .adv_w = 320, .box_w = 18, .box_h = 18, .ofs_x = 1, .ofs_y = -2},
    {.bitmap_index = 12605, .adv_w = 320, .box_w = 19, .box_h = 18, .ofs_x = 0, .ofs_y = -2},
    {.bitmap_index = 12648, .adv_w = 320, .box_w = 18, .box_h = 18, .ofs_x = 1, .ofs_y = -2},
    {.bitmap_index = 12689, .adv_w = 320, .box_w = 18, .box_h = 18, .ofs_x = 1, .ofs_y = -2},
    {.bitmap_index = 12730, .adv_w = 320, .box_w = 18, .box_h = 18, .ofs_x = 1, .ofs_y = -2},
    {.bitmap_index = 12771, .adv_w = 320, .box_w = 19, .box_h = 19, .ofs_x = 1, .ofs_y = -2},
    {.bitmap_index = 12817, .adv_w = 320, .box_w = 19, .box_h = 17, .ofs_x = 1, .ofs_y = -2},
    {.bitmap_index = 12858, .adv_w = 320, .box_w = 18, .box_h = 18, .ofs_x = 1, .ofs_y = -2},
    {.bitmap_index = 12899, .adv_w = 320, .box_w = 18, .box_h = 18, .ofs_x = 1, .ofs_y = -2},
    {.bitmap_index = 12940, .adv_w = 320, .box_w = 19, .box_h = 18, .ofs_x = 0, .ofs_y = -2},
    {.bitmap_index = 12983, .adv_w = 320, .box_w = 19, .box_h = 18, .ofs_x = 1, .ofs_y = -2},
    {.bitmap_index = 13026, .adv_w = 320, .box_w = 18, .box_h = 18, .ofs_x = 1, .ofs_y = -2},
    {.bitmap_index = 13067, .adv_w = 320, .box_w = 18, .box_h = 19, .ofs_x = 1, .ofs_y = -2},
    {.bitmap_index = 13110, .adv_w = 320, .box_w = 18, .box_h = 18, .ofs_x = 1, .ofs_y = -2},
    {.bitmap_index = 13151, .adv_w = 320, .box_w = 18, .box_h = 19, .ofs_x = 1, .ofs_y = -2},
    {.bitmap_index = 13194, .adv_w = 320, .box_w = 17, .box_h = 18, .ofs_x = 2, .ofs_y = -2},
    {.bitmap_index = 13233, .adv_w = 320, .box_w = 19, .box_h = 18, .ofs_x = 0, .ofs_y = -2},
    {.bitmap_index = 13276, .adv_w = 320, .box_w = 19, .box_h = 18, .ofs_x = 1, .ofs_y = -2},
    {.bitmap_index = 13319, .adv_w = 320, .box_w = 19, .box_h = 18, .ofs_x = 1, .ofs_y = -2},
    {.bitmap_index = 13362, .adv_w = 320, .box_w = 18, .box_h = 18, .ofs_x = 1, .ofs_y = -1},
    {.bitmap_index = 13403, .adv_w = 320, .box_w = 19, .box_h = 16, .ofs_x = 1, .ofs_y = 0},
    {.bitmap_index = 13441, .adv_w = 320, .box_w = 17, .box_h = 15, .ofs_x = 1, .ofs_y = -1},
    {.bitmap_index = 13473, .adv_w = 320, .box_w = 18, .box_h = 18, .ofs_x = 2, .ofs_y = -2},
    {.bitmap_index = 13514, .adv_w = 320, .box_w = 19, .box_h = 17, .ofs_x = 1, .ofs_y = -1},
    {.bitmap_index = 13555, .adv_w = 320, .box_w = 18, .box_h = 17, .ofs_x = 0, .ofs_y = -2},
    {.bitmap_index = 13594, .adv_w = 320, .box_w = 18, .box_h = 18, .ofs_x = 1, .ofs_y = -2},
    {.bitmap_index = 13635, .adv_w = 320, .box_w = 17, .box_h = 17, .ofs_x = 1, .ofs_y = -2},
    {.bitmap_index = 13672, .adv_w = 320, .box_w = 18, .box_h = 18, .ofs_x = 1, .ofs_y = -2},
    {.bitmap_index = 13713, .adv_w = 320, .box_w = 19, .box_h = 18, .ofs_x = 1, .ofs_y = -2},
    {.bitmap_index = 13756, .adv_w = 320, .box_w = 18, .box_h = 18, .ofs_x = 1, .ofs_y = -2},
    {.bitmap_index = 13797, .adv_w = 320, .box_w = 18, .box_h = 16, .ofs_x = 0, .ofs_y = -1},
    {.bitmap_index = 13833, .adv_w = 320, .box_w = 19, .box_h = 18, .ofs_x = 1, .ofs_y = -2},
    {.bitmap_index = 13876, .adv_w = 320, .box_w = 18, .box_h = 17, .ofs_x = 1, .ofs_y = -2},
    {.bitmap_index = 13915, .adv_w = 320, .box_w = 19, .box_h = 18, .ofs_x = 0, .ofs_y = -2},
    {.bitmap_index = 13958, .adv_w = 320, .box_w = 17, .box_h = 18, .ofs_x = 1, .ofs_y = -2},
    {.bitmap_index = 13997, .adv_w = 320, .box_w = 19, .box_h = 18, .ofs_x = 1, .ofs_y = -2},
    {.bitmap_index = 14040, .adv_w = 320, .box_w = 19, .box_h = 17, .ofs_x = 0, .ofs_y = -1},
    {.bitmap_index = 14081, .adv_w = 320, .box_w = 19, .box_h = 19, .ofs_x = 0, .ofs_y = -3},
    {.bitmap_index = 14127, .adv_w = 320, .box_w = 18, .box_h = 20, .ofs_x = 1, .ofs_y = -3},
    {.bitmap_index = 14172, .adv_w = 320, .box_w = 18, .box_h = 18, .ofs_x = 1, .ofs_y = -2},
    {.bitmap_index = 14213, .adv_w = 320, .box_w = 18, .box_h = 18, .ofs_x = 1, .ofs_y = -2},
    {.bitmap_index = 14254, .adv_w = 320, .box_w = 17, .box_h = 18, .ofs_x = 2, .ofs_y = -2},
    {.bitmap_index = 14293, .adv_w = 320, .box_w = 18, .box_h = 19, .ofs_x = 1, .ofs_y = -2},
    {.bitmap_index = 14336, .adv_w = 320, .box_w = 19, .box_h = 18, .ofs_x = 0, .ofs_y = -2},
    {.bitmap_index = 14379, .adv_w = 320, .box_w = 18, .box_h = 18, .ofs_x = 1, .ofs_y = -2},
    {.bitmap_index = 14420, .adv_w = 320, .box_w = 18, .box_h = 18, .ofs_x = 1, .ofs_y = -2},
    {.bitmap_index = 14461, .adv_w = 320, .box_w = 19, .box_h = 18, .ofs_x = 1, .ofs_y = -2},
    {.bitmap_index = 14504, .adv_w = 320, .box_w = 18, .box_h = 17, .ofs_x = 1, .ofs_y = -1},
    {.bitmap_index = 14543, .adv_w = 320, .box_w = 18, .box_h = 17, .ofs_x = 1, .ofs_y = -2},
    {.bitmap_index = 14582, .adv_w = 320, .box_w = 19, .box_h = 17, .ofs_x = 0, .ofs_y = -2},
    {.bitmap_index = 14623, .adv_w = 320, .box_w = 18, .box_h = 18, .ofs_x = 1, .ofs_y = -2},
    {.bitmap_index = 14664, .adv_w = 320, .box_w = 18, .box_h = 18, .ofs_x = 1, .ofs_y = -2},
    {.bitmap_index = 14705, .adv_w = 320, .box_w = 19, .box_h = 18, .ofs_x = 0, .ofs_y = -2},
    {.bitmap_index = 14748, .adv_w = 320, .box_w = 18, .box_h = 19, .ofs_x = 1, .ofs_y = -2},
    {.bitmap_index = 14791, .adv_w = 320, .box_w = 18, .box_h = 18, .ofs_x = 1, .ofs_y = -2},
    {.bitmap_index = 14832, .adv_w = 320, .box_w = 18, .box_h = 18, .ofs_x = 1, .ofs_y = -2},
    {.bitmap_index = 14873, .adv_w = 320, .box_w = 19, .box_h = 18, .ofs_x = 1, .ofs_y = -1},
    {.bitmap_index = 14916, .adv_w = 320, .box_w = 18, .box_h = 19, .ofs_x = 1, .ofs_y = -2},
    {.bitmap_index = 14959, .adv_w = 320, .box_w = 18, .box_h = 17, .ofs_x = 1, .ofs_y = -2},
    {.bitmap_index = 14998, .adv_w = 320, .box_w = 18, .box_h = 18, .ofs_x = 1, .ofs_y = -2},
    {.bitmap_index = 15039, .adv_w = 320, .box_w = 18, .box_h = 18, .ofs_x = 1, .ofs_y = -2},
    {.bitmap_index = 15080, .adv_w = 320, .box_w = 18, .box_h = 18, .ofs_x = 1, .ofs_y = -2},
    {.bitmap_index = 15121, .adv_w = 320, .box_w = 19, .box_h = 18, .ofs_x = 1, .ofs_y = -2},
    {.bitmap_index = 15164, .adv_w = 320, .box_w = 17, .box_h = 19, .ofs_x = 1, .ofs_y = -2},
    {.bitmap_index = 15205, .adv_w = 320, .box_w = 18, .box_h = 18, .ofs_x = 1, .ofs_y = -2},
    {.bitmap_index = 15246, .adv_w = 320, .box_w = 18, .box_h = 17, .ofs_x = 1, .ofs_y = -2},
    {.bitmap_index = 15285, .adv_w = 320, .box_w = 18, .box_h = 18, .ofs_x = 1, .ofs_y = -2},
    {.bitmap_index = 15326, .adv_w = 320, .box_w = 18, .box_h = 17, .ofs_x = 1, .ofs_y = -2},
    {.bitmap_index = 15365, .adv_w = 320, .box_w = 19, .box_h = 17, .ofs_x = 0, .ofs_y = -1},
    {.bitmap_index = 15406, .adv_w = 320, .box_w = 16, .box_h = 17, .ofs_x = 1, .ofs_y = -2},
    {.bitmap_index = 15440, .adv_w = 320, .box_w = 16, .box_h = 17, .ofs_x = 2, .ofs_y = -2},
    {.bitmap_index = 15474, .adv_w = 320, .box_w = 18, .box_h = 18, .ofs_x = 1, .ofs_y = -2},
    {.bitmap_index = 15515, .adv_w = 320, .box_w = 18, .box_h = 18, .ofs_x = 1, .ofs_y = -2},
    {.bitmap_index = 15556, .adv_w = 320, .box_w = 18, .box_h = 18, .ofs_x = 1, .ofs_y = -2},
    {.bitmap_index = 15597, .adv_w = 320, .box_w = 17, .box_h = 18, .ofs_x = 2, .ofs_y = -2},
    {.bitmap_index = 15636, .adv_w = 320, .box_w = 18, .box_h = 18, .ofs_x = 1, .ofs_y = -2},
    {.bitmap_index = 15677, .adv_w = 320, .box_w = 18, .box_h = 18, .ofs_x = 1, .ofs_y = -2},
    {.bitmap_index = 15718, .adv_w = 320, .box_w = 15, .box_h = 18, .ofs_x = 3, .ofs_y = -2},
    {.bitmap_index = 15752, .adv_w = 320, .box_w = 17, .box_h = 18, .ofs_x = 2, .ofs_y = -2},
    {.bitmap_index = 15791, .adv_w = 320, .box_w = 18, .box_h = 18, .ofs_x = 1, .ofs_y = -2},
    {.bitmap_index = 15832, .adv_w = 320, .box_w = 19, .box_h = 19, .ofs_x = 1, .ofs_y = -2},
    {.bitmap_index = 15878, .adv_w = 320, .box_w = 17, .box_h = 17, .ofs_x = 1, .ofs_y = -2},
    {.bitmap_index = 15915, .adv_w = 320, .box_w = 17, .box_h = 18, .ofs_x = 2, .ofs_y = -2},
    {.bitmap_index = 15954, .adv_w = 320, .box_w = 18, .box_h = 18, .ofs_x = 1, .ofs_y = -2},
    {.bitmap_index = 15995, .adv_w = 320, .box_w = 19, .box_h = 18, .ofs_x = 1, .ofs_y = -2},
    {.bitmap_index = 16038, .adv_w = 320, .box_w = 17, .box_h = 18, .ofs_x = 1, .ofs_y = -2},
    {.bitmap_index = 16077, .adv_w = 320, .box_w = 19, .box_h = 18, .ofs_x = 1, .ofs_y = -2},
    {.bitmap_index = 16120, .adv_w = 320, .box_w = 18, .box_h = 18, .ofs_x = 0, .ofs_y = -2},
    {.bitmap_index = 16161, .adv_w = 320, .box_w = 19, .box_h = 19, .ofs_x = 1, .ofs_y = -2},
    {.bitmap_index = 16207, .adv_w = 320, .box_w = 19, .box_h = 18, .ofs_x = 0, .ofs_y = -2},
    {.bitmap_index = 16250, .adv_w = 320, .box_w = 19, .box_h = 18, .ofs_x = 0, .ofs_y = -2},
    {.bitmap_index = 16293, .adv_w = 320, .box_w = 18, .box_h = 19, .ofs_x = 0, .ofs_y = -2},
    {.bitmap_index = 16336, .adv_w = 320, .box_w = 19, .box_h = 18, .ofs_x = 0, .ofs_y = -2},
    {.bitmap_index = 16379, .adv_w = 320, .box_w = 17, .box_h = 18, .ofs_x = 2, .ofs_y = -2},
    {.bitmap_index = 16418, .adv_w = 320, .box_w = 17, .box_h = 18, .ofs_x = 1, .ofs_y = -2},
    {.bitmap_index = 16457, .adv_w = 320, .box_w = 18, .box_h = 18, .ofs_x = 1, .ofs_y = -2},
    {.bitmap_index = 16498, .adv_w = 320, .box_w = 18, .box_h = 18, .ofs_x = 1, .ofs_y = -2},
    {.bitmap_index = 16539, .adv_w = 320, .box_w = 19, .box_h = 18, .ofs_x = 1, .ofs_y = -2},
    {.bitmap_index = 16582, .adv_w = 320, .box_w = 18, .box_h = 18, .ofs_x = 1, .ofs_y = -2},
    {.bitmap_index = 16623, .adv_w = 320, .box_w = 18, .box_h = 18, .ofs_x = 1, .ofs_y = -2},
    {.bitmap_index = 16664, .adv_w = 320, .box_w = 18, .box_h = 20, .ofs_x = 1, .ofs_y = -3},
    {.bitmap_index = 16709, .adv_w = 320, .box_w = 19, .box_h = 18, .ofs_x = 1, .ofs_y = -2},
    {.bitmap_index = 16752, .adv_w = 320, .box_w = 17, .box_h = 18, .ofs_x = 1, .ofs_y = -2},
    {.bitmap_index = 16791, .adv_w = 320, .box_w = 19, .box_h = 18, .ofs_x = 1, .ofs_y = -2},
    {.bitmap_index = 16834, .adv_w = 320, .box_w = 18, .box_h = 18, .ofs_x = 1, .ofs_y = -2},
    {.bitmap_index = 16875, .adv_w = 320, .box_w = 18, .box_h = 18, .ofs_x = 1, .ofs_y = -2},
    {.bitmap_index = 16916, .adv_w = 320, .box_w = 19, .box_h = 18, .ofs_x = 1, .ofs_y = -2},
    {.bitmap_index = 16959, .adv_w = 320, .box_w = 18, .box_h = 17, .ofs_x = 1, .ofs_y = -1},
    {.bitmap_index = 16998, .adv_w = 320, .box_w = 18, .box_h = 19, .ofs_x = 1, .ofs_y = -2},
    {.bitmap_index = 17041, .adv_w = 320, .box_w = 18, .box_h = 18, .ofs_x = 0, .ofs_y = -2},
    {.bitmap_index = 17082, .adv_w = 320, .box_w = 18, .box_h = 18, .ofs_x = 1, .ofs_y = -2},
    {.bitmap_index = 17123, .adv_w = 320, .box_w = 19, .box_h = 19, .ofs_x = 0, .ofs_y = -2},
    {.bitmap_index = 17169, .adv_w = 320, .box_w = 18, .box_h = 19, .ofs_x = 1, .ofs_y = -3},
    {.bitmap_index = 17212, .adv_w = 320, .box_w = 18, .box_h = 18, .ofs_x = 1, .ofs_y = -2},
    {.bitmap_index = 17253, .adv_w = 320, .box_w = 18, .box_h = 19, .ofs_x = 1, .ofs_y = -2},
    {.bitmap_index = 17296, .adv_w = 320, .box_w = 17, .box_h = 18, .ofs_x = 1, .ofs_y = -2},
    {.bitmap_index = 17335, .adv_w = 320, .box_w = 16, .box_h = 18, .ofs_x = 2, .ofs_y = -2},
    {.bitmap_index = 17371, .adv_w = 320, .box_w = 18, .box_h = 18, .ofs_x = 1, .ofs_y = -2},
    {.bitmap_index = 17412, .adv_w = 320, .box_w = 17, .box_h = 18, .ofs_x = 1, .ofs_y = -2},
    {.bitmap_index = 17451, .adv_w = 320, .box_w = 17, .box_h = 18, .ofs_x = 1, .ofs_y = -2},
    {.bitmap_index = 17490, .adv_w = 320, .box_w = 18, .box_h = 17, .ofs_x = 1, .ofs_y = -2},
    {.bitmap_index = 17529, .adv_w = 320, .box_w = 19, .box_h = 18, .ofs_x = 0, .ofs_y = -2},
    {.bitmap_index = 17572, .adv_w = 320, .box_w = 19, .box_h = 18, .ofs_x = 0, .ofs_y = -2},
    {.bitmap_index = 17615, .adv_w = 320, .box_w = 18, .box_h = 18, .ofs_x = 1, .ofs_y = -2},
    {.bitmap_index = 17656, .adv_w = 320, .box_w = 18, .box_h = 18, .ofs_x = 1, .ofs_y = -2},
    {.bitmap_index = 17697, .adv_w = 320, .box_w = 19, .box_h = 19, .ofs_x = 1, .ofs_y = -2},
    {.bitmap_index = 17743, .adv_w = 320, .box_w = 17, .box_h = 18, .ofs_x = 1, .ofs_y = -2},
    {.bitmap_index = 17782, .adv_w = 320, .box_w = 18, .box_h = 18, .ofs_x = 0, .ofs_y = -2},
    {.bitmap_index = 17823, .adv_w = 320, .box_w = 17, .box_h = 17, .ofs_x = 2, .ofs_y = -2},
    {.bitmap_index = 17860, .adv_w = 320, .box_w = 18, .box_h = 16, .ofs_x = 1, .ofs_y = -1},
    {.bitmap_index = 17896, .adv_w = 320, .box_w = 19, .box_h = 18, .ofs_x = 1, .ofs_y = -2},
    {.bitmap_index = 17939, .adv_w = 320, .box_w = 18, .box_h = 18, .ofs_x = 1, .ofs_y = -2},
    {.bitmap_index = 17980, .adv_w = 320, .box_w = 18, .box_h = 17, .ofs_x = 1, .ofs_y = -2},
    {.bitmap_index = 18019, .adv_w = 320, .box_w = 18, .box_h = 15, .ofs_x = 1, .ofs_y = -1},
    {.bitmap_index = 18053, .adv_w = 320, .box_w = 18, .box_h = 18, .ofs_x = 2, .ofs_y = -2},
    {.bitmap_index = 18094, .adv_w = 320, .box_w = 18, .box_h = 18, .ofs_x = 0, .ofs_y = -2},
    {.bitmap_index = 18135, .adv_w = 320, .box_w = 18, .box_h = 16, .ofs_x = 1, .ofs_y = -1},
    {.bitmap_index = 18171, .adv_w = 320, .box_w = 18, .box_h = 19, .ofs_x = 1, .ofs_y = -2},
    {.bitmap_index = 18214, .adv_w = 320, .box_w = 18, .box_h = 17, .ofs_x = 1, .ofs_y = -1},
    {.bitmap_index = 18253, .adv_w = 320, .box_w = 16, .box_h = 18, .ofs_x = 2, .ofs_y = -2},
    {.bitmap_index = 18289, .adv_w = 320, .box_w = 16, .box_h = 17, .ofs_x = 2, .ofs_y = -2},
    {.bitmap_index = 18323, .adv_w = 320, .box_w = 18, .box_h = 18, .ofs_x = 1, .ofs_y = -2},
    {.bitmap_index = 18364, .adv_w = 320, .box_w = 18, .box_h = 19, .ofs_x = 1, .ofs_y = -2},
    {.bitmap_index = 18407, .adv_w = 320, .box_w = 19, .box_h = 18, .ofs_x = 1, .ofs_y = -2},
    {.bitmap_index = 18450, .adv_w = 320, .box_w = 18, .box_h = 19, .ofs_x = 1, .ofs_y = -3},
    {.bitmap_index = 18493, .adv_w = 320, .box_w = 17, .box_h = 18, .ofs_x = 1, .ofs_y = -2},
    {.bitmap_index = 18532, .adv_w = 320, .box_w = 19, .box_h = 19, .ofs_x = 0, .ofs_y = -2},
    {.bitmap_index = 18578, .adv_w = 320, .box_w = 19, .box_h = 18, .ofs_x = 0, .ofs_y = -2},
    {.bitmap_index = 18621, .adv_w = 320, .box_w = 19, .box_h = 18, .ofs_x = 1, .ofs_y = -2},
    {.bitmap_index = 18664, .adv_w = 320, .box_w = 18, .box_h = 18, .ofs_x = 1, .ofs_y = -2},
    {.bitmap_index = 18705, .adv_w = 320, .box_w = 19, .box_h = 17, .ofs_x = 0, .ofs_y = -1},
    {.bitmap_index = 18746, .adv_w = 320, .box_w = 18, .box_h = 17, .ofs_x = 1, .ofs_y = -2},
    {.bitmap_index = 18785, .adv_w = 320, .box_w = 19, .box_h = 18, .ofs_x = 1, .ofs_y = -2},
    {.bitmap_index = 18828, .adv_w = 320, .box_w = 17, .box_h = 17, .ofs_x = 1, .ofs_y = -2},
    {.bitmap_index = 18865, .adv_w = 320, .box_w = 17, .box_h = 18, .ofs_x = 2, .ofs_y = -2},
    {.bitmap_index = 18904, .adv_w = 320, .box_w = 19, .box_h = 18, .ofs_x = 0, .ofs_y = -2},
    {.bitmap_index = 18947, .adv_w = 320, .box_w = 18, .box_h = 17, .ofs_x = 1, .ofs_y = -2},
    {.bitmap_index = 18986, .adv_w = 320, .box_w = 19, .box_h = 18, .ofs_x = 0, .ofs_y = -2},
    {.bitmap_index = 19029, .adv_w = 320, .box_w = 19, .box_h = 18, .ofs_x = 1, .ofs_y = -2},
    {.bitmap_index = 19072, .adv_w = 320, .box_w = 18, .box_h = 17, .ofs_x = 1, .ofs_y = -1},
    {.bitmap_index = 19111, .adv_w = 320, .box_w = 18, .box_h = 18, .ofs_x = 1, .ofs_y = -2},
    {.bitmap_index = 19152, .adv_w = 320, .box_w = 19, .box_h = 18, .ofs_x = 1, .ofs_y = -2},
    {.bitmap_index = 19195, .adv_w = 320, .box_w = 18, .box_h = 18, .ofs_x = 0, .ofs_y = -2},
    {.bitmap_index = 19236, .adv_w = 320, .box_w = 19, .box_h = 18, .ofs_x = 1, .ofs_y = -2},
    {.bitmap_index = 19279, .adv_w = 320, .box_w = 18, .box_h = 18, .ofs_x = 2, .ofs_y = -2},
    {.bitmap_index = 19320, .adv_w = 320, .box_w = 18, .box_h = 18, .ofs_x = 1, .ofs_y = -2},
    {.bitmap_index = 19361, .adv_w = 320, .box_w = 18, .box_h = 18, .ofs_x = 1, .ofs_y = -2},
    {.bitmap_index = 19402, .adv_w = 320, .box_w = 18, .box_h = 18, .ofs_x = 1, .ofs_y = -2},
    {.bitmap_index = 19443, .adv_w = 320, .box_w = 18, .box_h = 17, .ofs_x = 1, .ofs_y = -2},
    {.bitmap_index = 19482, .adv_w = 320, .box_w = 17, .box_h = 18, .ofs_x = 1, .ofs_y = -2},
    {.bitmap_index = 19521, .adv_w = 320, .box_w = 19, .box_h = 18, .ofs_x = 0, .ofs_y = -2},
    {.bitmap_index = 19564, .adv_w = 320, .box_w = 18, .box_h = 18, .ofs_x = 1, .ofs_y = -2},
    {.bitmap_index = 19605, .adv_w = 320, .box_w = 18, .box_h = 18, .ofs_x = 1, .ofs_y = -2},
    {.bitmap_index = 19646, .adv_w = 320, .box_w = 18, .box_h = 18, .ofs_x = 1, .ofs_y = -2},
    {.bitmap_index = 19687, .adv_w = 320, .box_w = 18, .box_h = 18, .ofs_x = 1, .ofs_y = -2},
    {.bitmap_index = 19728, .adv_w = 320, .box_w = 17, .box_h = 19, .ofs_x = 2, .ofs_y = -2},
    {.bitmap_index = 19769, .adv_w = 320, .box_w = 19, .box_h = 18, .ofs_x = 1, .ofs_y = -2},
    {.bitmap_index = 19812, .adv_w = 320, .box_w = 19, .box_h = 18, .ofs_x = 0, .ofs_y = -2},
    {.bitmap_index = 19855, .adv_w = 320, .box_w = 17, .box_h = 18, .ofs_x = 1, .ofs_y = -2},
    {.bitmap_index = 19894, .adv_w = 320, .box_w = 18, .box_h = 18, .ofs_x = 1, .ofs_y = -2},
    {.bitmap_index = 19935, .adv_w = 320, .box_w = 18, .box_h = 18, .ofs_x = 1, .ofs_y = -2},
    {.bitmap_index = 19976, .adv_w = 320, .box_w = 18, .box_h = 18, .ofs_x = 1, .ofs_y = -2},
    {.bitmap_index = 20017, .adv_w = 320, .box_w = 19, .box_h = 19, .ofs_x = 0, .ofs_y = -2},
    {.bitmap_index = 20063, .adv_w = 320, .box_w = 18, .box_h = 18, .ofs_x = 1, .ofs_y = -2},
    {.bitmap_index = 20104, .adv_w = 320, .box_w = 17, .box_h = 18, .ofs_x = 1, .ofs_y = -2},
    {.bitmap_index = 20143, .adv_w = 320, .box_w = 19, .box_h = 18, .ofs_x = 0, .ofs_y = -2},
    {.bitmap_index = 20186, .adv_w = 320, .box_w = 19, .box_h = 18, .ofs_x = 1, .ofs_y = -2},
    {.bitmap_index = 20229, .adv_w = 320, .box_w = 19, .box_h = 18, .ofs_x = 0, .ofs_y = -2},
    {.bitmap_index = 20272, .adv_w = 320, .box_w = 19, .box_h = 18, .ofs_x = 1, .ofs_y = -2},
    {.bitmap_index = 20315, .adv_w = 320, .box_w = 18, .box_h = 18, .ofs_x = 1, .ofs_y = -2},
    {.bitmap_index = 20356, .adv_w = 320, .box_w = 19, .box_h = 18, .ofs_x = 0, .ofs_y = -2},
    {.bitmap_index = 20399, .adv_w = 320, .box_w = 18, .box_h = 19, .ofs_x = 1, .ofs_y = -2},
    {.bitmap_index = 20442, .adv_w = 320, .box_w = 18, .box_h = 18, .ofs_x = 1, .ofs_y = -2},
    {.bitmap_index = 20483, .adv_w = 320, .box_w = 18, .box_h = 18, .ofs_x = 1, .ofs_y = -2},
    {.bitmap_index = 20524, .adv_w = 320, .box_w = 18, .box_h = 19, .ofs_x = 1, .ofs_y = -2},
    {.bitmap_index = 20567, .adv_w = 320, .box_w = 19, .box_h = 18, .ofs_x = 0, .ofs_y = -2},
    {.bitmap_index = 20610, .adv_w = 320, .box_w = 18, .box_h = 19, .ofs_x = 1, .ofs_y = -2},
    {.bitmap_index = 20653, .adv_w = 320, .box_w = 18, .box_h = 17, .ofs_x = 1, .ofs_y = -2},
    {.bitmap_index = 20692, .adv_w = 320, .box_w = 18, .box_h = 17, .ofs_x = 2, .ofs_y = -2},
    {.bitmap_index = 20731, .adv_w = 320, .box_w = 18, .box_h = 18, .ofs_x = 0, .ofs_y = -2},
    {.bitmap_index = 20772, .adv_w = 320, .box_w = 17, .box_h = 19, .ofs_x = 2, .ofs_y = -2},
    {.bitmap_index = 20813, .adv_w = 320, .box_w = 19, .box_h = 17, .ofs_x = 0, .ofs_y = -2},
    {.bitmap_index = 20854, .adv_w = 320, .box_w = 19, .box_h = 20, .ofs_x = 0, .ofs_y = -3},
    {.bitmap_index = 20902, .adv_w = 320, .box_w = 19, .box_h = 18, .ofs_x = 1, .ofs_y = -2},
    {.bitmap_index = 20945, .adv_w = 320, .box_w = 17, .box_h = 16, .ofs_x = 1, .ofs_y = -1},
    {.bitmap_index = 20979, .adv_w = 320, .box_w = 18, .box_h = 18, .ofs_x = 1, .ofs_y = -2},
    {.bitmap_index = 21020, .adv_w = 320, .box_w = 18, .box_h = 18, .ofs_x = 1, .ofs_y = -2},
    {.bitmap_index = 21061, .adv_w = 320, .box_w = 18, .box_h = 18, .ofs_x = 1, .ofs_y = -2},
    {.bitmap_index = 21102, .adv_w = 320, .box_w = 19, .box_h = 18, .ofs_x = 0, .ofs_y = -2},
    {.bitmap_index = 21145, .adv_w = 320, .box_w = 18, .box_h = 17, .ofs_x = 1, .ofs_y = -1},
    {.bitmap_index = 21184, .adv_w = 320, .box_w = 17, .box_h = 18, .ofs_x = 1, .ofs_y = -2},
    {.bitmap_index = 21223, .adv_w = 320, .box_w = 18, .box_h = 18, .ofs_x = 1, .ofs_y = -2},
    {.bitmap_index = 21264, .adv_w = 320, .box_w = 18, .box_h = 18, .ofs_x = 0, .ofs_y = -2},
    {.bitmap_index = 21305, .adv_w = 320, .box_w = 18, .box_h = 17, .ofs_x = 1, .ofs_y = -1},
    {.bitmap_index = 21344, .adv_w = 320, .box_w = 16, .box_h = 18, .ofs_x = 2, .ofs_y = -2},
    {.bitmap_index = 21380, .adv_w = 320, .box_w = 17, .box_h = 18, .ofs_x = 2, .ofs_y = -2},
    {.bitmap_index = 21419, .adv_w = 320, .box_w = 16, .box_h = 18, .ofs_x = 2, .ofs_y = -2},
    {.bitmap_index = 21455, .adv_w = 320, .box_w = 16, .box_h = 18, .ofs_x = 2, .ofs_y = -2},
    {.bitmap_index = 21491, .adv_w = 320, .box_w = 16, .box_h = 18, .ofs_x = 2, .ofs_y = -1},
    {.bitmap_index = 21527, .adv_w = 320, .box_w = 17, .box_h = 18, .ofs_x = 2, .ofs_y = -2},
    {.bitmap_index = 21566, .adv_w = 320, .box_w = 17, .box_h = 17, .ofs_x = 1, .ofs_y = -2},
    {.bitmap_index = 21603, .adv_w = 320, .box_w = 18, .box_h = 18, .ofs_x = 1, .ofs_y = -2},
    {.bitmap_index = 21644, .adv_w = 320, .box_w = 18, .box_h = 18, .ofs_x = 2, .ofs_y = -2},
    {.bitmap_index = 21685, .adv_w = 320, .box_w = 17, .box_h = 18, .ofs_x = 2, .ofs_y = -2},
    {.bitmap_index = 21724, .adv_w = 320, .box_w = 17, .box_h = 18, .ofs_x = 2, .ofs_y = -2},
    {.bitmap_index = 21763, .adv_w = 320, .box_w = 17, .box_h = 18, .ofs_x = 2, .ofs_y = -2},
    {.bitmap_index = 21802, .adv_w = 320, .box_w = 18, .box_h = 18, .ofs_x = 1, .ofs_y = -2},
    {.bitmap_index = 21843, .adv_w = 320, .box_w = 18, .box_h = 18, .ofs_x = 1, .ofs_y = -2},
    {.bitmap_index = 21884, .adv_w = 320, .box_w = 18, .box_h = 17, .ofs_x = 1, .ofs_y = -2},
    {.bitmap_index = 21923, .adv_w = 320, .box_w = 17, .box_h = 17, .ofs_x = 2, .ofs_y = -2},
    {.bitmap_index = 21960, .adv_w = 320, .box_w = 18, .box_h = 18, .ofs_x = 1, .ofs_y = -2},
    {.bitmap_index = 22001, .adv_w = 320, .box_w = 17, .box_h = 17, .ofs_x = 2, .ofs_y = -2},
    {.bitmap_index = 22038, .adv_w = 320, .box_w = 17, .box_h = 18, .ofs_x = 1, .ofs_y = -2},
    {.bitmap_index = 22077, .adv_w = 320, .box_w = 17, .box_h = 18, .ofs_x = 1, .ofs_y = -2},
    {.bitmap_index = 22116, .adv_w = 320, .box_w = 17, .box_h = 18, .ofs_x = 1, .ofs_y = -2},
    {.bitmap_index = 22155, .adv_w = 320, .box_w = 17, .box_h = 17, .ofs_x = 2, .ofs_y = -2},
    {.bitmap_index = 22192, .adv_w = 320, .box_w = 18, .box_h = 18, .ofs_x = 1, .ofs_y = -2},
    {.bitmap_index = 22233, .adv_w = 320, .box_w = 18, .box_h = 17, .ofs_x = 0, .ofs_y = -2},
    {.bitmap_index = 22272, .adv_w = 320, .box_w = 17, .box_h = 17, .ofs_x = 1, .ofs_y = -2},
    {.bitmap_index = 22309, .adv_w = 320, .box_w = 17, .box_h = 18, .ofs_x = 2, .ofs_y = -2},
    {.bitmap_index = 22348, .adv_w = 320, .box_w = 19, .box_h = 18, .ofs_x = 0, .ofs_y = -2},
    {.bitmap_index = 22391, .adv_w = 320, .box_w = 18, .box_h = 18, .ofs_x = 1, .ofs_y = -2},
    {.bitmap_index = 22432, .adv_w = 320, .box_w = 19, .box_h = 17, .ofs_x = 1, .ofs_y = -2},
    {.bitmap_index = 22473, .adv_w = 320, .box_w = 18, .box_h = 18, .ofs_x = 0, .ofs_y = -2},
    {.bitmap_index = 22514, .adv_w = 320, .box_w = 19, .box_h = 19, .ofs_x = 1, .ofs_y = -2},
    {.bitmap_index = 22560, .adv_w = 320, .box_w = 17, .box_h = 18, .ofs_x = 2, .ofs_y = -2},
    {.bitmap_index = 22599, .adv_w = 320, .box_w = 16, .box_h = 17, .ofs_x = 2, .ofs_y = -2},
    {.bitmap_index = 22633, .adv_w = 320, .box_w = 18, .box_h = 19, .ofs_x = 1, .ofs_y = -2},
    {.bitmap_index = 22676, .adv_w = 320, .box_w = 18, .box_h = 18, .ofs_x = 1, .ofs_y = -2},
    {.bitmap_index = 22717, .adv_w = 320, .box_w = 17, .box_h = 19, .ofs_x = 1, .ofs_y = -2},
    {.bitmap_index = 22758, .adv_w = 320, .box_w = 19, .box_h = 17, .ofs_x = 0, .ofs_y = -1},
    {.bitmap_index = 22799, .adv_w = 320, .box_w = 19, .box_h = 18, .ofs_x = 0, .ofs_y = -2},
    {.bitmap_index = 22842, .adv_w = 320, .box_w = 18, .box_h = 18, .ofs_x = 1, .ofs_y = -2},
    {.bitmap_index = 22883, .adv_w = 320, .box_w = 2, .box_h = 14, .ofs_x = 5, .ofs_y = 0},
    {.bitmap_index = 22887, .adv_w = 320, .box_w = 5, .box_h = 17, .ofs_x = 12, .ofs_y = -1},
    {.bitmap_index = 22898, .adv_w = 320, .box_w = 5, .box_h = 17, .ofs_x = 3, .ofs_y = -1},
    {.bitmap_index = 22909, .adv_w = 320, .box_w = 2, .box_h = 6, .ofs_x = 3, .ofs_y = -3},
    {.bitmap_index = 22911, .adv_w = 320, .box_w = 3, .box_h = 7, .ofs_x = 4, .ofs_y = 0},
    {.bitmap_index = 22914, .adv_w = 320, .box_w = 3, .box_h = 10, .ofs_x = 3, .ofs_y = -3},
    {.bitmap_index = 22918, .adv_w = 320, .box_w = 7, .box_h = 14, .ofs_x = 3, .ofs_y = 0}
};

/*---------------------
 *  CHARACTER MAPPING
 *--------------------*/

static const uint16_t unicode_list_1[] = {
    0x0, 0x2053, 0x2f51, 0x2f52, 0x4d50, 0x4d53, 0x4d59, 0x4d5a,
    0x4d5b, 0x4d5d, 0x4d63, 0x4d75, 0x4d77, 0x4d7d, 0x4d8b, 0x4da8,
    0x4dad, 0x4db0, 0x4dc0, 0x4dd9, 0x4ddb, 0x4ddc, 0x4dde, 0x4de1,
    0x4de4, 0x4de5, 0x4df4, 0x4df7, 0x4dfc, 0x4e02, 0x4e0a, 0x4e1a,
    0x4e1d, 0x4e23, 0x4e34, 0x4e4b, 0x4e51, 0x4e60, 0x4e61, 0x4e6a,
    0x4e70, 0x4e84, 0x4e96, 0x4e9d, 0x4e9f, 0x4ea9, 0x4eac, 0x4eb0,
    0x4eb3, 0x4edb, 0x4f2d, 0x4f3e, 0x4faa, 0x4fac, 0x5093, 0x5098,
    0x5099, 0x509b, 0x50b5, 0x50bb, 0x50bd, 0x50c3, 0x50c7, 0x50cb,
    0x50d5, 0x50dd, 0x50e9, 0x50ec, 0x50f0, 0x50fc, 0x5100, 0x5102,
    0x5107, 0x510b, 0x5116, 0x514a, 0x5156, 0x516b, 0x516d, 0x5180,
    0x5186, 0x5188, 0x518b, 0x5193, 0x519d, 0x51b9, 0x51c2, 0x51ef,
    0x51f1, 0x51f8, 0x5203, 0x524f, 0x5266, 0x5267, 0x528a, 0x528b,
    0x528e, 0x5291, 0x5298, 0x52c4, 0x52c7, 0x52c8, 0x52d2, 0x52d6,
    0x52e5, 0x531a, 0x531b, 0x5321, 0x5326, 0x5327, 0x5333, 0x5335,
    0x533a, 0x533f, 0x5340, 0x5342, 0x5347, 0x5358, 0x535c, 0x535d,
    0x535e, 0x5376, 0x537c, 0x537f, 0x53b8, 0x53cd, 0x541d, 0x5474,
    0x5533, 0x55b8, 0x562b, 0x562e, 0x564d, 0x566f, 0x5678, 0x5680,
    0x5690, 0x569f, 0x56af, 0x56db, 0x56f3, 0x572f, 0x574a, 0x5774,
    0x57a1, 0x57ae, 0x57e9, 0x5854, 0x5857, 0x585d, 0x585f, 0x586a,
    0x5877, 0x5879, 0x5881, 0x5884, 0x5889, 0x58cd, 0x58d2, 0x591b,
    0x5986, 0x59aa, 0x59cf, 0x5a11, 0x5aa7, 0x5aa8, 0x5ab6, 0x5ad1,
    0x5ad5, 0x5ad9, 0x5adc, 0x5aea, 0x5aec, 0x5aee, 0x5af2, 0x5af4,
    0x5b06, 0x5b09, 0x5b16, 0x5b22, 0x5b4f, 0x5b5f, 0x5b61, 0x5b68,
    0x5b81, 0x5b95, 0x5b9b, 0x5b9f, 0x5bfb, 0x5d2e, 0x5d35, 0x5d42,
    0x5d52, 0x5d60, 0x5d77, 0x5d88, 0x5dc3, 0x5dc4, 0x5dd6, 0x5dda,
    0x5de3, 0x5de4, 0x5de9, 0x5df6, 0x5e46, 0x5e4a, 0x5e4f, 0x5e50,
    0x5e52, 0x5e5f, 0x5e65, 0x5e8a, 0x5ea2, 0x5ea3, 0x5ea5, 0x5ed5,
    0x5ee7, 0x5ee9, 0x5efe, 0x5f1c, 0x5f27, 0x5f4d, 0x5f51, 0x5f8b,
    0x5fb2, 0x601a, 0x6160, 0x6187, 0x6197, 0x619b, 0x61b7, 0x61bb,
    0x61bc, 0x61c9, 0x6216, 0x6222, 0x6226, 0x6252, 0x6257, 0x6259,
    0x628d, 0x6299, 0x62a5, 0x62be, 0x62e8, 0x62f2, 0x62f5, 0x631f,
    0x6320, 0x6331, 0x636c, 0x637c, 0x63fd, 0x641e, 0x648e, 0x6498,
    0x64a9, 0x64c0, 0x64c4, 0x64d7, 0x64db, 0x64fd, 0x6500, 0x6509,
    0x6530, 0x6535, 0x6536, 0x6546, 0x655e, 0x6563, 0x6575, 0x657f,
    0x65be, 0x65c4, 0x65ca, 0x65d2, 0x65e1, 0x6604, 0x6644, 0x6658,
    0x6659, 0x665d, 0x666f, 0x6678, 0x667a, 0x667c, 0x668a, 0x66af,
    0x66b1, 0x66b5, 0x66bd, 0x66ce, 0x66d1, 0x66e0, 0x66ec, 0x6706,
    0x6714, 0x6723, 0x6735, 0x6739, 0x6741, 0x6757, 0x6758, 0x6771,
    0x6787, 0x678d, 0x67b5, 0x67d1, 0x6800, 0x6810, 0x6971, 0x6a71,
    0x6ab2, 0x6ab3, 0x6ab5, 0x6ae3, 0x6b05, 0x6b1f, 0x6b2b, 0x6b64,
    0x6b84, 0x6b92, 0x6b97, 0x6bb0, 0x6be0, 0x6be9, 0x6bf1, 0x6c0b,
    0x6c25, 0x6c38, 0x6c91, 0x6ca3, 0x6cbe, 0x6cc4, 0x6cd2, 0x6cd8,
    0x6d55, 0x6d64, 0x6d70, 0x6d71, 0x6d79, 0x6dcf, 0x6e31, 0x6fbb,
    0x6fc6, 0x6fc8, 0x7037, 0x703d, 0x706a, 0x7197, 0x71a9, 0x71ab,
    0x71b7, 0x71c9, 0x7206, 0x725e, 0x72d7, 0x7300, 0x733d, 0x7356,
    0x746f, 0x7478, 0x7482, 0x749b, 0x74a9, 0x74ac, 0x74b5, 0x74e7,
    0x7515, 0x75cd, 0x75d4, 0x7621, 0x7626, 0x762f, 0x768c, 0x7735,
    0x773d, 0x7751, 0x7784, 0x77be, 0x77e1, 0x77e3, 0x7819, 0x7821,
    0x7890, 0x7898, 0x78ae, 0x78bd, 0x78df, 0x791b, 0x791d, 0x7922,
    0x794b, 0x795d, 0x7970, 0x7983, 0x79c4, 0x79ca, 0x79cf, 0x7a1b,
    0x7a26, 0x7a3f, 0x7a54, 0x7a99, 0x7aa1, 0x7ace, 0x7bc3, 0x7c72,
    0x7df6, 0x7dfc, 0x7e03, 0x7e16, 0x7e1f, 0x7e23, 0x7e28, 0x7e2c,
    0x7e2d, 0x7e3a, 0x7e63, 0x7e66, 0x7ea1, 0x7ebe, 0x7f96, 0x805a,
    0x809a, 0x8143, 0x815d, 0x8189, 0x81ca, 0x81d2, 0x81e2, 0x8307,
    0x83bc, 0x842d, 0x84d4, 0x85d1, 0x8640, 0x866c, 0x879c, 0x87b3,
    0x87b5, 0x8811, 0x88d1, 0x8911, 0x8933, 0x8af1, 0x8af2, 0x8af4,
    0x8b00, 0x8b0c, 0x8b0e, 0x8b1d, 0x8b25, 0x8b2d, 0x8b32, 0x8b3d,
    0x8b3f, 0x8b47, 0x8b48, 0x8b4b, 0x8b53, 0x8b72, 0x8b87, 0x8c72,
    0x8c75, 0x8c76, 0x8c77, 0x8c85, 0x8cc4, 0x8cc7, 0x8cd5, 0x8d03,
    0x8d21, 0x8eb6, 0x8eb8, 0x8ebe, 0x8ecd, 0x8f09, 0x8f17, 0x8f24,
    0x8f2b, 0x8f2c, 0x8f2e, 0x8f49, 0x8f50, 0x8f51, 0x8f70, 0x8fa3,
    0x9038, 0x909d, 0x90ad, 0x90bc, 0x90cf, 0x90e2, 0x90fe, 0x9117,
    0x911c, 0x911d, 0x911f, 0x93d8, 0x940b, 0x9448, 0x9451, 0x9469,
    0x947e, 0x94cf, 0x9538, 0x953d, 0x953e, 0x9540, 0x9542, 0x9544,
    0x9584, 0x9585, 0x9586, 0x9592, 0x959d, 0x95b4, 0x9617, 0x9625,
    0x9638, 0x963a, 0x9647, 0x9649, 0x964e, 0x9650, 0x966c, 0x9682,
    0x968e, 0x96ae, 0x96b2, 0x9743, 0x97e1, 0x97ed, 0x981e, 0x98c0,
    0x98d0, 0x98e9, 0x99bc, 0x99dc, 0x9df6, 0x9e14, 0x9e63, 0x9ea0,
    0x9ee9, 0xfe51, 0xfe58, 0xfe59, 0xfe5c, 0xfe6a, 0xfe6b, 0xfe6f
};

/*Collect the unicode lists and glyph_id offsets*/
static const lv_font_fmt_txt_cmap_t cmaps[] =
{
    {
        .range_start = 32, .range_length = 95, .glyph_id_start = 1,
        .unicode_list = NULL, .glyph_id_ofs_list = NULL, .list_length = 0, .type = LV_FONT_FMT_TXT_CMAP_FORMAT0_TINY
    },
    {
        .range_start = 176, .range_length = 65136, .glyph_id_start = 96,
        .unicode_list = unicode_list_1, .glyph_id_ofs_list = NULL, .list_length = 552, .type = LV_FONT_FMT_TXT_CMAP_SPARSE_TINY
    }
};



/*--------------------
 *  ALL CUSTOM DATA
 *--------------------*/

#if LVGL_VERSION_MAJOR == 8
/*Store all the custom data of the font*/
static  lv_font_fmt_txt_glyph_cache_t cache;
#endif

#if LVGL_VERSION_MAJOR >= 8
static const lv_font_fmt_txt_dsc_t font_dsc = {
#else
static lv_font_fmt_txt_dsc_t font_dsc = {
#endif
    .glyph_bitmap = glyph_bitmap,
    .glyph_dsc = glyph_dsc,
    .cmaps = cmaps,
    .kern_dsc = NULL,
    .kern_scale = 0,
    .cmap_num = 2,
    .bpp = 1,
    .kern_classes = 0,
    .bitmap_format = 0,
#if LVGL_VERSION_MAJOR == 8
    .cache = &cache
#endif
};



/*-----------------
 *  PUBLIC FONT
 *----------------*/

/*Initialize a public general font descriptor*/
#if LVGL_VERSION_MAJOR >= 8
const lv_font_t lv_font_zh_20 = {
#else
lv_font_t lv_font_zh_20 = {
#endif
    .get_glyph_dsc = lv_font_get_glyph_dsc_fmt_txt,    /*Function pointer to get glyph's data*/
    .get_glyph_bitmap = lv_font_get_bitmap_fmt_txt,    /*Function pointer to get glyph's bitmap*/
    .line_height = 20,          /*The maximum line height required by the font*/
    .base_line = 3,             /*Baseline measured from the bottom of the line*/
#if !(LVGL_VERSION_MAJOR == 6 && LVGL_VERSION_MINOR == 0)
    .subpx = LV_FONT_SUBPX_NONE,
#endif
#if LV_VERSION_CHECK(7, 4, 0) || LVGL_VERSION_MAJOR >= 8
    .underline_position = -2,
    .underline_thickness = 1,
#endif
    .dsc = &font_dsc,          /*The custom font data. Will be accessed by `get_glyph_bitmap/dsc` */
#if LV_VERSION_CHECK(8, 2, 0) || LVGL_VERSION_MAJOR >= 9
    .fallback = NULL,
#endif
    .user_data = NULL,
};



#endif /*#if LV_FONT_ZH_20*/

