/*******************************************************************************
 * Size: 14 px
 * Bpp: 1
 * Opts: --font C:/Windows/Fonts/simhei.ttf -r 0x20-0x7E --symbols 但理计秒功口号名域密效析查检法码络网误账错化始配前当段阶史过进本次结果汇总关闭确认保留复长内足校验异常及长度多日一二三四五六七八九十正冬腊闰初廿小寒大立春雨水惊蛰清明谷夏满芒种暑秋处白露霜降雪至元旦节劳动端午中国庆调休上班晴多云阴雾霾风月年时分周期农历黄天今室内北京杭州阵雷暴夹浮尘扬沙热冷未知准备企微签到签退记得记录工宜忌专注拖延每同步已连接失败扫描下载上传清除天气五周额度暂无数据不可用剩余温湿度设备搜索蓝牙正在读取状态轨迹服务器再次短按返回主屏完成空闲发现条取消令位例冰冻命如存少强待断毛等米纬经置要试请超送重雹需响应拒绝解锁间伴有极端降细特到薄浓度严重龙卷缓边流式停止任启批未来后台接口出行会友签约学习整理沐浴扫舍动土搬家远开仓争执祭祀祈福嫁娶纳采开市安床修造入宅交易求医栽种破土安葬赴任于住先克具写冲创制却厂只地址字定实客就帧建志忽恢户手指提握播文新方更束松标栈样模没烧片率生略的绪编话询语跑轮部键非音频麦°，。！？：；（）、 --size 14 --bpp 1 --no-compress --format lvgl --lv-font-name lv_font_zh_14 --no-kerning -o D:\wangcw\Documents\github\deskwong/firmware/components/app_ui/font_zh_14.c
 ******************************************************************************/

#ifdef LV_LVGL_H_INCLUDE_SIMPLE
#include "lvgl.h"
#else
#include "lvgl/lvgl.h"
#endif

#ifndef LV_FONT_ZH_14
#define LV_FONT_ZH_14 1
#endif

#if LV_FONT_ZH_14

/*-----------------
 *    BITMAPS
 *----------------*/

/*Store the image of the glyphs*/
static LV_ATTRIBUTE_LARGE_CONST const uint8_t glyph_bitmap[] = {
    /* U+0020 " " */
    0x0,

    /* U+0021 "!" */
    0xff, 0x20,

    /* U+0022 "\"" */
    0xb6, 0x80,

    /* U+0023 "#" */
    0x28, 0xa4, 0xbf, 0x49, 0x2f, 0xd4, 0x51, 0x40,

    /* U+0024 "$" */
    0x21, 0x1d, 0x5a, 0xf1, 0x86, 0x2d, 0x6a, 0xe2,
    0x10,

    /* U+0025 "%" */
    0xea, 0xab, 0x2c, 0xf0, 0x73, 0x55, 0x55, 0x70,

    /* U+0026 "&" */
    0x31, 0x24, 0x94, 0x61, 0x89, 0x67, 0x8d, 0xf0,

    /* U+0027 "'" */
    0xe0,

    /* U+0028 "(" */
    0x2, 0x44, 0x88, 0x88, 0x88, 0x42, 0x20,

    /* U+0029 ")" */
    0x4, 0x22, 0x11, 0x11, 0x11, 0x24, 0x40,

    /* U+002A "*" */
    0x10, 0x21, 0xf1, 0xcf, 0xc2, 0x4, 0x0,

    /* U+002B "+" */
    0x10, 0x23, 0xf8, 0x81, 0x2, 0x0,

    /* U+002C "," */
    0xc0,

    /* U+002D "-" */
    0xfe,

    /* U+002E "." */
    0x80,

    /* U+002F "/" */
    0x4, 0x8, 0x20, 0x41, 0x2, 0x8, 0x10, 0x40,
    0x82, 0x0,

    /* U+0030 "0" */
    0x39, 0x24, 0x51, 0x86, 0x18, 0x51, 0x4c, 0xe0,
    0x0,

    /* U+0031 "1" */
    0x2e, 0x92, 0x49, 0x24,

    /* U+0032 "2" */
    0x7b, 0x28, 0xc2, 0x8, 0x43, 0x18, 0xc3, 0xf0,

    /* U+0033 "3" */
    0x74, 0x62, 0x13, 0xc, 0x31, 0x8b, 0x80,

    /* U+0034 "4" */
    0x8, 0x30, 0x61, 0x46, 0x89, 0x22, 0x7f, 0x8,
    0x10,

    /* U+0035 "5" */
    0x7d, 0x4, 0x1e, 0x4c, 0x10, 0x61, 0x4d, 0xe0,

    /* U+0036 "6" */
    0x10, 0xc2, 0x10, 0xfa, 0x18, 0x61, 0xcd, 0xe0,

    /* U+0037 "7" */
    0xfc, 0x10, 0x82, 0x10, 0x42, 0x8, 0x21, 0x80,

    /* U+0038 "8" */
    0x7a, 0x28, 0xe2, 0x73, 0x38, 0x61, 0xcd, 0xe0,

    /* U+0039 "9" */
    0x79, 0x38, 0x61, 0xcd, 0xe1, 0x84, 0x30, 0x80,

    /* U+003A ":" */
    0x82,

    /* U+003B ";" */
    0x83, 0x0,

    /* U+003C "<" */
    0x0, 0x10, 0x84, 0x21, 0x4, 0x8, 0x10, 0x30,
    0x40,

    /* U+003D "=" */
    0xfe, 0x0, 0x0, 0xf, 0xe0,

    /* U+003E ">" */
    0x1, 0x2, 0x4, 0x8, 0x10, 0x46, 0x31, 0x84,
    0x0,

    /* U+003F "?" */
    0x76, 0x62, 0x11, 0x18, 0x80, 0x1, 0x0,

    /* U+0040 "@" */
    0x38, 0x8b, 0xed, 0x5c, 0xbb, 0x74, 0xf6, 0x40,
    0x70,

    /* U+0041 "A" */
    0x10, 0x60, 0xa1, 0x42, 0x8d, 0x9f, 0x22, 0x45,
    0x8c,

    /* U+0042 "B" */
    0xf2, 0x28, 0xa2, 0xf2, 0x38, 0x61, 0x8f, 0xe0,

    /* U+0043 "C" */
    0x39, 0x38, 0x61, 0x82, 0x8, 0x61, 0x4c, 0xe0,

    /* U+0044 "D" */
    0xf2, 0x28, 0x61, 0x86, 0x18, 0x61, 0x8b, 0xc0,

    /* U+0045 "E" */
    0xfc, 0x21, 0xf, 0xc2, 0x10, 0x87, 0xc0,

    /* U+0046 "F" */
    0xfc, 0x21, 0xf, 0x42, 0x10, 0x84, 0x0,

    /* U+0047 "G" */
    0x39, 0x38, 0x60, 0x82, 0x78, 0x61, 0x4c, 0xf0,

    /* U+0048 "H" */
    0x86, 0x18, 0x61, 0xfe, 0x18, 0x61, 0x86, 0x10,

    /* U+0049 "I" */
    0xff, 0xc0,

    /* U+004A "J" */
    0x8, 0x42, 0x10, 0x86, 0x31, 0x8b, 0x80,

    /* U+004B "K" */
    0x8a, 0x4b, 0x28, 0xe3, 0xc9, 0x26, 0x8a, 0x30,

    /* U+004C "L" */
    0x84, 0x21, 0x8, 0x42, 0x10, 0x87, 0xc0,

    /* U+004D "M" */
    0xcf, 0x3c, 0xf3, 0xce, 0xdb, 0x6d, 0xb6, 0xd0,

    /* U+004E "N" */
    0x87, 0x1c, 0x79, 0xb6, 0xd9, 0xe3, 0x8e, 0x10,

    /* U+004F "O" */
    0x79, 0x28, 0x61, 0x86, 0x18, 0x61, 0x49, 0xe0,

    /* U+0050 "P" */
    0xfa, 0x38, 0x61, 0x8f, 0xe8, 0x20, 0x82, 0x0,

    /* U+0051 "Q" */
    0x79, 0x28, 0x61, 0x86, 0x19, 0x67, 0x4d, 0xf0,
    0x0,

    /* U+0052 "R" */
    0xfa, 0x38, 0x61, 0x8f, 0xe9, 0xa2, 0x8e, 0x10,

    /* U+0053 "S" */
    0x7a, 0x28, 0x70, 0x70, 0x60, 0x61, 0xcd, 0xe0,

    /* U+0054 "T" */
    0xfc, 0x82, 0x8, 0x20, 0x82, 0x8, 0x20, 0x80,

    /* U+0055 "U" */
    0x86, 0x18, 0x61, 0x86, 0x18, 0x61, 0xcd, 0xe0,

    /* U+0056 "V" */
    0xc6, 0x89, 0x12, 0x26, 0x85, 0xa, 0x14, 0x30,
    0x20,

    /* U+0057 "W" */
    0x97, 0x2f, 0xd7, 0xa6, 0xcd, 0x9b, 0x36, 0x6c,
    0x98,

    /* U+0058 "X" */
    0x44, 0x98, 0xa1, 0xc1, 0x6, 0xa, 0x34, 0x45,
    0x88,

    /* U+0059 "Y" */
    0x44, 0x88, 0xa1, 0x41, 0x2, 0x4, 0x8, 0x10,
    0x20,

    /* U+005A "Z" */
    0x7c, 0x10, 0x86, 0x10, 0xc6, 0x18, 0xc3, 0xf0,

    /* U+005B "[" */
    0xf8, 0x88, 0x88, 0x88, 0x88, 0x88, 0xf0,

    /* U+005C "\\" */
    0x84, 0x10, 0x84, 0x10, 0x84, 0x10, 0x82, 0x10,

    /* U+005D "]" */
    0xf1, 0x11, 0x11, 0x11, 0x11, 0x11, 0xf0,

    /* U+005E "^" */
    0x23, 0xa6,

    /* U+005F "_" */
    0xfe,

    /* U+0060 "`" */
    0x88, 0x80,

    /* U+0061 "a" */
    0x76, 0x46, 0xf8, 0xcd, 0xe0,

    /* U+0062 "b" */
    0x84, 0x21, 0xed, 0xc6, 0x31, 0xdf, 0x80,

    /* U+0063 "c" */
    0x7b, 0x38, 0x20, 0x87, 0x17, 0x80,

    /* U+0064 "d" */
    0x8, 0x42, 0xfd, 0xc6, 0x31, 0xdb, 0xc0,

    /* U+0065 "e" */
    0x73, 0x28, 0xbe, 0x83, 0x27, 0x80,

    /* U+0066 "f" */
    0x1c, 0x82, 0x3e, 0x20, 0x82, 0x8, 0x20, 0x80,

    /* U+0067 "g" */
    0x35, 0x24, 0x92, 0x71, 0x7, 0xe1, 0x78,

    /* U+0068 "h" */
    0x84, 0x21, 0x6c, 0xc6, 0x31, 0x8c, 0x40,

    /* U+0069 "i" */
    0x9f, 0xc0,

    /* U+006A "j" */
    0x10, 0x1, 0x11, 0x11, 0x11, 0x1e,

    /* U+006B "k" */
    0x84, 0x21, 0x3b, 0x53, 0xd2, 0x9c, 0x40,

    /* U+006C "l" */
    0xff, 0xc0,

    /* U+006D "m" */
    0xff, 0x26, 0x4c, 0x99, 0x32, 0x64, 0x80,

    /* U+006E "n" */
    0xb6, 0x63, 0x18, 0xc6, 0x20,

    /* U+006F "o" */
    0x7b, 0x38, 0x61, 0x87, 0x27, 0x80,

    /* U+0070 "p" */
    0xf6, 0xe3, 0x18, 0xef, 0xd0, 0x80,

    /* U+0071 "q" */
    0x7c, 0xe3, 0x18, 0xcd, 0xe1, 0x8,

    /* U+0072 "r" */
    0xbc, 0x88, 0x88, 0x80,

    /* U+0073 "s" */
    0x74, 0x60, 0xe0, 0xc5, 0xc0,

    /* U+0074 "t" */
    0x20, 0x8f, 0x88, 0x20, 0x82, 0x8, 0x1c,

    /* U+0075 "u" */
    0x8c, 0x63, 0x18, 0xcd, 0xa0,

    /* U+0076 "v" */
    0x45, 0x14, 0x8a, 0x28, 0xc1, 0x0,

    /* U+0077 "w" */
    0x93, 0x69, 0xd3, 0x66, 0xcd, 0x9a, 0x0,

    /* U+0078 "x" */
    0x44, 0xa3, 0x84, 0x29, 0xa4, 0x40,

    /* U+0079 "y" */
    0x45, 0x14, 0x8a, 0x28, 0xc1, 0x4, 0x60,

    /* U+007A "z" */
    0xf8, 0xc4, 0x44, 0x63, 0xe0,

    /* U+007B "{" */
    0x69, 0x24, 0xb2, 0x49, 0x26,

    /* U+007C "|" */
    0xff, 0xfe,

    /* U+007D "}" */
    0xc9, 0x24, 0x9a, 0x49, 0x2c,

    /* U+007E "~" */
    0x45, 0x46,

    /* U+00B0 "°" */
    0xf7, 0x80,

    /* U+3001 "、" */
    0x19, 0x30,

    /* U+3002 "。" */
    0xf7, 0x80,

    /* U+4E00 "一" */
    0xff, 0xf0,

    /* U+4E03 "七" */
    0x4, 0x0, 0x20, 0x1, 0x0, 0x8, 0x70, 0x7e,
    0x1f, 0x3, 0x90, 0x0, 0x80, 0x4, 0x0, 0x20,
    0x81, 0x6, 0xf, 0xe0,

    /* U+4E09 "三" */
    0x7f, 0xe0, 0x0, 0x0, 0x0, 0x0, 0x3f, 0xc0,
    0x0, 0x0, 0x0, 0x0, 0x0, 0xf, 0xff,

    /* U+4E0A "上" */
    0x4, 0x0, 0x40, 0x4, 0x0, 0x40, 0x7, 0xe0,
    0x40, 0x4, 0x0, 0x40, 0x4, 0x0, 0x40, 0x4,
    0xf, 0xff,

    /* U+4E0B "下" */
    0xff, 0xf0, 0x40, 0x4, 0x0, 0x40, 0x5, 0x80,
    0x4c, 0x4, 0x60, 0x42, 0x4, 0x0, 0x40, 0x4,
    0x0,

    /* U+4E0D "不" */
    0xff, 0xf0, 0x20, 0x4, 0x0, 0xc0, 0x1d, 0x83,
    0x4c, 0x64, 0x6c, 0x43, 0x4, 0x0, 0x40, 0x4,
    0x0, 0x40,

    /* U+4E13 "专" */
    0x4, 0x0, 0x40, 0x7f, 0xe0, 0xc0, 0xff, 0xf0,
    0x80, 0x18, 0x1, 0xfc, 0x0, 0xc0, 0x18, 0xf,
    0x0, 0x38,

    /* U+4E25 "严" */
    0x7f, 0xf8, 0x24, 0x9, 0x2c, 0x29, 0x40, 0x48,
    0x1f, 0xfc, 0x80, 0x4, 0x0, 0x20, 0x3, 0x0,
    0x10, 0x1, 0x80, 0x0, 0x0, 0x0,

    /* U+4E2D "中" */
    0x4, 0x0, 0x83, 0xff, 0xc2, 0x18, 0x43, 0x8,
    0x61, 0xf, 0xff, 0x4, 0x0, 0x80, 0x10, 0x2,
    0x0,

    /* U+4E3B "主" */
    0x4, 0x0, 0x10, 0x0, 0x80, 0xff, 0xe0, 0x20,
    0x1, 0x0, 0xff, 0x80, 0x40, 0x2, 0x0, 0x10,
    0x0, 0x81, 0xff, 0xf0,

    /* U+4E5D "九" */
    0x8, 0x0, 0x80, 0x8, 0x7, 0xf8, 0x8, 0x80,
    0x88, 0x10, 0x81, 0x8, 0x10, 0x82, 0x9, 0x60,
    0x9c, 0xf,

    /* U+4E60 "习" */
    0x7f, 0xc0, 0x12, 0x4, 0x61, 0xc, 0x40, 0x10,
    0x74, 0x61, 0x60, 0x40, 0x10, 0x3c,

    /* U+4E89 "争" */
    0x0, 0x1, 0x0, 0x3f, 0x4, 0x20, 0xbf, 0xc0,
    0x44, 0xff, 0xf0, 0x44, 0x4, 0x47, 0xfc, 0x4,
    0x40, 0x40, 0xc, 0x0, 0x80,

    /* U+4E8C "二" */
    0x7f, 0xe0, 0x0, 0x0, 0x0, 0x0, 0x0, 0x0,
    0x0, 0x0, 0x0, 0x0, 0xff, 0xf0,

    /* U+4E8E "于" */
    0x3f, 0xe0, 0x10, 0x0, 0x80, 0x4, 0x0, 0x20,
    0x7f, 0xfc, 0x8, 0x0, 0x40, 0x2, 0x0, 0x10,
    0x0, 0x80, 0x1c, 0x0,

    /* U+4E91 "云" */
    0x3f, 0xe0, 0x0, 0x0, 0xf, 0xff, 0xc, 0x0,
    0x80, 0x19, 0x81, 0xc, 0x20, 0x47, 0xfe, 0x0,
    0x20,

    /* U+4E94 "五" */
    0x7f, 0xf0, 0x40, 0x4, 0x0, 0x40, 0x7f, 0xc0,
    0xc4, 0x8, 0x40, 0x84, 0x8, 0x4f, 0xff,

    /* U+4EA4 "交" */
    0x4, 0x0, 0x60, 0xff, 0xf1, 0x8, 0x30, 0xc6,
    0xb, 0x18, 0x80, 0x90, 0xe, 0x0, 0x60, 0x19,
    0x8e, 0x7,

    /* U+4EAC "京" */
    0x4, 0x0, 0x60, 0xff, 0xf0, 0x0, 0x3f, 0xc2,
    0x4, 0x20, 0x43, 0xfc, 0x2, 0x3, 0x2c, 0x62,
    0x6c, 0x63, 0xc, 0x0,

    /* U+4ECA "今" */
    0x4, 0x0, 0xe0, 0x9, 0x1, 0x18, 0x2c, 0xcc,
    0x67, 0x80, 0x3, 0xfc, 0x0, 0x80, 0x18, 0x1,
    0x0, 0x20, 0x2, 0x0,

    /* U+4ED3 "仓" */
    0x6, 0x0, 0x60, 0x9, 0x1, 0xc, 0x60, 0x7d,
    0xf9, 0x10, 0x81, 0x8, 0x13, 0x81, 0x0, 0x10,
    0x21, 0xfe,

    /* U+4EE4 "令" */
    0x3, 0x0, 0xc, 0x0, 0x58, 0x2, 0x30, 0x32,
    0x31, 0x84, 0x74, 0x0, 0xf, 0xfc, 0x0, 0x60,
    0x3, 0x0, 0xd8, 0x0, 0xc0, 0x0, 0x80,

    /* U+4EFB "任" */
    0x10, 0x0, 0x83, 0x89, 0xe0, 0x41, 0x6, 0x8,
    0x70, 0x40, 0xbf, 0xe4, 0x10, 0x20, 0x81, 0x4,
    0x8, 0x20, 0x4f, 0xe2, 0x0, 0x0,

    /* U+4F01 "企" */
    0x2, 0x0, 0x30, 0x3, 0x40, 0x33, 0x3, 0x2e,
    0x31, 0x3a, 0x8, 0x42, 0x7c, 0x12, 0x0, 0x90,
    0x4, 0x80, 0x24, 0x7, 0xff, 0x0,

    /* U+4F11 "休" */
    0x31, 0x1, 0x8, 0x8, 0x40, 0xdf, 0xe6, 0x38,
    0x51, 0xc0, 0x8f, 0x4, 0xa8, 0x2d, 0x21, 0xc9,
    0xc8, 0x40, 0x42, 0x0,

    /* U+4F1A "会" */
    0x2, 0x0, 0x30, 0x1, 0x40, 0x31, 0x83, 0x6,
    0x7f, 0xec, 0x0, 0x0, 0x0, 0x7f, 0xf0, 0x20,
    0x2, 0x20, 0x20, 0x83, 0xfe, 0x0, 0x10,

    /* U+4F20 "传" */
    0x11, 0x1, 0x88, 0xb, 0xfc, 0xc2, 0x6, 0xff,
    0xd1, 0x2, 0x88, 0x4, 0x7c, 0x20, 0x21, 0x12,
    0x8, 0x70, 0x40, 0xc0,

    /* U+4F34 "伴" */
    0x10, 0x80, 0xa4, 0x89, 0x24, 0x45, 0x46, 0x8,
    0x77, 0xfa, 0x82, 0x4, 0x10, 0x2f, 0xf9, 0x4,
    0x8, 0x20, 0x41, 0x0,

    /* U+4F46 "但" */
    0x30, 0x1, 0x3f, 0x89, 0x4, 0xc8, 0x26, 0x7f,
    0x52, 0x8, 0x90, 0x44, 0x82, 0x27, 0xf1, 0x0,
    0x8, 0x0, 0x5f, 0xf0,

    /* U+4F4D "位" */
    0x0, 0x1, 0x8c, 0x8, 0x20, 0x5f, 0xe6, 0x0,
    0x32, 0x12, 0x99, 0x84, 0x48, 0x22, 0x41, 0x12,
    0x8, 0x30, 0x5f, 0xf2, 0x0, 0x0,

    /* U+4F4F "住" */
    0x0, 0x1, 0x84, 0xc, 0x20, 0x4f, 0xf6, 0x8,
    0x70, 0x42, 0x82, 0x4, 0xfe, 0x20, 0x81, 0x4,
    0x8, 0x20, 0x41, 0x2, 0x7f, 0x80,

    /* U+4F59 "余" */
    0x2, 0x0, 0x30, 0x3, 0x40, 0x31, 0x83, 0x7,
    0xf7, 0xc8, 0x8, 0x0, 0x40, 0x3f, 0xe0, 0x10,
    0x6, 0x90, 0x44, 0x44, 0x62, 0x0,

    /* U+4F8B "例" */
    0x10, 0x9, 0x78, 0x49, 0x12, 0xc8, 0x96, 0x74,
    0xf4, 0xa4, 0xb5, 0x24, 0xe9, 0x23, 0x49, 0x10,
    0x49, 0x2, 0x50, 0x70,

    /* U+4FDD "保" */
    0x0, 0x0, 0xbf, 0x9, 0x8, 0x48, 0x46, 0x7e,
    0x30, 0x42, 0x82, 0x5, 0xff, 0x23, 0xc1, 0x15,
    0x9, 0x2c, 0x51, 0x32, 0x8, 0x0,

    /* U+4FEE "修" */
    0x0, 0x0, 0x46, 0x3, 0x1f, 0x8, 0x4c, 0x6a,
    0xa1, 0xa9, 0xe, 0xbb, 0xca, 0x90, 0x29, 0x80,
    0xa1, 0x82, 0x99, 0x88, 0x1c, 0x27, 0x80,

    /* U+505C "停" */
    0x10, 0x81, 0x3f, 0xc8, 0x0, 0xcf, 0xc6, 0x42,
    0x73, 0xf2, 0x80, 0x5, 0xff, 0x28, 0x9, 0x3f,
    0x88, 0x20, 0x41, 0x2, 0x18, 0x0,

    /* U+5143 "元" */
    0x7f, 0xc0, 0x0, 0x0, 0xf, 0xfe, 0x13, 0x1,
    0x30, 0x13, 0x1, 0x30, 0x33, 0x6, 0x31, 0xc1,
    0xf0,

    /* U+5148 "先" */
    0x32, 0x2, 0x20, 0x3f, 0xe4, 0x20, 0x2, 0xf,
    0xff, 0x9, 0x0, 0x90, 0x19, 0x1, 0x10, 0x21,
    0x1c, 0x1e,

    /* U+514B "克" */
    0x4, 0xf, 0xfe, 0x4, 0x0, 0x40, 0x7f, 0x84,
    0x8, 0x40, 0x87, 0xf8, 0x12, 0x3, 0x20, 0x62,
    0x3c, 0x3e,

    /* U+5165 "入" */
    0xc, 0x0, 0x30, 0x0, 0x80, 0x6, 0x0, 0x30,
    0x3, 0x40, 0x12, 0x1, 0x88, 0x18, 0x61, 0x81,
    0x98, 0x6, 0x80, 0x10,

    /* U+516B "八" */
    0x0, 0x80, 0x44, 0x2, 0x20, 0x11, 0x0, 0x88,
    0xc, 0x20, 0x41, 0x2, 0x8, 0x30, 0x61, 0x1,
    0x10, 0x4, 0x80, 0x20,

    /* U+516D "六" */
    0x0, 0x0, 0x40, 0x6, 0x0, 0x0, 0xff, 0xf0,
    0x0, 0x0, 0x1, 0x98, 0x10, 0xc2, 0x6, 0x60,
    0x2c, 0x2,

    /* U+5173 "关" */
    0x11, 0x1, 0x10, 0x11, 0x7, 0xfe, 0x4, 0x0,
    0x40, 0xff, 0xe0, 0x60, 0xa, 0x1, 0x98, 0x60,
    0xfc, 0x2,

    /* U+5177 "具" */
    0x3f, 0xc2, 0x4, 0x3f, 0xc2, 0x4, 0x3f, 0xc2,
    0x4, 0x3f, 0xc2, 0x4, 0xff, 0xf1, 0x0, 0x31,
    0xce, 0x3,

    /* U+5185 "内" */
    0x4, 0x0, 0x83, 0xff, 0xc2, 0x18, 0x43, 0x1c,
    0x62, 0xcd, 0x85, 0xa0, 0x30, 0x6, 0x0, 0xc0,
    0x70,

    /* U+518D "再" */
    0x7f, 0xf0, 0x10, 0x0, 0x80, 0x7f, 0xc2, 0x22,
    0x1f, 0xf0, 0x88, 0x84, 0x44, 0xff, 0xf9, 0x1,
    0x8, 0x8, 0x40, 0xc0,

    /* U+5199 "写" */
    0xff, 0xf8, 0x1, 0x90, 0x11, 0x0, 0x1f, 0xc3,
    0x0, 0x3f, 0xe0, 0x2, 0x0, 0x2f, 0xf2, 0x0,
    0x20, 0x1c,

    /* U+519C "农" */
    0x2, 0x0, 0x60, 0x7f, 0xe4, 0x42, 0xc, 0x0,
    0xe4, 0x12, 0xc7, 0x38, 0xd1, 0x1, 0xc, 0x1c,
    0x61, 0x82, 0x0, 0x0,

    /* U+51AC "冬" */
    0x0, 0x1, 0x80, 0x1f, 0xc3, 0xc, 0x69, 0x84,
    0x70, 0xf, 0x7, 0x8f, 0xce, 0x30, 0x30, 0x0,
    0x1, 0xe0, 0x3, 0x80,

    /* U+51B0 "冰" */
    0x1, 0x8, 0x10, 0x41, 0x21, 0xd2, 0x5, 0xc2,
    0x58, 0x25, 0xc4, 0xd4, 0xc9, 0x69, 0x93, 0x11,
    0x0, 0x30,

    /* U+51B2 "冲" */
    0x1, 0x10, 0x21, 0x3f, 0x94, 0x90, 0x92, 0x12,
    0x4a, 0x49, 0x7f, 0x49, 0x38, 0x22, 0x4, 0x0,
    0x80,

    /* U+51B7 "冷" */
    0x0, 0x80, 0x6, 0x6, 0x14, 0xc, 0xd8, 0x6,
    0xb0, 0x33, 0x61, 0x0, 0x9, 0xfc, 0x20, 0x21,
    0x89, 0x84, 0x1c, 0x0, 0x30, 0x0, 0x40,

    /* U+51BB "冻" */
    0x1, 0x82, 0x8, 0x1b, 0xfe, 0x64, 0x0, 0x28,
    0x2, 0x40, 0x1f, 0xc4, 0x10, 0x22, 0x92, 0x24,
    0x93, 0x22, 0x13, 0x0, 0x10, 0x0,

    /* U+51C6 "准" */
    0x6, 0x84, 0x40, 0x27, 0xf2, 0xc8, 0xc, 0x80,
    0xff, 0x24, 0x82, 0x7f, 0x64, 0x84, 0x48, 0xc7,
    0xf0, 0x40,

    /* U+51FA "出" */
    0x4, 0x0, 0x81, 0x11, 0x22, 0x24, 0x44, 0xff,
    0xa1, 0x1c, 0x22, 0x84, 0x50, 0x8b, 0xff, 0x0,
    0x30,

    /* U+5206 "分" */
    0x9, 0x0, 0x8c, 0xc, 0x20, 0x40, 0x86, 0x3,
    0x7f, 0xe8, 0x21, 0x1, 0x8, 0x8, 0xc0, 0x84,
    0xc, 0x21, 0xc3, 0x0,

    /* U+521B "创" */
    0x8, 0x11, 0xc1, 0x32, 0x96, 0x19, 0xfe, 0x92,
    0x29, 0x22, 0x92, 0x29, 0x2c, 0x92, 0x1, 0x21,
    0x13, 0xe3,

    /* U+521D "初" */
    0x10, 0x0, 0x9f, 0xc0, 0x22, 0xf1, 0x10, 0x88,
    0x8a, 0x44, 0xd2, 0x2f, 0x11, 0xd5, 0x8, 0x88,
    0x44, 0xc2, 0x24, 0x71, 0x47, 0x0,

    /* U+5230 "到" */
    0xfe, 0x13, 0x9, 0x2c, 0x94, 0x69, 0xfe, 0x91,
    0x9, 0x10, 0x9f, 0xe9, 0x10, 0x91, 0x61, 0xfc,
    0x10, 0x7,

    /* U+5236 "制" */
    0x48, 0xb, 0xfa, 0x52, 0x12, 0x10, 0x9f, 0xf4,
    0x84, 0x25, 0xfd, 0x29, 0x29, 0x49, 0x4a, 0x48,
    0x52, 0xc2, 0x10, 0x70,

    /* U+524D "前" */
    0x8, 0x40, 0x44, 0x3f, 0xfe, 0x0, 0x7, 0xc3,
    0x22, 0x49, 0x12, 0x4f, 0x92, 0x44, 0x93, 0xe4,
    0x91, 0x4, 0x98, 0xc0,

    /* U+5269 "剩" */
    0x2, 0x17, 0xc1, 0x8, 0x57, 0xf5, 0x2a, 0x56,
    0xb5, 0x2a, 0x5e, 0xb5, 0x1c, 0x53, 0xa1, 0x69,
    0x10, 0x83,

    /* U+529F "功" */
    0x1, 0x0, 0x10, 0xf9, 0x2, 0x7f, 0x21, 0x12,
    0x11, 0x21, 0x12, 0x11, 0x3a, 0x1e, 0x21, 0x4,
    0x10, 0xce, 0x8, 0x0,

    /* U+52A1 "务" */
    0x8, 0x0, 0xff, 0x7, 0x10, 0xcd, 0x0, 0x30,
    0x3e, 0x7d, 0x8, 0x7, 0xfc, 0x6, 0x20, 0x21,
    0x6, 0x8, 0xe1, 0x80,

    /* U+52A8 "动" */
    0x0, 0x80, 0x8, 0x78, 0x80, 0x3f, 0x0, 0x9f,
    0xc9, 0x20, 0x92, 0x89, 0x48, 0x94, 0xd1, 0xf5,
    0x10, 0x21, 0x6, 0x60,

    /* U+52B3 "劳" */
    0x11, 0x1f, 0xfc, 0x44, 0x0, 0xf, 0xff, 0x8,
    0x63, 0xb, 0xfe, 0x8, 0x43, 0x8, 0xc2, 0x70,
    0xc8, 0x0,

    /* U+5316 "化" */
    0x11, 0x1, 0x88, 0x8, 0x44, 0xc2, 0x46, 0x14,
    0x50, 0xc0, 0x8c, 0x4, 0xe0, 0x29, 0x1, 0x8,
    0x8, 0x46, 0x43, 0xe0,

    /* U+5317 "北" */
    0x9, 0x0, 0x48, 0x2, 0x40, 0x12, 0x67, 0x96,
    0x4, 0xc0, 0x24, 0x1, 0x20, 0x9, 0x0, 0xc8,
    0xba, 0x44, 0x13, 0xe0,

    /* U+533B "医" */
    0xff, 0xf8, 0x0, 0x88, 0x9, 0xfc, 0xb2, 0x8,
    0x20, 0xbf, 0xe8, 0x60, 0x85, 0x8b, 0x86, 0x80,
    0xf, 0xff,

    /* U+5341 "十" */
    0x2, 0x0, 0x10, 0x0, 0x80, 0x4, 0x0, 0x20,
    0x7f, 0xfc, 0x8, 0x0, 0x40, 0x2, 0x0, 0x10,
    0x0, 0x80, 0x4, 0x0,

    /* U+5348 "午" */
    0x10, 0x1, 0x0, 0x3f, 0xe6, 0x20, 0xc2, 0x0,
    0x20, 0xff, 0xf0, 0x20, 0x2, 0x0, 0x20, 0x2,
    0x0, 0x20,

    /* U+5374 "却" */
    0x10, 0x7, 0xcf, 0x10, 0x91, 0x9, 0x10, 0x9f,
    0xe9, 0x20, 0x92, 0x9, 0x44, 0x9d, 0xeb, 0xa2,
    0x80, 0x8,

    /* U+5377 "卷" */
    0x6, 0x2, 0x44, 0x4, 0x87, 0xfe, 0x4, 0x0,
    0x80, 0xff, 0xf1, 0x8, 0x3f, 0xfd, 0x9, 0x13,
    0x81, 0x6, 0x1f, 0xc0,

    /* U+5382 "厂" */
    0x3f, 0xf9, 0x0, 0x8, 0x0, 0x40, 0x2, 0x0,
    0x10, 0x0, 0x80, 0x4, 0x0, 0x20, 0x2, 0x0,
    0x10, 0x0, 0x80, 0x0,

    /* U+5386 "历" */
    0x3f, 0xf2, 0x10, 0x21, 0x2, 0x10, 0x21, 0x2,
    0xff, 0x21, 0x12, 0x11, 0x22, 0x16, 0x21, 0x64,
    0x34, 0xc7, 0x48, 0x40,

    /* U+53CA "及" */
    0x3f, 0xe0, 0x42, 0x2, 0x30, 0x11, 0x0, 0x8e,
    0xe, 0x10, 0x51, 0x82, 0x48, 0x21, 0x83, 0xc,
    0x31, 0x98, 0x30, 0x30,

    /* U+53CB "友" */
    0x6, 0x0, 0x30, 0x1f, 0xfe, 0x8, 0x0, 0x40,
    0x3, 0xf0, 0x30, 0x83, 0x88, 0x12, 0x41, 0xc,
    0x18, 0xf0, 0x1c, 0x71, 0x0, 0x0,

    /* U+53D1 "发" */
    0x24, 0x82, 0x44, 0x44, 0x7, 0xff, 0x8, 0x0,
    0x80, 0x1f, 0xc1, 0x84, 0x24, 0x86, 0x70, 0x83,
    0x1, 0xce, 0x30, 0x30,

    /* U+53D6 "取" */
    0xfc, 0x4, 0xbe, 0x49, 0x27, 0x92, 0x49, 0x24,
    0x94, 0x79, 0x44, 0x8c, 0x4c, 0x8f, 0x94, 0x8b,
    0x30, 0xa0,

    /* U+53E3 "口" */
    0xff, 0xe0, 0x18, 0x6, 0x1, 0x80, 0x60, 0x18,
    0x6, 0x1, 0xff, 0xe0, 0x10,

    /* U+53EA "只" */
    0x3f, 0xc2, 0x4, 0x20, 0x42, 0x4, 0x20, 0x42,
    0x4, 0x3f, 0xc0, 0x0, 0x19, 0x83, 0xc, 0x60,
    0x6c, 0x3, 0x0, 0x0,

    /* U+53EF "可" */
    0xff, 0xf0, 0x4, 0x3e, 0x42, 0x24, 0x22, 0x42,
    0x24, 0x3e, 0x42, 0x24, 0x0, 0x40, 0x4, 0x1,
    0xc0,

    /* U+53F0 "台" */
    0x8, 0x3, 0x0, 0x46, 0x10, 0x6f, 0xff, 0xe0,
    0x40, 0x3, 0xfe, 0x40, 0x48, 0x9, 0xff, 0x20,
    0x20,

    /* U+53F2 "史" */
    0x2, 0x0, 0x10, 0x1f, 0xf8, 0x84, 0x44, 0x22,
    0x3f, 0xf0, 0x8, 0x6, 0x40, 0x1e, 0x0, 0x60,
    0x7, 0xc1, 0xc1, 0xe0,

    /* U+53F7 "号" */
    0x3f, 0xc2, 0x4, 0x20, 0x43, 0xfc, 0x0, 0xf,
    0xff, 0x10, 0x1, 0x0, 0x1f, 0xc0, 0x4, 0x0,
    0x40, 0x38,

    /* U+540C "同" */
    0xff, 0xf0, 0x6, 0x0, 0xdf, 0xd8, 0x3, 0x3e,
    0x64, 0x4c, 0x89, 0x9f, 0x30, 0x6, 0x0, 0xc0,
    0x30,

    /* U+540D "名" */
    0x8, 0x1, 0x0, 0x7f, 0x18, 0x26, 0x88, 0x9a,
    0x1, 0x80, 0x60, 0x3f, 0xfa, 0x4, 0x40, 0x8f,
    0xf1, 0x2,

    /* U+540E "后" */
    0x0, 0x71, 0xfc, 0x8, 0x0, 0x40, 0x3, 0xff,
    0x90, 0x0, 0xbf, 0xc5, 0x2, 0x28, 0x12, 0x40,
    0x93, 0xfc, 0x90, 0x20,

    /* U+542F "启" */
    0x2, 0x0, 0x60, 0xff, 0x90, 0x12, 0x2, 0x7f,
    0xc8, 0x1, 0x0, 0x3f, 0xef, 0x5, 0x60, 0xef,
    0xf9, 0x82,

    /* U+5468 "周" */
    0x3f, 0xf2, 0x21, 0x22, 0x12, 0xf9, 0x22, 0x13,
    0xfd, 0x20, 0x12, 0xf9, 0x28, 0x94, 0xf9, 0x40,
    0x14, 0x7,

    /* U+547D "命" */
    0x2, 0x0, 0x30, 0x3, 0x40, 0x31, 0x82, 0xff,
    0x20, 0x8, 0xf7, 0x84, 0xa4, 0x25, 0x21, 0xe9,
    0x9, 0x58, 0x2, 0x0, 0x10, 0x0,

    /* U+54CD "响" */
    0x3, 0x0, 0x20, 0xef, 0xfa, 0x81, 0xa8, 0x1a,
    0xbd, 0xaa, 0x5a, 0xa5, 0xaa, 0x5e, 0xbd, 0xa8,
    0x10, 0x81, 0x8, 0x30,

    /* U+5668 "器" */
    0x3d, 0xf1, 0x28, 0x8f, 0x7c, 0x4, 0x87, 0xff,
    0x83, 0xc0, 0x63, 0xec, 0x3, 0x3d, 0xf1, 0x28,
    0x8f, 0x7c, 0x4a, 0x20,

    /* U+56DB "四" */
    0xff, 0xf1, 0x46, 0x28, 0xc5, 0x19, 0xa3, 0x24,
    0x68, 0xec, 0x1, 0x80, 0x3f, 0xfe, 0x0, 0x80,

    /* U+56DE "回" */
    0xff, 0xf0, 0x6, 0x0, 0xcf, 0x99, 0x13, 0x22,
    0x64, 0x4c, 0xf9, 0x80, 0x30, 0x7, 0xff, 0xc0,
    0x10,

    /* U+56FD "国" */
    0xff, 0xf0, 0x6, 0xfe, 0xc2, 0x18, 0x43, 0x7f,
    0x61, 0x4c, 0x29, 0xbf, 0xb0, 0x6, 0x0, 0xff,
    0xf0,

    /* U+571F "土" */
    0x2, 0x0, 0x10, 0x0, 0x80, 0x4, 0x7, 0xff,
    0x1, 0x0, 0x8, 0x0, 0x40, 0x2, 0x0, 0x10,
    0x0, 0x81, 0xff, 0xf0,

    /* U+5728 "在" */
    0x2, 0x0, 0x30, 0x1f, 0xfe, 0x9, 0x0, 0x88,
    0xc, 0x40, 0xdf, 0xce, 0x10, 0x50, 0x80, 0x84,
    0x4, 0x20, 0x2f, 0xf0,

    /* U+5730 "地" */
    0x20, 0x1, 0x4, 0x9, 0x20, 0x49, 0x2f, 0x5f,
    0x17, 0x48, 0xb2, 0x44, 0x92, 0x24, 0xb1, 0x25,
    0xd, 0x21, 0x88, 0x10, 0x7f, 0x0,

    /* U+5740 "址" */
    0x20, 0x41, 0x2, 0x8, 0x10, 0x44, 0x8f, 0xa7,
    0x91, 0x20, 0x89, 0x4, 0x48, 0x2a, 0x43, 0xd2,
    0x30, 0x90, 0x1f, 0xf0,

    /* U+57DF "域" */
    0x20, 0xd0, 0x81, 0x42, 0xff, 0x88, 0x10, 0x77,
    0x50, 0x95, 0x42, 0x55, 0x9, 0x54, 0x27, 0x60,
    0xc1, 0x86, 0x36, 0x83, 0x36, 0x0, 0x80,

    /* U+5904 "处" */
    0x10, 0x81, 0x4, 0xf, 0xa0, 0x4d, 0xc6, 0x4b,
    0x32, 0x4a, 0xd2, 0x3, 0x90, 0x8, 0x80, 0xe4,
    0x9, 0xc1, 0x81, 0xe0,

    /* U+5907 "备" */
    0x8, 0x0, 0x40, 0x7, 0xf8, 0x60, 0x84, 0xd8,
    0x3, 0x83, 0xe3, 0xe7, 0xfc, 0x22, 0x21, 0x11,
    0xf, 0xf8, 0x44, 0x43, 0xfe, 0x0,

    /* U+590D "复" */
    0x8, 0x0, 0xff, 0x88, 0x0, 0xbf, 0xc1, 0xfe,
    0x8, 0x10, 0x3f, 0x1, 0xfc, 0x38, 0x41, 0x34,
    0x1, 0xe0, 0xf0, 0xf0,

    /* U+590F "夏" */
    0xff, 0xf0, 0x40, 0x3f, 0xe2, 0x6, 0x3f, 0xe3,
    0xfe, 0x20, 0x61, 0xf8, 0x3f, 0xc7, 0x88, 0xf,
    0x0, 0xf8, 0xf0, 0x70,

    /* U+591A "多" */
    0x8, 0x1, 0xfc, 0x20, 0x84, 0x90, 0x6, 0x1,
    0xd0, 0x67, 0xf0, 0xc2, 0x32, 0x60, 0x3c, 0x3,
    0x7, 0xc0, 0x40, 0x0,

    /* U+5927 "大" */
    0x2, 0x0, 0x10, 0x0, 0x80, 0x4, 0x7, 0xff,
    0x81, 0x0, 0xc, 0x0, 0xa0, 0xc, 0x80, 0x46,
    0xc, 0x19, 0xc0, 0x70, 0x0, 0x0,

    /* U+5929 "天" */
    0x3f, 0xe0, 0x10, 0x0, 0x80, 0x4, 0x7, 0xff,
    0x1, 0x0, 0x14, 0x0, 0xa0, 0x8, 0x80, 0xc2,
    0x18, 0xe, 0x80, 0x0,

    /* U+5931 "失" */
    0x6, 0x2, 0x60, 0x26, 0x7, 0xfe, 0x44, 0x0,
    0x40, 0xff, 0xf0, 0x60, 0xd, 0x1, 0x98, 0x30,
    0x7c, 0x1,

    /* U+5939 "夹" */
    0x4, 0x0, 0x40, 0xff, 0xe0, 0x44, 0x24, 0xc2,
    0x48, 0xff, 0xe0, 0x60, 0x9, 0x1, 0x18, 0x60,
    0xcc, 0x2,

    /* U+5982 "如" */
    0x10, 0x1, 0x0, 0x21, 0xff, 0xd1, 0x25, 0x12,
    0x51, 0x45, 0x14, 0x91, 0x69, 0x11, 0x91, 0x1d,
    0xf6, 0x11, 0xc1, 0x0,

    /* U+59CB "始" */
    0x20, 0x81, 0x8, 0x3e, 0x48, 0x54, 0x24, 0xff,
    0xa5, 0x1, 0x20, 0xa, 0x7e, 0x32, 0x11, 0xd0,
    0x98, 0xfd, 0x84, 0x20,

    /* U+5A36 "娶" */
    0xff, 0xe7, 0xd2, 0x44, 0xa7, 0xcc, 0x46, 0xef,
    0xf3, 0xc, 0xf, 0xff, 0x10, 0x81, 0xf0, 0x7,
    0xc7, 0x83,

    /* U+5AC1 "嫁" */
    0x41, 0x82, 0x7f, 0xbe, 0x4, 0xaf, 0xc5, 0x20,
    0x4a, 0xb2, 0x6f, 0x1c, 0xd4, 0x39, 0xa2, 0x94,
    0xb3, 0x25, 0x3, 0x0,

    /* U+5B57 "字" */
    0x0, 0x0, 0x60, 0x7f, 0xf4, 0x1, 0x0, 0x1,
    0xfc, 0x1, 0x80, 0x20, 0xff, 0xf0, 0x20, 0x2,
    0x0, 0x20, 0xe, 0x0,

    /* U+5B58 "存" */
    0x4, 0x0, 0xc0, 0x7f, 0xf0, 0x80, 0x10, 0x3,
    0x7f, 0x20, 0x66, 0x8, 0x2f, 0xf2, 0x8, 0x20,
    0x82, 0x8, 0x21, 0x80,

    /* U+5B66 "学" */
    0x48, 0xe6, 0x4c, 0x21, 0x8f, 0xff, 0x80, 0x13,
    0xf8, 0x3, 0x0, 0x40, 0xff, 0xf0, 0x40, 0x4,
    0x0, 0xc0,

    /* U+5B85 "宅" */
    0x4, 0x0, 0x83, 0xff, 0xc0, 0x10, 0x38, 0xf8,
    0x1, 0x0, 0x27, 0xff, 0x0, 0x80, 0x10, 0x83,
    0xf0,

    /* U+5B89 "安" */
    0x4, 0x0, 0x60, 0x7f, 0xe4, 0x2, 0x48, 0x2f,
    0xff, 0x10, 0x83, 0x18, 0xf, 0x0, 0x78, 0x38,
    0x66, 0x0,

    /* U+5B8C "完" */
    0x0, 0x0, 0x60, 0xff, 0xfc, 0x1, 0xc0, 0x13,
    0xfc, 0x0, 0xf, 0xff, 0x9, 0x0, 0x90, 0x19,
    0x3, 0x11, 0xe1, 0xf0, 0x0,

    /* U+5B9A "定" */
    0x6, 0x0, 0x10, 0x1f, 0xfc, 0x80, 0x23, 0xfe,
    0x1, 0x0, 0x48, 0x6, 0x7c, 0x22, 0x3, 0x90,
    0x13, 0x81, 0x87, 0xe0,

    /* U+5B9C "宜" */
    0x0, 0x0, 0x30, 0x3f, 0xfd, 0x0, 0x28, 0x1,
    0x1f, 0xe0, 0x81, 0x7, 0xf8, 0x20, 0x41, 0x2,
    0xf, 0xf0, 0x40, 0x8f, 0xff, 0x80,

    /* U+5B9E "实" */
    0x4, 0x0, 0x60, 0x7f, 0xf4, 0x3, 0x51, 0x30,
    0xd0, 0x61, 0x3, 0x10, 0x12, 0xf, 0xff, 0x2,
    0x0, 0xd8, 0x38, 0x64, 0x0,

    /* U+5BA2 "客" */
    0x2, 0x3, 0xff, 0xd3, 0x2, 0x9f, 0x91, 0x8c,
    0x13, 0xc0, 0x1e, 0xf, 0xf, 0x5f, 0xe0, 0x81,
    0x4, 0x8, 0x3f, 0xc0,

    /* U+5BA4 "室" */
    0x4, 0x0, 0x40, 0xff, 0xe8, 0x2, 0x0, 0x7,
    0xfc, 0x19, 0x87, 0xfc, 0x4, 0x47, 0xfc, 0x4,
    0x0, 0x40, 0xff, 0xf0,

    /* U+5BB6 "家" */
    0x4, 0x0, 0x20, 0x3f, 0xfd, 0x0, 0x2b, 0xf9,
    0x4, 0x0, 0xe1, 0x99, 0xb0, 0x12, 0x83, 0x74,
    0x26, 0x98, 0xc4, 0x78, 0xc0, 0x0,

    /* U+5BC6 "密" */
    0x2, 0x3, 0xff, 0xd1, 0x2, 0x4, 0x82, 0x8d,
    0x35, 0x84, 0x30, 0xa7, 0xfc, 0x42, 0x11, 0x10,
    0x88, 0x84, 0x7f, 0xe0,

    /* U+5BD2 "寒" */
    0x2, 0x3, 0xff, 0xd2, 0x22, 0x7f, 0xc0, 0x88,
    0x1f, 0xf3, 0xff, 0xe3, 0x8, 0x37, 0x3a, 0x44,
    0x41, 0xc0, 0x1, 0x0,

    /* U+5C0F "小" */
    0x4, 0x0, 0x80, 0x10, 0x2, 0x42, 0x48, 0x89,
    0x91, 0x16, 0x23, 0x84, 0x20, 0x80, 0x10, 0xe,
    0x0, 0x0,

    /* U+5C11 "少" */
    0x2, 0x0, 0x10, 0x4, 0x90, 0x24, 0xc2, 0x21,
    0x31, 0x1, 0x8, 0x80, 0x4c, 0x0, 0xc0, 0xc,
    0x3, 0x80, 0xf0, 0x0,

    /* U+5C18 "尘" */
    0x4, 0x0, 0x40, 0x24, 0xc4, 0x46, 0xc4, 0x38,
    0x0, 0x4, 0x0, 0x40, 0x7f, 0xe0, 0x40, 0x4,
    0xf, 0xff,

    /* U+5C31 "就" */
    0x20, 0x80, 0x85, 0x3f, 0xa8, 0x1, 0x7, 0xff,
    0x22, 0x41, 0xf3, 0x2, 0x18, 0x55, 0xc4, 0xaa,
    0xa4, 0xd4, 0x6c, 0xe0,

    /* U+5C4F "屏" */
    0x3f, 0xf1, 0x0, 0x8f, 0xfc, 0x40, 0x82, 0x24,
    0x17, 0xfc, 0x89, 0x4, 0x48, 0x7f, 0xfa, 0x12,
    0x11, 0x90, 0x98, 0x80,

    /* U+5DDE "州" */
    0x20, 0x24, 0x44, 0x88, 0x91, 0x1a, 0xbb, 0x55,
    0x6a, 0xbd, 0x11, 0x22, 0x28, 0x45, 0x8, 0xc1,
    0x10,

    /* U+5DE5 "工" */
    0x7f, 0xf0, 0x10, 0x0, 0x80, 0x4, 0x0, 0x20,
    0x1, 0x0, 0x8, 0x0, 0x40, 0x2, 0x7, 0xff,
    0xc0,

    /* U+5DF2 "已" */
    0xff, 0xc0, 0x4, 0x40, 0x44, 0x4, 0x7f, 0xc4,
    0x4, 0x40, 0x4, 0x0, 0x40, 0x34, 0x2, 0x7f,
    0xe0,

    /* U+5E02 "市" */
    0xc, 0x0, 0x40, 0xff, 0xf0, 0x40, 0x4, 0x7,
    0xfc, 0x44, 0x44, 0x44, 0x44, 0x44, 0x44, 0x45,
    0xc0, 0x40,

    /* U+5E27 "帧" */
    0x20, 0x81, 0x7, 0xfe, 0x21, 0x57, 0xea, 0xa1,
    0x55, 0x4a, 0xaa, 0x55, 0x52, 0xba, 0x95, 0xf,
    0x8, 0xcc, 0x4c, 0x30,

    /* U+5E38 "常" */
    0x24, 0x43, 0x4c, 0xff, 0xf8, 0x1, 0xbf, 0xd2,
    0x4, 0x3f, 0xc0, 0x40, 0x7f, 0xe4, 0x42, 0x44,
    0x24, 0x4e,

    /* U+5E74 "年" */
    0x8, 0x0, 0xc0, 0x7, 0xfc, 0x62, 0x2, 0x10,
    0x30, 0x80, 0x7f, 0xc2, 0x20, 0x11, 0x7, 0xff,
    0xc0, 0x40, 0x2, 0x0, 0x10, 0x0,

    /* U+5E86 "庆" */
    0x2, 0x0, 0x8, 0xf, 0xfe, 0x40, 0x2, 0x10,
    0x10, 0x80, 0xff, 0xc4, 0x30, 0x22, 0x81, 0x16,
    0x11, 0x18, 0x98, 0x6d, 0x81, 0x80,

    /* U+5E8A "床" */
    0x4, 0x0, 0x60, 0x7f, 0xe4, 0x20, 0x42, 0x4,
    0x20, 0x7f, 0xe4, 0x70, 0x47, 0x4, 0xac, 0xd2,
    0x6a, 0x22, 0x82, 0x0,

    /* U+5E94 "应" */
    0x3, 0x0, 0x8, 0xf, 0xfe, 0x40, 0x2, 0x0,
    0x11, 0x88, 0xa4, 0xc5, 0x34, 0x24, 0xa1, 0x22,
    0x18, 0x10, 0x80, 0x85, 0xff, 0xa0, 0x0,

    /* U+5EA6 "度" */
    0x0, 0x0, 0x60, 0x7f, 0xe4, 0x0, 0x48, 0x87,
    0xfe, 0x48, 0x84, 0xf8, 0x5f, 0xc4, 0x88, 0xc5,
    0x8, 0x70, 0xb8, 0xf0,

    /* U+5EF6 "延" */
    0x0, 0x67, 0xbe, 0x8, 0x20, 0x49, 0x4, 0x4e,
    0x3a, 0x70, 0x52, 0x1c, 0x90, 0x67, 0xf3, 0x0,
    0x16, 0x1, 0xf, 0xe0,

    /* U+5EFA "建" */
    0x1, 0x3, 0x3f, 0xb, 0xfc, 0x82, 0x44, 0x12,
    0x7b, 0xf0, 0x84, 0x14, 0xfc, 0x6f, 0xf3, 0x8,
    0x16, 0x41, 0x1f, 0xe0,

    /* U+5EFF "廿" */
    0x10, 0x81, 0x8, 0x10, 0x81, 0x8, 0xff, 0xf1,
    0x8, 0x10, 0x81, 0x8, 0x10, 0x81, 0xf8, 0x10,
    0x81, 0x8,

    /* U+5F00 "开" */
    0x7f, 0xf0, 0x88, 0x8, 0x80, 0x88, 0x8, 0x8f,
    0xff, 0x8, 0x80, 0x88, 0x10, 0x81, 0x8, 0x60,
    0x84, 0x8,

    /* U+5F02 "异" */
    0x3f, 0xc2, 0x4, 0x3f, 0xc2, 0x0, 0x20, 0x33,
    0xfe, 0x0, 0x0, 0x88, 0xff, 0xf1, 0x8, 0x30,
    0x86, 0x8,

    /* U+5F0F "式" */
    0x2, 0x80, 0x24, 0xff, 0xe0, 0x20, 0x2, 0x7,
    0xd0, 0x11, 0x1, 0x10, 0x10, 0x81, 0xe9, 0xe0,
    0x70, 0x2,

    /* U+5F3A "强" */
    0xf7, 0xe3, 0x42, 0x37, 0xef, 0x10, 0x81, 0x8,
    0x7f, 0xe5, 0x32, 0x7f, 0x25, 0x2, 0x10, 0x21,
    0x3e, 0xfd, 0x40, 0x10,

    /* U+5F53 "当" */
    0x4, 0x8, 0x85, 0x91, 0x1a, 0x60, 0x41, 0xff,
    0xc0, 0xb, 0xff, 0x0, 0x20, 0x7, 0xff, 0x80,
    0x10,

    /* U+5F55 "录" */
    0x3f, 0xe0, 0x3, 0xf, 0xf8, 0x0, 0x80, 0x4,
    0x7f, 0xfc, 0x8, 0x4, 0x4c, 0x17, 0xc0, 0xd4,
    0x1c, 0x98, 0x84, 0x60, 0x40, 0x0,

    /* U+5F85 "待" */
    0x11, 0x2, 0x10, 0x4f, 0xe9, 0x10, 0x2f, 0xf2,
    0x4, 0x60, 0x4a, 0xff, 0x24, 0x42, 0x64, 0x20,
    0x42, 0x8,

    /* U+5F97 "得" */
    0x17, 0xf1, 0x20, 0x99, 0xfc, 0xa8, 0x23, 0x7f,
    0x30, 0x3, 0x9f, 0xc5, 0xff, 0x24, 0x21, 0x21,
    0x8, 0x88, 0x41, 0xc0,

    /* U+5FAE "微" */
    0x44, 0x4d, 0x58, 0x95, 0xf3, 0xfa, 0x40, 0xad,
    0xea, 0xc0, 0xa5, 0xea, 0x52, 0xc5, 0x34, 0x52,
    0xa4, 0x31,

    /* U+5FCC "忌" */
    0x3f, 0xe0, 0x1, 0x0, 0x8, 0x7f, 0xc2, 0x0,
    0x10, 0xc, 0xff, 0xc0, 0x40, 0x51, 0x12, 0x80,
    0xe4, 0x1a, 0x3f, 0x80,

    /* U+5FD7 "志" */
    0x2, 0x0, 0x10, 0x1f, 0xfc, 0x4, 0x0, 0x20,
    0x1f, 0xf0, 0x0, 0x0, 0x44, 0x29, 0x32, 0x40,
    0xf2, 0x10, 0x1f, 0x80,

    /* U+5FFD "忽" */
    0x0, 0x1, 0x0, 0x3f, 0xc6, 0x94, 0xca, 0x41,
    0x24, 0x64, 0x40, 0x9c, 0x4, 0x5, 0x24, 0x50,
    0x29, 0xa, 0x1f, 0x80,

    /* U+6001 "态" */
    0x4, 0x0, 0x20, 0x3f, 0xfc, 0x12, 0x1, 0x88,
    0x1e, 0x23, 0x0, 0xc0, 0x40, 0x5a, 0x22, 0xc0,
    0xa6, 0x15, 0x1f, 0x0,

    /* U+603B "总" */
    0x0, 0x1, 0x18, 0x9, 0x3, 0xfc, 0x20, 0x42,
    0x4, 0x20, 0x43, 0xfc, 0x4, 0x5, 0x26, 0x52,
    0x3d, 0xc, 0x1f, 0x80,

    /* U+6062 "恢" */
    0x22, 0x1, 0x10, 0xb, 0xfd, 0xe4, 0xb, 0x48,
    0x53, 0xca, 0x9a, 0x85, 0x54, 0x31, 0x41, 0xa,
    0x9, 0x8c, 0x58, 0x20,

    /* U+60CA "惊" */
    0x0, 0x1, 0x4, 0x9, 0xfe, 0x60, 0x7, 0x80,
    0x55, 0xf8, 0x88, 0x44, 0x7e, 0x20, 0x81, 0x15,
    0x89, 0x24, 0x59, 0x12, 0x18, 0x0,

    /* U+6210 "成" */
    0x0, 0x80, 0x2, 0xc0, 0x9, 0xf, 0xfe, 0x20,
    0x80, 0x82, 0x43, 0xc9, 0x9, 0x3c, 0x24, 0x60,
    0x91, 0x82, 0xce, 0x52, 0x6f, 0x46, 0x18,

    /* U+6237 "户" */
    0x2, 0x0, 0x20, 0x0, 0x3, 0xff, 0x20, 0x12,
    0x1, 0x20, 0x13, 0xff, 0x20, 0x12, 0x0, 0x60,
    0x4, 0x0, 0xc0, 0x0,

    /* U+624B "手" */
    0x0, 0xe3, 0xfe, 0x0, 0x80, 0x4, 0x3, 0xfe,
    0x1, 0x0, 0x8, 0x1f, 0xff, 0x2, 0x0, 0x10,
    0x0, 0x80, 0x1c, 0x0,

    /* U+6267 "执" */
    0x21, 0x1, 0x8, 0x8, 0x41, 0xef, 0xc2, 0x12,
    0x10, 0x90, 0xdc, 0x9c, 0x24, 0x22, 0xa1, 0x11,
    0x9, 0xe, 0xd8, 0x30, 0x0, 0x0,

    /* U+626B "扫" */
    0x20, 0x2, 0x3f, 0xf8, 0x12, 0x1, 0x20, 0x13,
    0xbf, 0x60, 0x1e, 0x1, 0x20, 0x12, 0x1, 0x27,
    0xf6, 0x1,

    /* U+626C "扬" */
    0x23, 0xf1, 0x3, 0x8, 0x31, 0xe3, 0x2, 0x3f,
    0x98, 0x5f, 0x85, 0x74, 0x6b, 0x26, 0x51, 0x64,
    0x88, 0x64, 0xcc, 0x60,

    /* U+6279 "批" */
    0x24, 0x41, 0x22, 0x3d, 0x10, 0x48, 0xb2, 0x76,
    0x12, 0x21, 0xd1, 0x1c, 0x88, 0x24, 0x41, 0x2a,
    0x9, 0xd2, 0xc8, 0xe0,

    /* U+62D2 "拒" */
    0x23, 0xf9, 0x10, 0x8, 0x81, 0xf4, 0x2, 0x3f,
    0x11, 0x9, 0xe8, 0x54, 0x7e, 0x22, 0x1, 0x10,
    0x8, 0x81, 0xc7, 0xf4, 0x0, 0x0,

    /* U+62D6 "拖" */
    0x21, 0x1, 0x10, 0x8, 0xff, 0xec, 0x2, 0x48,
    0x19, 0x7b, 0x9e, 0x55, 0x52, 0x22, 0xb1, 0x14,
    0x8, 0x82, 0xc7, 0xe0,

    /* U+6307 "指" */
    0x24, 0x2, 0x4e, 0x27, 0xf, 0x40, 0x24, 0x32,
    0x3c, 0x77, 0xea, 0x42, 0x27, 0xe2, 0x42, 0x27,
    0xe6, 0x42,

    /* U+6309 "按" */
    0x20, 0x81, 0x3f, 0xfd, 0x2, 0x49, 0x12, 0x8,
    0x10, 0x80, 0xdf, 0xec, 0x24, 0xa2, 0x21, 0x1a,
    0x8, 0x30, 0x46, 0x64, 0xc0, 0x0,

    /* U+636E "据" */
    0x27, 0xf2, 0x41, 0x24, 0x1f, 0xff, 0x2c, 0x83,
    0x7f, 0x64, 0x8a, 0x48, 0x27, 0xf2, 0xe1, 0x2a,
    0x16, 0xbf,

    /* U+63A5 "接" */
    0x20, 0x81, 0x3f, 0xfc, 0x48, 0x42, 0x42, 0x12,
    0x13, 0xfc, 0xc2, 0x1c, 0xff, 0x21, 0x21, 0x1a,
    0x8, 0x39, 0xc7, 0x60, 0x40, 0x0,

    /* U+63CF "描" */
    0x22, 0x61, 0x13, 0xb, 0xff, 0xe4, 0xc2, 0x0,
    0x13, 0xf9, 0xd2, 0x5c, 0x92, 0x27, 0xf1, 0x24,
    0x89, 0x24, 0xcf, 0xe0,

    /* U+63D0 "提" */
    0x23, 0xf1, 0x10, 0x88, 0xfd, 0xf4, 0x22, 0x3f,
    0x10, 0x0, 0xdf, 0xfc, 0x10, 0x22, 0xf1, 0x34,
    0x9, 0xe0, 0xd9, 0xf0,

    /* U+63E1 "握" */
    0x27, 0xf9, 0x20, 0x7d, 0xfe, 0x48, 0x2, 0x7f,
    0x9a, 0x4b, 0x97, 0xe4, 0x81, 0x2c, 0x41, 0x5f,
    0xca, 0x10, 0xd7, 0xf0,

    /* U+641C "搜" */
    0x26, 0xb1, 0x24, 0xbd, 0xac, 0x49, 0x22, 0x49,
    0x13, 0xf9, 0xc2, 0x14, 0xfe, 0x22, 0x21, 0xb,
    0x8, 0x70, 0xc7, 0xc0, 0x41, 0x0,

    /* U+642C "搬" */
    0x22, 0x1, 0x23, 0x8b, 0xd5, 0xfa, 0xa2, 0xb5,
    0x1f, 0xff, 0xa5, 0x45, 0xaa, 0x2b, 0x51, 0x49,
    0xa, 0x5c, 0xe5, 0x10,

    /* U+64AD "播" */
    0x27, 0xf1, 0x24, 0xbc, 0xa8, 0x5f, 0xf2, 0x3e,
    0x19, 0x59, 0xd2, 0x7d, 0xff, 0x24, 0x91, 0x3f,
    0x89, 0x24, 0xcf, 0xe0,

    /* U+6548 "效" */
    0x0, 0x80, 0x84, 0x0, 0x61, 0xfb, 0xf2, 0x92,
    0x27, 0x13, 0x14, 0x89, 0x24, 0x38, 0xc0, 0x86,
    0xa, 0x30, 0x82, 0xc8, 0x63, 0x0, 0x0,

    /* U+6570 "数" */
    0x14, 0x85, 0x58, 0x15, 0xf, 0xff, 0x39, 0x2d,
    0x72, 0x33, 0x2f, 0xd2, 0x24, 0xc7, 0x8c, 0x1c,
    0xc6, 0x33, 0x0, 0x0,

    /* U+6574 "整" */
    0x10, 0x47, 0xf7, 0xdf, 0xa4, 0xa7, 0x27, 0xe6,
    0x1e, 0x3b, 0x42, 0x67, 0xfe, 0x2, 0x0, 0x9f,
    0x84, 0x81, 0xff, 0xf0,

    /* U+6587 "文" */
    0x4, 0x0, 0x40, 0x4, 0xf, 0xff, 0x10, 0x81,
    0x8, 0x11, 0x0, 0x90, 0xe, 0x0, 0x60, 0xb,
    0x7, 0xe, 0xc0, 0x30,

    /* U+65AD "断" */
    0x10, 0x3d, 0x5c, 0xbd, 0x9, 0x10, 0xfd, 0xfb,
    0x12, 0xb5, 0x2d, 0x72, 0x91, 0x29, 0x12, 0xfe,
    0x20, 0x62,

    /* U+65B0 "新" */
    0x18, 0x8, 0x47, 0xdf, 0xa0, 0x49, 0x2, 0x48,
    0x3f, 0xfc, 0x22, 0x41, 0x12, 0x7f, 0x91, 0x64,
    0x9b, 0xe4, 0x92, 0x21, 0x31, 0x0,

    /* U+65B9 "方" */
    0x0, 0x0, 0x10, 0x0, 0x81, 0xff, 0xf0, 0x80,
    0x4, 0x0, 0x20, 0x1, 0xfc, 0x8, 0x20, 0xc1,
    0x4, 0x8, 0x60, 0x46, 0x4, 0x20, 0xc0,

    /* U+65E0 "无" */
    0x3f, 0xe0, 0x40, 0x4, 0x0, 0x40, 0xff, 0xf0,
    0x50, 0x9, 0x0, 0x90, 0x19, 0x3, 0x11, 0xe1,
    0xf0, 0x0,

    /* U+65E5 "日" */
    0xff, 0xc0, 0x60, 0x30, 0x18, 0xf, 0xfe, 0x3,
    0x1, 0x80, 0xc0, 0x7f, 0xf0, 0x10,

    /* U+65E6 "旦" */
    0x3f, 0xe1, 0x1, 0x8, 0x8, 0x40, 0x43, 0xfe,
    0x10, 0x10, 0x80, 0x84, 0x4, 0x3f, 0xe0, 0x0,
    0x0, 0x1, 0xff, 0xf0,

    /* U+65F6 "时" */
    0x0, 0x27, 0x81, 0x24, 0x9, 0x27, 0xef, 0x2,
    0x49, 0x92, 0x44, 0x92, 0x24, 0xf0, 0x24, 0x81,
    0x20, 0x8, 0x1, 0xc0,

    /* U+660E "明" */
    0x3, 0xfe, 0x46, 0x48, 0xc9, 0x1f, 0x3f, 0x24,
    0x64, 0xff, 0x91, 0x92, 0x32, 0x86, 0x10, 0x86,
    0x30, 0x84,

    /* U+6613 "易" */
    0x3f, 0xe2, 0x2, 0x3f, 0xe2, 0x2, 0x3f, 0xe1,
    0x80, 0x3f, 0xf6, 0x49, 0x9, 0x97, 0x31, 0x4,
    0x33, 0x86,

    /* U+6625 "春" */
    0x1, 0x0, 0xff, 0xc0, 0x20, 0xf, 0xfc, 0x2,
    0x1, 0xff, 0xe0, 0x84, 0xf, 0xfc, 0x68, 0x38,
    0x3f, 0x80, 0x82, 0x3, 0xf8,

    /* U+6674 "晴" */
    0x0, 0x87, 0xbf, 0xa5, 0xfd, 0x21, 0x9, 0xff,
    0xf8, 0x2, 0x5f, 0x92, 0x84, 0xf7, 0xe4, 0xbf,
    0x21, 0x8, 0x8, 0xc0,

    /* U+6682 "暂" */
    0x21, 0xff, 0xa1, 0x44, 0x7e, 0xf1, 0x75, 0xf4,
    0x80, 0x3, 0xfe, 0x60, 0x4f, 0xf9, 0x81, 0x3f,
    0xe0,

    /* U+6691 "暑" */
    0x7f, 0xc4, 0x4, 0x7f, 0xc7, 0xfc, 0x7f, 0x60,
    0x48, 0xff, 0xf0, 0x60, 0x3f, 0xce, 0x4, 0x3f,
    0xc3, 0xfc,

    /* U+66B4 "暴" */
    0x3f, 0xe2, 0x2, 0x3f, 0xe3, 0xfe, 0x8, 0x87,
    0xfe, 0xff, 0xf1, 0x24, 0xf2, 0x70, 0xf8, 0x3a,
    0xc4, 0x62,

    /* U+66F4 "更" */
    0x7f, 0xf0, 0x10, 0xf, 0xf8, 0x44, 0x43, 0xfe,
    0x11, 0x10, 0xff, 0x82, 0x40, 0xc, 0x0, 0x30,
    0xe, 0x7c, 0x80, 0x60,

    /* U+6708 "月" */
    0x3f, 0xc8, 0x12, 0x4, 0xff, 0x20, 0x48, 0x12,
    0x4, 0xff, 0x20, 0x58, 0x14, 0x7, 0x7,

    /* U+6709 "有" */
    0x2, 0x0, 0x30, 0x1f, 0xfe, 0x8, 0x0, 0xc0,
    0xf, 0xf8, 0xe0, 0x4d, 0xfe, 0x48, 0x10, 0x7f,
    0x82, 0x4, 0x10, 0x20, 0x86, 0x0,

    /* U+670D "服" */
    0x7b, 0xe4, 0xa2, 0x4a, 0x27, 0xa6, 0x4a, 0x4,
    0xbe, 0x7a, 0xa4, 0xaa, 0x4a, 0xec, 0xa4, 0x8a,
    0xb9, 0x31,

    /* U+671F "期" */
    0x22, 0xfb, 0xfc, 0x48, 0xa2, 0x7d, 0xf2, 0x28,
    0x9f, 0x44, 0x8a, 0x24, 0x5f, 0x7f, 0x89, 0x4,
    0x48, 0xe2, 0x86, 0x10, 0x11, 0x0,

    /* U+672A "未" */
    0x2, 0x0, 0x10, 0xf, 0xf8, 0x4, 0x0, 0x20,
    0x3f, 0xf8, 0x1c, 0x1, 0x50, 0x12, 0xc1, 0x13,
    0x90, 0x86, 0x4, 0x0,

    /* U+672C "本" */
    0x2, 0x0, 0x10, 0x1f, 0xfc, 0xe, 0x0, 0xf0,
    0x5, 0x40, 0x6a, 0x2, 0x48, 0x22, 0x22, 0x7e,
    0xc0, 0x80, 0x4, 0x0,

    /* U+675F "束" */
    0x4, 0x7, 0xff, 0x81, 0x0, 0x8, 0x7, 0xfe,
    0x22, 0x11, 0xff, 0x81, 0xe0, 0x15, 0x81, 0x26,
    0x31, 0x1d, 0x8, 0x20,

    /* U+6761 "条" */
    0x8, 0x0, 0xff, 0xe, 0x30, 0xcb, 0x0, 0x70,
    0xc, 0x7d, 0x88, 0xf, 0xfe, 0x2, 0x0, 0xd6,
    0x18, 0x8c, 0x8c, 0x20,

    /* U+6765 "来" */
    0x2, 0x0, 0x10, 0x1f, 0xfc, 0x24, 0x81, 0x24,
    0x5, 0x41, 0xff, 0xe0, 0xe0, 0xa, 0xc1, 0x93,
    0x38, 0x84, 0x4, 0x0,

    /* U+676D "杭" */
    0x21, 0x81, 0x4, 0x9, 0xfc, 0xe0, 0x2, 0x3c,
    0x39, 0x21, 0xa9, 0x14, 0x48, 0x22, 0x41, 0x32,
    0x9, 0x1c, 0x50, 0x0,

    /* U+677E "松" */
    0x10, 0x40, 0x44, 0x81, 0x12, 0x1f, 0x4c, 0x12,
    0x10, 0xea, 0x23, 0xc8, 0x15, 0x20, 0x51, 0x30,
    0x44, 0x41, 0x3f, 0x84, 0x82,

    /* U+6781 "极" */
    0x27, 0xe1, 0x13, 0x3e, 0x90, 0x44, 0x86, 0x27,
    0x39, 0x11, 0xac, 0x94, 0xb4, 0xa4, 0xc1, 0x26,
    0xa, 0x6c, 0x5e, 0x20,

    /* U+6790 "析" */
    0x11, 0xf0, 0x88, 0x1f, 0x40, 0x22, 0x1, 0x1f,
    0x9c, 0x90, 0xd4, 0x8a, 0x24, 0x53, 0x20, 0x91,
    0x4, 0x88, 0x28, 0x40,

    /* U+679C "果" */
    0x3f, 0xe1, 0x11, 0xf, 0xf8, 0x44, 0x42, 0x22,
    0x1f, 0xf0, 0x8, 0x1f, 0xfe, 0xa, 0x80, 0xd6,
    0x38, 0x8e, 0x4, 0x0,

    /* U+67E5 "查" */
    0x2, 0x3, 0xff, 0xc1, 0xa0, 0x14, 0xc3, 0x23,
    0xaf, 0xf4, 0x40, 0x83, 0xfc, 0x10, 0x20, 0xff,
    0x0, 0x0, 0xff, 0xf0,

    /* U+6807 "标" */
    0x20, 0x1, 0x3f, 0x88, 0x1, 0xf0, 0x2, 0xff,
    0x38, 0x41, 0xe2, 0x14, 0xd4, 0xa4, 0x91, 0x64,
    0x88, 0x20, 0x43, 0x0,

    /* U+6808 "栈" */
    0x21, 0x41, 0x9, 0x8, 0x45, 0xf3, 0xc2, 0x70,
    0x30, 0xb9, 0xde, 0x1c, 0x14, 0xa0, 0xe1, 0x6,
    0x48, 0xdc, 0x48, 0x60,

    /* U+6821 "校" */
    0x20, 0x81, 0x4, 0x9, 0xff, 0xf0, 0x2, 0x13,
    0x31, 0xd, 0xe0, 0x9c, 0x24, 0xa1, 0x41, 0x6,
    0x8, 0xd8, 0x5c, 0x30,

    /* U+6837 "样" */
    0x22, 0x62, 0x14, 0x27, 0xff, 0x8, 0x20, 0x87,
    0x7f, 0x78, 0x8a, 0x8, 0xa7, 0xf2, 0x8, 0x20,
    0x82, 0x8,

    /* U+683D "栽" */
    0x11, 0x7, 0xd2, 0x11, 0xf, 0xff, 0x1, 0x1,
    0x12, 0xfd, 0x63, 0xc, 0x3c, 0x85, 0x1d, 0x93,
    0x71, 0x23, 0x0, 0x0,

    /* U+68C0 "检" */
    0x21, 0x81, 0xc, 0x8, 0x90, 0xec, 0xc2, 0xfd,
    0xb0, 0x1, 0xd4, 0xd4, 0xb4, 0xa6, 0xa1, 0x13,
    0x8, 0x10, 0x5f, 0xe0,

    /* U+6A21 "模" */
    0x21, 0x41, 0x3f, 0x88, 0x51, 0xf7, 0xc2, 0x22,
    0x39, 0xf1, 0xe8, 0x94, 0x38, 0x27, 0xf9, 0xe,
    0x8, 0xc8, 0x5c, 0x30,

    /* U+6B21 "次" */
    0x2, 0xc, 0x40, 0x47, 0xe2, 0xc2, 0x9, 0x20,
    0x12, 0x21, 0x2, 0x30, 0x42, 0x8c, 0x6c, 0x8c,
    0x63, 0x83,

    /* U+6B62 "止" */
    0x2, 0x0, 0x20, 0x22, 0x2, 0x20, 0x23, 0xe2,
    0x20, 0x22, 0x2, 0x20, 0x22, 0x2, 0x20, 0xff,
    0xf0,

    /* U+6B63 "正" */
    0x7f, 0xf0, 0x20, 0x2, 0x2, 0x20, 0x23, 0xe2,
    0x20, 0x22, 0x2, 0x20, 0x22, 0x2, 0x20, 0xff,
    0xf0,

    /* U+6B65 "步" */
    0x2, 0x1, 0x20, 0x13, 0xe1, 0x20, 0xff, 0xf0,
    0x20, 0x1a, 0x23, 0x22, 0x62, 0x44, 0x38, 0xe,
    0x7, 0x0,

    /* U+6BB5 "段" */
    0x3b, 0xc4, 0x24, 0x42, 0x47, 0xa7, 0x44, 0x74,
    0x0, 0x7f, 0xe4, 0x24, 0x49, 0x4f, 0x18, 0x43,
    0xc4, 0x43,

    /* U+6BCF "每" */
    0x10, 0x3, 0xff, 0x60, 0xd, 0xfc, 0x24, 0x42,
    0x24, 0xff, 0xf2, 0x44, 0x26, 0x42, 0x24, 0x3f,
    0xf0, 0x4, 0x0, 0x80,

    /* U+6BDB "毛" */
    0x1, 0xc7, 0xe0, 0x4, 0x0, 0x4c, 0x7f, 0x4,
    0x40, 0x5, 0xff, 0xf0, 0x84, 0x0, 0x41, 0x4,
    0x10, 0x7f,

    /* U+6C14 "气" */
    0x0, 0x2, 0x0, 0x7f, 0xe4, 0x0, 0xff, 0xc0,
    0x0, 0x7f, 0xc0, 0xc, 0x0, 0xc0, 0x4, 0x0,
    0x50, 0x5, 0x0, 0x20,

    /* U+6C34 "水" */
    0x2, 0x0, 0x10, 0x0, 0x80, 0xf4, 0x40, 0xb4,
    0xd, 0xc0, 0x4a, 0x6, 0x48, 0x22, 0x62, 0x11,
    0xc0, 0x80, 0xc, 0x0,

    /* U+6C42 "求" */
    0x2, 0x40, 0x11, 0x1f, 0xfe, 0x4, 0x2, 0x22,
    0x9, 0xb0, 0x1f, 0x1, 0xd0, 0x12, 0x43, 0x13,
    0x10, 0x84, 0xc, 0x0,

    /* U+6C47 "汇" */
    0x40, 0x1, 0xbf, 0x85, 0x0, 0x8, 0x4, 0x40,
    0x12, 0x0, 0x10, 0x2, 0x80, 0x14, 0x1, 0x20,
    0x19, 0x0, 0x8f, 0xf0,

    /* U+6C90 "沐" */
    0x0, 0x81, 0x84, 0x0, 0x20, 0x1f, 0xf6, 0x1c,
    0x10, 0xe0, 0xa, 0x86, 0x54, 0x24, 0x93, 0x64,
    0x50, 0x20, 0x81, 0x0,

    /* U+6C99 "沙" */
    0x1, 0x6, 0x10, 0x21, 0x60, 0xd3, 0x89, 0x14,
    0x90, 0x9, 0x24, 0x16, 0x40, 0x44, 0x8, 0xc3,
    0x9, 0xe0, 0x0, 0x0,

    /* U+6CA1 "没" */
    0x0, 0x6, 0x7c, 0x34, 0x40, 0x44, 0xc4, 0x46,
    0x87, 0x8, 0x0, 0xfe, 0x24, 0x42, 0x24, 0x61,
    0x84, 0x38, 0xde, 0x70, 0x1,

    /* U+6CD5 "法" */
    0x0, 0x81, 0x84, 0x5, 0xfc, 0x81, 0x6, 0x8,
    0x7, 0xfc, 0x6, 0x2, 0x20, 0x12, 0x21, 0x10,
    0x99, 0xfc, 0x88, 0x10,

    /* U+6CE8 "注" */
    0x0, 0x4, 0x30, 0x61, 0x0, 0xfe, 0x1, 0xc,
    0x10, 0x41, 0x0, 0xfe, 0x21, 0x2, 0x10, 0x41,
    0xc, 0x10, 0x9f, 0xf0, 0x0,

    /* U+6D41 "流" */
    0x0, 0x3, 0x8, 0xf, 0xfc, 0x4, 0x0, 0x4c,
    0x62, 0x30, 0xbf, 0x80, 0x0, 0x5, 0x41, 0x2a,
    0x19, 0x50, 0x92, 0xb5, 0x97, 0x0,

    /* U+6D53 "浓" */
    0x0, 0x83, 0x4, 0xb, 0xfc, 0x12, 0x2c, 0x91,
    0x11, 0xc0, 0xa, 0x40, 0xd4, 0x2e, 0x43, 0xd3,
    0x10, 0xa8, 0x86, 0x34, 0x20, 0x0,

    /* U+6D6E "浮" */
    0x20, 0x11, 0xbf, 0xc0, 0x64, 0x9, 0x66, 0x22,
    0x3, 0xf8, 0x1, 0x84, 0x10, 0x2f, 0xf9, 0x4,
    0x18, 0x21, 0x83, 0x0, 0x10, 0x0,

    /* U+6D74 "浴" */
    0x40, 0x6, 0x46, 0x9, 0x20, 0x30, 0xc2, 0x86,
    0x4c, 0xc, 0x61, 0xfe, 0x24, 0x44, 0x44, 0x44,
    0x4c, 0x7c, 0x84, 0x40,

    /* U+6D88 "消" */
    0x0, 0x83, 0x24, 0x89, 0xac, 0x1, 0xc, 0x7f,
    0x12, 0x8, 0x1f, 0xc4, 0x82, 0x27, 0xf3, 0x20,
    0x91, 0x4, 0x88, 0x60,

    /* U+6E05 "清" */
    0x1, 0x4, 0xfe, 0x21, 0x0, 0xfe, 0x81, 0x4,
    0xee, 0xf, 0xe2, 0x82, 0x2f, 0xe4, 0xfe, 0xc8,
    0x28, 0x86,

    /* U+6E29 "温" */
    0x67, 0xe1, 0x41, 0x1, 0xf8, 0x90, 0x46, 0x82,
    0x13, 0xf0, 0x0, 0x5, 0xfe, 0x2a, 0x52, 0x52,
    0x92, 0x95, 0xbf, 0xf0,

    /* U+6E7F "湿" */
    0x67, 0xf1, 0xa0, 0x81, 0xfc, 0x8, 0x26, 0x41,
    0x13, 0xf8, 0x5, 0x5, 0x29, 0x25, 0x51, 0x2b,
    0x90, 0x50, 0x9f, 0xf0,

    /* U+6EE1 "满" */
    0x42, 0x43, 0xff, 0xc0, 0x90, 0x0, 0xd, 0xff,
    0xa1, 0x20, 0x3f, 0xe5, 0x49, 0x4b, 0x4a, 0x65,
    0xe2, 0x22, 0x10, 0x70,

    /* U+70E7 "烧" */
    0x21, 0x11, 0x3f, 0x8, 0x4d, 0x51, 0x8b, 0x18,
    0x53, 0x2a, 0x80, 0x84, 0xff, 0x31, 0x42, 0x52,
    0x10, 0x93, 0x98, 0xe0, 0x0, 0x0,

    /* U+70ED "热" */
    0x21, 0x2, 0x10, 0xff, 0xc2, 0x14, 0x3d, 0x4e,
    0x34, 0x23, 0xd2, 0x6b, 0x6c, 0x0, 0x12, 0xc9,
    0x28, 0x91, 0x0, 0x0,

    /* U+7247 "片" */
    0x21, 0x4, 0x20, 0x84, 0x1f, 0xf2, 0x0, 0x40,
    0xf, 0xe1, 0x4, 0x60, 0x88, 0x13, 0x2, 0x40,
    0x40,

    /* U+7259 "牙" */
    0x7f, 0xf0, 0x4, 0x6, 0x20, 0x21, 0x2, 0x8,
    0x1f, 0xfc, 0xe, 0x0, 0x50, 0x4, 0x80, 0x44,
    0xc, 0x20, 0xc3, 0x0, 0x10, 0x0,

    /* U+7279 "特" */
    0x10, 0x42, 0x8f, 0xd4, 0x10, 0xf0, 0x8d, 0x3f,
    0xc8, 0x8, 0x40, 0x47, 0x7f, 0x50, 0x10, 0x88,
    0x84, 0x4, 0x20, 0xc0,

    /* U+72B6 "状" */
    0x10, 0x80, 0x85, 0x24, 0x24, 0xa1, 0x1, 0x7f,
    0x88, 0x40, 0xc2, 0xa, 0x28, 0xd1, 0x40, 0x99,
    0x5, 0x8c, 0x28, 0x20,

    /* U+7387 "率" */
    0x2, 0x7, 0xff, 0x4, 0x6, 0x53, 0x2f, 0x40,
    0x20, 0x6c, 0xb4, 0xbd, 0x2, 0xf, 0xff, 0x2,
    0x0, 0x20,

    /* U+73B0 "现" */
    0x3, 0xf7, 0xd0, 0x88, 0x84, 0x45, 0x22, 0x29,
    0x7d, 0x48, 0x8a, 0x44, 0x18, 0x29, 0xc7, 0x8a,
    0x20, 0x92, 0x18, 0xe0,

    /* U+73ED "班" */
    0x1, 0x7, 0x8f, 0xc8, 0x48, 0x4a, 0x42, 0x52,
    0x3a, 0xfc, 0x94, 0x84, 0x24, 0x22, 0x21, 0x51,
    0x1d, 0x89, 0x89, 0xf0, 0x0, 0x0,

    /* U+7406 "理" */
    0x7, 0xf7, 0xe4, 0x89, 0x24, 0x4f, 0xe2, 0x49,
    0x7e, 0x48, 0x9f, 0xc4, 0x10, 0x2f, 0xf3, 0x84,
    0x30, 0x20, 0x1f, 0xf0,

    /* U+751F "生" */
    0x2, 0x2, 0x20, 0x22, 0x7, 0xfe, 0x42, 0x0,
    0x20, 0x3f, 0xe0, 0x20, 0x2, 0x0, 0x20, 0x2,
    0x7, 0xff,

    /* U+7528 "用" */
    0x7f, 0xe8, 0x85, 0x10, 0xbf, 0xf4, 0x42, 0x88,
    0x5f, 0xfa, 0x21, 0x44, 0x38, 0x86, 0x13, 0xc0,
    0x0,

    /* U+7559 "留" */
    0x10, 0xf, 0x7f, 0x81, 0x99, 0x11, 0xbb, 0x2c,
    0x66, 0x84, 0x7, 0xfe, 0x44, 0x27, 0xfe, 0x44,
    0x27, 0xfe, 0x40, 0x20,

    /* U+7565 "略" */
    0x0, 0x0, 0x10, 0xfb, 0xea, 0xa2, 0xad, 0x4a,
    0x9c, 0xf9, 0xca, 0xe3, 0xab, 0xea, 0xa2, 0xda,
    0x28, 0xbe, 0x2, 0x20,

    /* U+767D "白" */
    0x18, 0x4, 0xf, 0xfe, 0x1, 0x80, 0x60, 0x1f,
    0xfe, 0x1, 0x80, 0x60, 0x1f, 0xfe, 0x1,

    /* U+7684 "的" */
    0x1, 0x4, 0x20, 0x84, 0x7d, 0xf8, 0xa3, 0x18,
    0x62, 0x4f, 0xc9, 0x89, 0x31, 0x6, 0x20, 0xfc,
    0x18, 0x8c,

    /* U+77E5 "知" */
    0x60, 0x4, 0x0, 0x7d, 0xfd, 0x11, 0x91, 0x11,
    0x11, 0xff, 0x11, 0x11, 0x31, 0x12, 0xdf, 0x45,
    0x1c, 0x10,

    /* U+77ED "短" */
    0x20, 0x3, 0x1f, 0x90, 0x0, 0xf8, 0x5, 0x1f,
    0x8, 0x89, 0xf4, 0x42, 0x3e, 0x11, 0x1, 0xc9,
    0x8b, 0x48, 0xc0, 0x44, 0x7f, 0x80,

    /* U+7801 "码" */
    0x7, 0xef, 0x82, 0x22, 0x22, 0x22, 0x42, 0x27,
    0xa2, 0xcb, 0xfc, 0x81, 0x4f, 0xf7, 0x81, 0x48,
    0x14, 0x3, 0x0, 0x60,

    /* U+7834 "破" */
    0x0, 0x40, 0x2, 0x1f, 0x7e, 0x22, 0xa2, 0x14,
    0x1c, 0xf9, 0xa6, 0x45, 0x32, 0x2a, 0xa1, 0xd3,
    0x8, 0x98, 0x4b, 0x30,

    /* U+786E "确" */
    0x0, 0x0, 0xc, 0x1f, 0x78, 0x24, 0x43, 0x1f,
    0x9e, 0xa4, 0x95, 0x2c, 0xbf, 0x25, 0x49, 0x2f,
    0xcf, 0x52, 0x4c, 0x92, 0x25, 0x80,

    /* U+7940 "祀" */
    0x20, 0x2, 0x3e, 0x2, 0x2f, 0xa2, 0x12, 0x23,
    0x22, 0x23, 0xe7, 0x22, 0xaa, 0xa, 0x20, 0x22,
    0x2, 0x21, 0x23, 0xf0,

    /* U+7948 "祈" */
    0x10, 0x10, 0x8f, 0xc0, 0x40, 0xf2, 0x0, 0x90,
    0xc, 0xfc, 0x44, 0x86, 0xa4, 0xd5, 0x20, 0x99,
    0x4, 0x88, 0x24, 0x41, 0x42, 0x0,

    /* U+796D "祭" */
    0x0, 0x0, 0x64, 0x3, 0xef, 0x99, 0x24, 0x4c,
    0xa0, 0xe1, 0x81, 0x7b, 0x98, 0x2, 0x1f, 0xf0,
    0x8, 0x1, 0xae, 0xc, 0x8c, 0x6, 0x0,

    /* U+798F "福" */
    0x20, 0x2, 0x7f, 0x0, 0xf, 0x3e, 0x12, 0x23,
    0x3e, 0x20, 0x7, 0x7f, 0xac, 0x92, 0x7f, 0x24,
    0x92, 0x49, 0x27, 0xf0,

    /* U+79CB "秋" */
    0x4, 0x41, 0xe1, 0x1, 0x4, 0x4, 0x56, 0xfd,
    0x50, 0x4d, 0x43, 0x84, 0xd, 0xa8, 0x50, 0xa0,
    0x44, 0xc1, 0x31, 0x85, 0x82,

    /* U+79CD "种" */
    0x8, 0x43, 0x82, 0x4, 0xfe, 0x24, 0x97, 0xe4,
    0x89, 0x24, 0xe9, 0x26, 0xff, 0x52, 0x4a, 0x82,
    0x4, 0x10, 0x20, 0x80,

    /* U+79D2 "秒" */
    0x0, 0x41, 0xf1, 0x1, 0x5, 0x4, 0x56, 0x7d,
    0x48, 0x4d, 0x3, 0xe5, 0x8d, 0x14, 0x50, 0x31,
    0x41, 0x81, 0x18, 0x5, 0x80,

    /* U+7A7A "空" */
    0x2, 0x0, 0x10, 0x1f, 0xfc, 0x80, 0x25, 0x88,
    0x18, 0x31, 0x80, 0xc8, 0x2, 0x3f, 0xe0, 0x10,
    0x0, 0x80, 0x4, 0xf, 0xff, 0x80,

    /* U+7ACB "立" */
    0x4, 0x0, 0x40, 0x4, 0x7, 0xfe, 0x0, 0x2,
    0x4, 0x20, 0xc1, 0x8, 0x10, 0x81, 0x98, 0x9,
    0x0, 0x10, 0xff, 0xf0,

    /* U+7AEF "端" */
    0x44, 0x91, 0x24, 0xbd, 0xfc, 0x0, 0x9, 0x7f,
    0xd0, 0x42, 0x82, 0xc, 0xfe, 0x65, 0x51, 0xaa,
    0xb9, 0x54, 0xa, 0xa0,

    /* U+7B49 "等" */
    0x20, 0xc3, 0xff, 0xd0, 0x88, 0x7f, 0xc0, 0x20,
    0x1, 0x3, 0xff, 0xe0, 0x8, 0x7f, 0xf0, 0x82,
    0x2, 0x10, 0x3, 0x80,

    /* U+7B7E "签" */
    0x10, 0x81, 0xf7, 0xda, 0x48, 0x84, 0x0, 0xd0,
    0x1c, 0x71, 0xbf, 0x60, 0x0, 0x12, 0x40, 0x92,
    0x0, 0x20, 0xff, 0xe0,

    /* U+7C73 "米" */
    0x2, 0x1, 0x11, 0xc, 0x90, 0x25, 0x80, 0x20,
    0x7f, 0xfc, 0x1c, 0x1, 0x50, 0x1a, 0x43, 0x91,
    0xd0, 0x80, 0x4, 0x0,

    /* U+7D22 "索" */
    0x4, 0xf, 0xfe, 0x4, 0xf, 0xff, 0x88, 0x19,
    0x18, 0x3e, 0x0, 0x8c, 0xff, 0xe4, 0x42, 0x24,
    0xcc, 0x47, 0xc, 0x0,

    /* U+7EA6 "约" */
    0x30, 0x82, 0x18, 0x49, 0xf4, 0x91, 0xf2, 0x11,
    0x61, 0x21, 0x97, 0xc9, 0x40, 0x10, 0x41, 0xf8,
    0x10, 0x7,

    /* U+7EAC "纬" */
    0x20, 0x81, 0x4, 0x11, 0xfd, 0x31, 0x7, 0x3f,
    0x10, 0x41, 0x82, 0xe, 0xff, 0x0, 0x88, 0x44,
    0xfc, 0x24, 0x1, 0x0,

    /* U+7EB3 "纳" */
    0x10, 0x41, 0x2, 0x8, 0xfe, 0x94, 0x9f, 0xa4,
    0x89, 0x24, 0x8b, 0xaf, 0x53, 0x3, 0x8, 0x50,
    0x7c, 0x82, 0x4, 0x30,

    /* U+7EC6 "细" */
    0x20, 0x4, 0x7f, 0xd4, 0x99, 0x49, 0xe4, 0x92,
    0x7f, 0x44, 0x9f, 0x49, 0x4, 0x90, 0xc9, 0xf7,
    0xf8, 0x41,

    /* U+7ECF "经" */
    0x20, 0x2, 0x7e, 0x40, 0x48, 0x88, 0xf1, 0x63,
    0x63, 0x24, 0x14, 0xfe, 0xf0, 0x80, 0x8, 0xf8,
    0x80, 0xff,

    /* U+7ED3 "结" */
    0x10, 0x41, 0x2, 0x8, 0xfe, 0x90, 0x87, 0x9f,
    0x88, 0x0, 0x80, 0xd, 0x3f, 0x71, 0x8, 0x8,
    0x5f, 0x7e, 0x2, 0x10,

    /* U+7EDC "络" */
    0x0, 0x1, 0x8, 0x8, 0xf8, 0x86, 0x45, 0x54,
    0x7a, 0xe0, 0x87, 0x4, 0xc7, 0x73, 0xe2, 0x11,
    0x6, 0x89, 0xc7, 0xc0, 0x22, 0x0,

    /* U+7EDD "绝" */
    0x0, 0x0, 0x8c, 0x8, 0x78, 0x44, 0x44, 0x84,
    0x39, 0xf8, 0x49, 0x44, 0x4a, 0x7b, 0xf3, 0x10,
    0x80, 0x80, 0xf4, 0x10, 0x3f, 0x0,

    /* U+7EEA "绪" */
    0x10, 0x88, 0x8f, 0x22, 0xc9, 0x12, 0x28, 0x77,
    0xfc, 0x43, 0x2, 0x1f, 0x9e, 0xc2, 0x5, 0xf8,
    0x24, 0x27, 0x1f, 0x80, 0x42,

    /* U+7F13 "缓" */
    0x0, 0x11, 0x3f, 0x88, 0x24, 0xd5, 0x44, 0xa2,
    0x3b, 0xfc, 0x82, 0x8, 0xef, 0x71, 0xf0, 0x19,
    0x3f, 0xa8, 0x19, 0xc0, 0xb3, 0x80,

    /* U+7F16 "编" */
    0x0, 0x2, 0x18, 0x47, 0xf4, 0x42, 0x97, 0xee,
    0x40, 0x27, 0xf4, 0x55, 0xfd, 0x58, 0xff, 0xd,
    0x5f, 0x55, 0x4, 0x30,

    /* U+7F51 "网" */
    0xff, 0xf0, 0x6, 0x33, 0xd5, 0x5a, 0xab, 0x22,
    0x66, 0x4d, 0xd5, 0xa2, 0xb8, 0x86, 0x0, 0xc0,
    0x30,

    /* U+7F6E "置" */
    0x7f, 0xe5, 0x12, 0x7f, 0xe0, 0x40, 0xff, 0xe3,
    0xf8, 0x20, 0x83, 0xf8, 0x3f, 0x82, 0x8, 0x3f,
    0x8f, 0xff,

    /* U+814A "腊" */
    0x79, 0x22, 0x7f, 0xd2, 0x48, 0xf2, 0x44, 0xff,
    0xa4, 0x1, 0x2f, 0xcf, 0x42, 0x4a, 0x12, 0x5f,
    0xb6, 0xfd, 0x34, 0x20,

    /* U+81F3 "至" */
    0x7f, 0xf0, 0xc0, 0x8, 0x81, 0xc, 0x7f, 0xe0,
    0x22, 0x2, 0x3, 0xfc, 0x2, 0x0, 0x20, 0xff,
    0xf0,

    /* U+820D "舍" */
    0x2, 0x0, 0x28, 0x2, 0x20, 0x20, 0xc6, 0xfb,
    0x81, 0x0, 0xff, 0x80, 0x40, 0x1f, 0xe0, 0x81,
    0x4, 0x8, 0x3f, 0xc0,

    /* U+8282 "节" */
    0x8, 0x87, 0xff, 0xc2, 0x20, 0x11, 0x0, 0x0,
    0x3f, 0xf8, 0x10, 0x40, 0x82, 0x4, 0x10, 0x27,
    0x81, 0x0, 0x8, 0x0,

    /* U+8292 "芒" */
    0x10, 0x87, 0xff, 0xc4, 0x20, 0xc, 0x0, 0x20,
    0x7f, 0xfc, 0x80, 0x4, 0x0, 0x20, 0x1, 0x0,
    0x8, 0x0, 0x7f, 0xc0,

    /* U+846C "葬" */
    0x8, 0x83, 0xff, 0xc2, 0x20, 0xff, 0xe1, 0x12,
    0x36, 0xec, 0x67, 0xcf, 0x10, 0x8, 0x87, 0xff,
    0xc2, 0x20, 0xe1, 0x0,

    /* U+84DD "蓝" */
    0x8, 0x83, 0xff, 0xf0, 0x88, 0xa, 0x30, 0x28,
    0xf8, 0xa4, 0x2, 0xb2, 0x0, 0x0, 0x3f, 0xf0,
    0x92, 0x42, 0x49, 0x1f, 0xff,

    /* U+8584 "薄" */
    0x11, 0xf, 0xff, 0x11, 0xc5, 0xff, 0xf, 0xe8,
    0x92, 0x4f, 0xe0, 0xfe, 0x29, 0x45, 0xff, 0xc8,
    0x48, 0x44, 0x0, 0x80,

    /* U+86F0 "蛰" */
    0x31, 0x7, 0xdf, 0xc, 0x48, 0xf6, 0x4b, 0x3e,
    0xb3, 0x1c, 0x8, 0x7, 0xfc, 0x22, 0x21, 0xff,
    0x8, 0x88, 0xff, 0xe0, 0x1, 0x0,

    /* U+884C "行" */
    0x20, 0x1, 0x1f, 0x90, 0x1, 0x80, 0x1, 0x0,
    0x13, 0xfd, 0x81, 0x1c, 0x8, 0xa0, 0x41, 0x2,
    0x8, 0x10, 0x40, 0x82, 0xc, 0x0,

    /* U+8981 "要" */
    0x7f, 0xf8, 0x24, 0xf, 0xfc, 0x49, 0x22, 0x49,
    0x1f, 0xf8, 0x8, 0x1f, 0xff, 0x8, 0xc0, 0xf4,
    0x0, 0xf0, 0xf8, 0x70, 0x0, 0x0,

    /* U+89E3 "解" */
    0x20, 0x1, 0x1f, 0x9e, 0x25, 0xa2, 0x2f, 0xd7,
    0x2a, 0x21, 0xf5, 0xa, 0xbe, 0x56, 0x43, 0xe2,
    0x15, 0xff, 0xa8, 0x88, 0xc4, 0x0,

    /* U+8BA1 "计" */
    0x40, 0x81, 0x4, 0x4, 0x20, 0x1, 0xe, 0xff,
    0x90, 0x40, 0x82, 0x4, 0x10, 0x28, 0x81, 0x84,
    0x8, 0x20, 0x1, 0x0,

    /* U+8BA4 "认" */
    0x21, 0x3, 0x10, 0x11, 0x0, 0x10, 0xe1, 0x2,
    0x10, 0x21, 0x82, 0xa8, 0x2a, 0x83, 0x44, 0x2c,
    0x61, 0x83,

    /* U+8BB0 "记" */
    0x0, 0x2, 0x7e, 0x10, 0x20, 0x2, 0xe0, 0x22,
    0x3e, 0x22, 0x22, 0x20, 0x22, 0x3, 0xa0, 0x32,
    0x12, 0x3f,

    /* U+8BBE "设" */
    0x0, 0x3, 0x1e, 0xc, 0x90, 0x4, 0x80, 0x44,
    0x30, 0x18, 0x9f, 0x84, 0x44, 0x22, 0x41, 0x4e,
    0xc, 0x60, 0x46, 0xc0, 0xc3, 0x0,

    /* U+8BD5 "试" */
    0x0, 0xa3, 0x5, 0x88, 0x20, 0x1f, 0xee, 0x8,
    0x13, 0xc0, 0x8a, 0x4, 0x48, 0x2a, 0x41, 0xda,
    0x8b, 0x8e, 0x0, 0x60,

    /* U+8BDD "话" */
    0x20, 0x71, 0xbc, 0x0, 0x20, 0x1, 0xe, 0xff,
    0x90, 0x40, 0x82, 0x4, 0xfe, 0x2c, 0x11, 0xa0,
    0x89, 0xfc, 0x48, 0x20,

    /* U+8BE2 "询" */
    0x21, 0x1, 0x18, 0xc, 0xfe, 0xc, 0x1e, 0xfc,
    0x91, 0x24, 0x89, 0x24, 0x79, 0x22, 0x49, 0x52,
    0x4e, 0xf2, 0x60, 0x12, 0x3, 0x0,

    /* U+8BED "语" */
    0x4f, 0xf9, 0x8, 0x0, 0x40, 0xf, 0xee, 0x31,
    0x17, 0xfc, 0x80, 0x4, 0xfe, 0x34, 0x11, 0xa0,
    0x89, 0x4, 0xcf, 0xe0,

    /* U+8BEF "误" */
    0x0, 0x3, 0x3f, 0x8d, 0x4, 0x8, 0x20, 0x7f,
    0x70, 0x0, 0x9f, 0xe4, 0x10, 0x2f, 0xf9, 0xe,
    0xc, 0x50, 0x4c, 0x60, 0xc1, 0x80,

    /* U+8BF7 "请" */
    0x0, 0x81, 0x3f, 0x84, 0x20, 0x7, 0xee, 0xff,
    0x90, 0x0, 0x8f, 0xc4, 0x42, 0x23, 0xf1, 0x9f,
    0x88, 0x84, 0x4, 0x60,

    /* U+8BFB "读" */
    0x40, 0x81, 0x3f, 0xc0, 0x20, 0xf, 0xfe, 0x20,
    0x91, 0xa8, 0x99, 0x4, 0x48, 0x27, 0xf9, 0xc4,
    0xc, 0x6c, 0xc, 0x30,

    /* U+8C03 "调" */
    0x67, 0xf2, 0x41, 0x4, 0x90, 0x7d, 0xe4, 0x92,
    0x7f, 0x24, 0x12, 0x5d, 0x35, 0x53, 0xdd, 0x28,
    0x11, 0x83,

    /* U+8C37 "谷" */
    0x8, 0x40, 0x40, 0xc2, 0x31, 0x90, 0xc0, 0x5,
    0x80, 0x23, 0x83, 0x3, 0x9f, 0xfa, 0x10, 0x20,
    0x40, 0x81, 0xfe, 0x4, 0x8,

    /* U+8D25 "败" */
    0x0, 0xc3, 0xe4, 0x11, 0x20, 0xa9, 0xf5, 0x51,
    0x2a, 0xc9, 0x52, 0x4a, 0x92, 0x54, 0xa0, 0x83,
    0xa, 0x18, 0xc9, 0x6c, 0x31, 0x80,

    /* U+8D26 "账" */
    0x7d, 0x12, 0x29, 0x95, 0x58, 0xab, 0x85, 0x50,
    0x2b, 0xfd, 0x55, 0xa, 0xa8, 0x11, 0x21, 0x49,
    0x9b, 0x77, 0x82, 0x0,

    /* U+8D74 "赴" */
    0x8, 0x40, 0x21, 0x7, 0xe4, 0x2, 0x10, 0x8,
    0x51, 0xfd, 0x60, 0x84, 0x8b, 0xd0, 0x28, 0x41,
    0x61, 0x4, 0xc0, 0x11, 0xfe,

    /* U+8D85 "超" */
    0x13, 0xf0, 0x84, 0x9e, 0x24, 0x22, 0x2f, 0xf7,
    0x8, 0x1, 0x47, 0xcb, 0xa2, 0x51, 0x13, 0x8f,
    0xb6, 0x1, 0xf, 0xf0,

    /* U+8DB3 "足" */
    0x3f, 0xc1, 0x2, 0x8, 0x10, 0x40, 0x83, 0xfc,
    0x1, 0x0, 0x88, 0x4, 0x7c, 0x22, 0x3, 0x90,
    0x17, 0x81, 0x8f, 0xe0, 0x0, 0x0,

    /* U+8DD1 "跑" */
    0x0, 0x83, 0xc8, 0x12, 0x7c, 0x92, 0x24, 0xa1,
    0x3d, 0xe8, 0x45, 0x4a, 0x2a, 0x59, 0xd2, 0x89,
    0x95, 0x40, 0xf2, 0x38, 0x1f, 0x0,

    /* U+8F68 "轨" */
    0x30, 0x81, 0x4, 0x3f, 0x20, 0xc7, 0xc5, 0xa,
    0x28, 0x53, 0xf2, 0x82, 0x24, 0x11, 0x27, 0xe9,
    0x4, 0x8a, 0x2c, 0x70,

    /* U+8F6E "轮" */
    0x30, 0xc1, 0x6, 0x3f, 0x58, 0x46, 0x65, 0x71,
    0xa8, 0x83, 0xf4, 0xc2, 0x2c, 0x11, 0x87, 0xe8,
    0x4, 0x46, 0x23, 0xe0,

    /* U+8F7D "载" */
    0x11, 0x4f, 0xd2, 0x11, 0xf, 0xff, 0x31, 0xf,
    0xd2, 0x51, 0x2f, 0xcc, 0x10, 0xc7, 0xcd, 0x91,
    0x51, 0x23,

    /* U+8FB9 "边" */
    0x41, 0x1, 0x8, 0x3, 0xfc, 0x2, 0x20, 0x11,
    0x71, 0x88, 0x88, 0x44, 0xc2, 0x24, 0x11, 0x23,
    0x16, 0x1, 0x8f, 0xf0,

    /* U+8FC7 "过" */
    0x40, 0x43, 0x2, 0xb, 0xfc, 0x0, 0x80, 0x4,
    0x72, 0x20, 0x89, 0x4, 0x8, 0x20, 0x41, 0xe,
    0x16, 0x1, 0xf, 0xe0,

    /* U+8FD4 "返" */
    0x0, 0x1, 0x3f, 0x89, 0x0, 0x8, 0x0, 0x7e,
    0x32, 0x10, 0x94, 0x84, 0x98, 0x2c, 0x61, 0x45,
    0x8a, 0xc4, 0xe0, 0xc, 0xff, 0x0,

    /* U+8FDB "进" */
    0x2, 0x41, 0x12, 0xb, 0xfc, 0x4, 0x8e, 0x24,
    0x17, 0xfc, 0x89, 0x4, 0xc8, 0x24, 0x41, 0x62,
    0x1e, 0x0, 0xf, 0xe0,

    /* U+8FDC "远" */
    0x0, 0x2, 0x7f, 0x8, 0x0, 0x0, 0xe, 0xfe,
    0x12, 0x40, 0x92, 0x4, 0x90, 0x2c, 0x91, 0xc7,
    0x1c, 0x1, 0x1f, 0xe0,

    /* U+8FDE "连" */
    0x1, 0x1, 0x4, 0x2, 0xff, 0x8, 0x80, 0x6,
    0x80, 0x12, 0xe, 0x7f, 0x8, 0x20, 0x2f, 0xf8,
    0x82, 0x2, 0x8, 0x1e, 0x20, 0x47, 0xf8,

    /* U+8FF9 "迹" */
    0x2, 0xc, 0x10, 0x40, 0x0, 0xff, 0x2, 0x8c,
    0xaa, 0x4a, 0xa5, 0xab, 0x42, 0x84, 0x48, 0x4d,
    0x8f, 0x0, 0x8f, 0xf0,

    /* U+9000 "退" */
    0x67, 0xf0, 0x90, 0x42, 0x7f, 0x1, 0x4, 0x4,
    0x13, 0x9f, 0xc2, 0x51, 0x89, 0x38, 0x25, 0x30,
    0x98, 0x67, 0x80, 0x31, 0xfe,

    /* U+9001 "送" */
    0x0, 0x4, 0x44, 0x22, 0x82, 0xfe, 0x1, 0xe,
    0x10, 0x2f, 0xf2, 0x10, 0x22, 0x82, 0x66, 0x2c,
    0x27, 0x0, 0xcf, 0xf0,

    /* U+9020 "造" */
    0x44, 0x83, 0x3f, 0x8a, 0x20, 0x1, 0xe, 0xff,
    0x90, 0x0, 0x9f, 0xc4, 0x82, 0x27, 0xf1, 0x20,
    0x9e, 0x1, 0xf, 0xf0,

    /* U+90E8 "部" */
    0x10, 0x1, 0x1f, 0xff, 0xa4, 0x5a, 0x6d, 0xa2,
    0x9a, 0xff, 0xc0, 0x1a, 0x7d, 0x94, 0x59, 0x45,
    0xf7, 0xd8, 0x45, 0x80,

    /* U+914D "配" */
    0xfd, 0xf2, 0x80, 0x94, 0x5, 0xf8, 0x2d, 0x41,
    0x6a, 0xfb, 0x54, 0x1b, 0xa0, 0x85, 0x7, 0xe8,
    0x3f, 0x43, 0xb, 0xe0,

    /* U+91C7 "采" */
    0x3, 0xe3, 0xe1, 0x9, 0x88, 0x64, 0xc1, 0x4,
    0x1, 0x3, 0xff, 0xe0, 0xf0, 0xa, 0x81, 0x93,
    0x38, 0x8e, 0x4, 0x0,

    /* U+91CD "重" */
    0x0, 0x87, 0xfc, 0x4, 0xf, 0xff, 0x4, 0x7,
    0xf8, 0x44, 0x87, 0xf8, 0x44, 0x83, 0xf0, 0x7f,
    0xe0, 0x40, 0xff, 0xf0,

    /* U+9501 "锁" */
    0x20, 0x81, 0x34, 0x9e, 0xe9, 0x81, 0xf, 0xbf,
    0x11, 0x8, 0x8b, 0x5f, 0x5a, 0x22, 0x91, 0x44,
    0xc, 0x6c, 0x4e, 0x30,

    /* U+9519 "错" */
    0x21, 0x23, 0x9, 0x1d, 0xff, 0x2, 0x47, 0x7f,
    0x90, 0x3, 0xef, 0xc4, 0x42, 0x2b, 0xf1, 0xd0,
    0x8c, 0x84, 0x47, 0xe0,

    /* U+952E "键" */
    0x20, 0x41, 0x77, 0x9d, 0x15, 0x8b, 0xf7, 0x45,
    0x17, 0x78, 0x89, 0xe, 0x7e, 0x2a, 0x41, 0x2f,
    0x8d, 0x90, 0x53, 0xf0,

    /* U+957F "长" */
    0x10, 0x81, 0x18, 0x11, 0x1, 0x60, 0x14, 0xf,
    0xff, 0x12, 0x1, 0x10, 0x11, 0x81, 0x6c, 0x1c,
    0x61, 0x3,

    /* U+95ED "闭" */
    0x40, 0xd, 0xfc, 0x80, 0xc1, 0x18, 0x23, 0x7f,
    0x61, 0x8c, 0x71, 0x9a, 0x36, 0x46, 0x88, 0xc7,
    0x18, 0x6,

    /* U+95F0 "闰" */
    0x40, 0xc, 0xfc, 0x0, 0xdf, 0xd8, 0x43, 0x8,
    0x67, 0xcc, 0x21, 0x84, 0x37, 0xf6, 0x0, 0xc0,
    0x30,

    /* U+95F2 "闲" */
    0x40, 0xd, 0xfc, 0x80, 0x80, 0x18, 0x43, 0x8,
    0x6f, 0xec, 0x61, 0x9d, 0x32, 0x96, 0x90, 0xc2,
    0x18, 0x6,

    /* U+95F4 "间" */
    0x40, 0x5, 0xfc, 0x80, 0xc0, 0x19, 0xf3, 0x22,
    0x64, 0x4c, 0xf9, 0x91, 0x32, 0x26, 0x7c, 0xc0,
    0x18, 0xe,

    /* U+9634 "阴" */
    0xfb, 0xf2, 0x46, 0x48, 0xc9, 0x1a, 0x3f, 0x44,
    0x64, 0x8c, 0x9f, 0x92, 0x36, 0x86, 0x30, 0xcc,
    0x30,

    /* U+9635 "阵" */
    0x1, 0xf, 0x10, 0xa3, 0xa, 0xff, 0xa2, 0xc,
    0x48, 0xa4, 0x8a, 0xff, 0x90, 0x8b, 0x8, 0xaf,
    0xf8, 0x8, 0x80, 0x80,

    /* U+9636 "阶" */
    0x1, 0x87, 0x8c, 0x24, 0x61, 0x24, 0x8a, 0x62,
    0x52, 0x1e, 0xa9, 0x12, 0x48, 0x92, 0x44, 0x92,
    0x2c, 0x91, 0x8, 0x88, 0xc4, 0x0,

    /* U+964D "降" */
    0x0, 0x7, 0x90, 0x28, 0xf9, 0x4c, 0x8a, 0x9c,
    0x51, 0xe2, 0xb2, 0xd2, 0xfe, 0x90, 0x85, 0xc4,
    0x23, 0xfd, 0x1, 0x8, 0x8, 0x0,

    /* U+9664 "除" */
    0x1, 0xf, 0x30, 0x92, 0x8a, 0x4c, 0xa4, 0x6a,
    0xff, 0xa1, 0x9, 0xfe, 0x91, 0xb, 0x54, 0x89,
    0x29, 0x93, 0x83, 0x0,

    /* U+96E8 "雨" */
    0xff, 0xf0, 0x20, 0x2, 0x7, 0xff, 0x42, 0x15,
    0xa9, 0x4a, 0x54, 0x21, 0x52, 0x94, 0xa5, 0x42,
    0x14, 0x3,

    /* U+96EA "雪" */
    0x7f, 0xc0, 0x40, 0xff, 0xf8, 0x41, 0xb5, 0xd0,
    0x40, 0x30, 0xc7, 0xfe, 0x0, 0x23, 0xfe, 0x0,
    0x27, 0xfe,

    /* U+96F7 "雷" */
    0x3f, 0xf0, 0x10, 0x3f, 0xff, 0x4, 0x3b, 0x2d,
    0x9d, 0x70, 0x8, 0xf, 0xfc, 0x7f, 0xe2, 0x11,
    0x10, 0x88, 0xff, 0xc0,

    /* U+96F9 "雹" */
    0x7f, 0xe0, 0x40, 0xff, 0xff, 0x5d, 0x75, 0xc2,
    0x0, 0x3f, 0xe4, 0x6, 0xfe, 0x47, 0xec, 0x60,
    0x33, 0xfe,

    /* U+96FE "雾" */
    0x7f, 0xe0, 0x40, 0xff, 0xef, 0x5e, 0x75, 0xc3,
    0xf8, 0x59, 0x0, 0xf0, 0xfc, 0xe7, 0xfc, 0x8,
    0x4f, 0x18,

    /* U+9700 "需" */
    0x7f, 0xe0, 0x20, 0xff, 0xf8, 0x21, 0x36, 0x83,
    0x7c, 0x0, 0x7, 0xfe, 0x7f, 0xe4, 0x92, 0x49,
    0x24, 0x96,

    /* U+971C "霜" */
    0x3f, 0xf0, 0x20, 0x7f, 0xf4, 0x21, 0x1a, 0xc3,
    0xee, 0x0, 0x1, 0x3f, 0x7e, 0x13, 0x3f, 0x37,
    0xf5, 0x21, 0x53, 0xf0,

    /* U+9732 "露" */
    0x7f, 0xe0, 0x40, 0xff, 0xfb, 0xdd, 0x3d, 0xc0,
    0x30, 0x7b, 0xe4, 0xd4, 0x31, 0xe5, 0xe1, 0x53,
    0xee, 0xbe,

    /* U+973E "霾" */
    0xff, 0xcf, 0xfe, 0xb5, 0xe8, 0x42, 0x31, 0xc2,
    0x7e, 0xc4, 0xa7, 0x7e, 0xd7, 0xe7, 0x8, 0x37,
    0xef, 0x7f, 0x0, 0x0,

    /* U+975E "非" */
    0x9, 0x0, 0x90, 0xf9, 0xf0, 0x90, 0x9, 0x7,
    0x9f, 0x9, 0x0, 0x90, 0xf9, 0xf0, 0x90, 0x9,
    0x0, 0x90,

    /* U+97F3 "音" */
    0x4, 0x0, 0x40, 0x7f, 0xe1, 0x8, 0x19, 0x8f,
    0xff, 0x0, 0x3, 0xfc, 0x20, 0x43, 0xfc, 0x20,
    0x42, 0x4, 0x3f, 0xc0,

    /* U+9891 "频" */
    0x13, 0xf5, 0x8, 0x5c, 0x85, 0x3f, 0xfe, 0x11,
    0x2d, 0x56, 0x95, 0x69, 0x9a, 0x91, 0x8, 0x21,
    0x6c, 0x71,

    /* U+989D "额" */
    0x0, 0x3, 0x3f, 0xfc, 0x88, 0x48, 0x63, 0xe7,
    0xbe, 0x9a, 0xe3, 0x2a, 0x4e, 0xaf, 0xaa, 0x48,
    0x87, 0x96, 0x4e, 0x10,

    /* U+98CE "风" */
    0x3f, 0xe1, 0x1, 0x8, 0x8, 0x51, 0x42, 0x52,
    0x11, 0x90, 0x8c, 0x84, 0xe4, 0x2c, 0xa2, 0xc5,
    0x50, 0x7, 0x80, 0x30,

    /* U+9A8C "验" */
    0x1, 0xf, 0x18, 0xd2, 0xc9, 0x46, 0x9f, 0xd9,
    0x0, 0xfd, 0x21, 0xd4, 0x33, 0x4f, 0x24, 0x10,
    0x43, 0x7e, 0x20, 0x0,

    /* U+9EA6 "麦" */
    0x2, 0x3, 0xff, 0x80, 0x80, 0x7f, 0xe0, 0x20,
    0x7f, 0xfc, 0x10, 0x1, 0xf8, 0x18, 0xc3, 0x24,
    0x0, 0xc0, 0x3b, 0xf6, 0x1, 0x0,

    /* U+9EC4 "黄" */
    0x8, 0x83, 0xff, 0x82, 0x21, 0xff, 0xf0, 0x20,
    0x1f, 0xf0, 0x88, 0x87, 0xfc, 0x22, 0x21, 0xff,
    0x2, 0x30, 0x60, 0xc4, 0x1, 0x0,

    /* U+9F99 "龙" */
    0x0, 0x0, 0x24, 0x1, 0x30, 0x8, 0xf, 0xff,
    0x2, 0x80, 0x34, 0x1, 0x2c, 0x9, 0xc0, 0x8c,
    0xc, 0xc0, 0xce, 0x2c, 0x9f, 0x0,

    /* U+FF01 "！" */
    0xfc, 0x40,

    /* U+FF08 "（" */
    0x12, 0x4c, 0x88, 0x88, 0x44, 0x31,

    /* U+FF09 "）" */
    0x84, 0x23, 0x11, 0x11, 0x22, 0x40,

    /* U+FF0C "，" */
    0xf6,

    /* U+FF1A "：" */
    0xf3, 0xc0,

    /* U+FF1B "；" */
    0xf3, 0xd8,

    /* U+FF1F "？" */
    0x7, 0xa2, 0x31, 0x10, 0x88, 0x3, 0x0
};


/*---------------------
 *  GLYPH DESCRIPTION
 *--------------------*/

static const lv_font_fmt_txt_glyph_dsc_t glyph_dsc[] = {
    {.bitmap_index = 0, .adv_w = 0, .box_w = 0, .box_h = 0, .ofs_x = 0, .ofs_y = 0} /* id = 0 reserved */,
    {.bitmap_index = 0, .adv_w = 112, .box_w = 1, .box_h = 1, .ofs_x = 0, .ofs_y = 0},
    {.bitmap_index = 1, .adv_w = 112, .box_w = 1, .box_h = 11, .ofs_x = 3, .ofs_y = 0},
    {.bitmap_index = 3, .adv_w = 112, .box_w = 3, .box_h = 3, .ofs_x = 2, .ofs_y = 7},
    {.bitmap_index = 5, .adv_w = 112, .box_w = 6, .box_h = 10, .ofs_x = 1, .ofs_y = 0},
    {.bitmap_index = 13, .adv_w = 112, .box_w = 5, .box_h = 14, .ofs_x = 1, .ofs_y = -2},
    {.bitmap_index = 22, .adv_w = 112, .box_w = 6, .box_h = 10, .ofs_x = 1, .ofs_y = 0},
    {.bitmap_index = 30, .adv_w = 112, .box_w = 6, .box_h = 10, .ofs_x = 1, .ofs_y = 0},
    {.bitmap_index = 38, .adv_w = 112, .box_w = 1, .box_h = 3, .ofs_x = 3, .ofs_y = 7},
    {.bitmap_index = 39, .adv_w = 112, .box_w = 4, .box_h = 13, .ofs_x = 3, .ofs_y = -1},
    {.bitmap_index = 46, .adv_w = 112, .box_w = 4, .box_h = 13, .ofs_x = 0, .ofs_y = -1},
    {.bitmap_index = 53, .adv_w = 112, .box_w = 7, .box_h = 7, .ofs_x = 0, .ofs_y = 3},
    {.bitmap_index = 60, .adv_w = 112, .box_w = 7, .box_h = 6, .ofs_x = 0, .ofs_y = 2},
    {.bitmap_index = 66, .adv_w = 112, .box_w = 1, .box_h = 3, .ofs_x = 1, .ofs_y = -2},
    {.bitmap_index = 67, .adv_w = 112, .box_w = 7, .box_h = 1, .ofs_x = 0, .ofs_y = 5},
    {.bitmap_index = 68, .adv_w = 112, .box_w = 1, .box_h = 1, .ofs_x = 1, .ofs_y = 0},
    {.bitmap_index = 69, .adv_w = 112, .box_w = 7, .box_h = 11, .ofs_x = 0, .ofs_y = 0},
    {.bitmap_index = 79, .adv_w = 112, .box_w = 6, .box_h = 11, .ofs_x = 0, .ofs_y = -1},
    {.bitmap_index = 88, .adv_w = 112, .box_w = 3, .box_h = 10, .ofs_x = 1, .ofs_y = 0},
    {.bitmap_index = 92, .adv_w = 112, .box_w = 6, .box_h = 10, .ofs_x = 1, .ofs_y = 0},
    {.bitmap_index = 100, .adv_w = 112, .box_w = 5, .box_h = 10, .ofs_x = 1, .ofs_y = 0},
    {.bitmap_index = 107, .adv_w = 112, .box_w = 7, .box_h = 10, .ofs_x = 1, .ofs_y = 0},
    {.bitmap_index = 116, .adv_w = 112, .box_w = 6, .box_h = 10, .ofs_x = 0, .ofs_y = 0},
    {.bitmap_index = 124, .adv_w = 112, .box_w = 6, .box_h = 10, .ofs_x = 1, .ofs_y = 0},
    {.bitmap_index = 132, .adv_w = 112, .box_w = 6, .box_h = 10, .ofs_x = 1, .ofs_y = 0},
    {.bitmap_index = 140, .adv_w = 112, .box_w = 6, .box_h = 10, .ofs_x = 1, .ofs_y = 0},
    {.bitmap_index = 148, .adv_w = 112, .box_w = 6, .box_h = 10, .ofs_x = 0, .ofs_y = 0},
    {.bitmap_index = 156, .adv_w = 112, .box_w = 1, .box_h = 7, .ofs_x = 3, .ofs_y = 0},
    {.bitmap_index = 157, .adv_w = 112, .box_w = 1, .box_h = 9, .ofs_x = 3, .ofs_y = -2},
    {.bitmap_index = 159, .adv_w = 112, .box_w = 6, .box_h = 11, .ofs_x = 0, .ofs_y = 0},
    {.bitmap_index = 168, .adv_w = 112, .box_w = 7, .box_h = 5, .ofs_x = 0, .ofs_y = 3},
    {.bitmap_index = 173, .adv_w = 112, .box_w = 6, .box_h = 11, .ofs_x = 0, .ofs_y = 0},
    {.bitmap_index = 182, .adv_w = 112, .box_w = 5, .box_h = 10, .ofs_x = 1, .ofs_y = 0},
    {.bitmap_index = 189, .adv_w = 112, .box_w = 7, .box_h = 10, .ofs_x = 1, .ofs_y = 0},
    {.bitmap_index = 198, .adv_w = 112, .box_w = 7, .box_h = 10, .ofs_x = 0, .ofs_y = 0},
    {.bitmap_index = 207, .adv_w = 112, .box_w = 6, .box_h = 10, .ofs_x = 1, .ofs_y = 0},
    {.bitmap_index = 215, .adv_w = 112, .box_w = 6, .box_h = 10, .ofs_x = 1, .ofs_y = 0},
    {.bitmap_index = 223, .adv_w = 112, .box_w = 6, .box_h = 10, .ofs_x = 1, .ofs_y = 0},
    {.bitmap_index = 231, .adv_w = 112, .box_w = 5, .box_h = 10, .ofs_x = 1, .ofs_y = 0},
    {.bitmap_index = 238, .adv_w = 112, .box_w = 5, .box_h = 10, .ofs_x = 1, .ofs_y = 0},
    {.bitmap_index = 245, .adv_w = 112, .box_w = 6, .box_h = 10, .ofs_x = 1, .ofs_y = 0},
    {.bitmap_index = 253, .adv_w = 112, .box_w = 6, .box_h = 10, .ofs_x = 1, .ofs_y = 0},
    {.bitmap_index = 261, .adv_w = 112, .box_w = 1, .box_h = 10, .ofs_x = 3, .ofs_y = 0},
    {.bitmap_index = 263, .adv_w = 112, .box_w = 5, .box_h = 10, .ofs_x = 1, .ofs_y = 0},
    {.bitmap_index = 270, .adv_w = 112, .box_w = 6, .box_h = 10, .ofs_x = 1, .ofs_y = 0},
    {.bitmap_index = 278, .adv_w = 112, .box_w = 5, .box_h = 10, .ofs_x = 1, .ofs_y = 0},
    {.bitmap_index = 285, .adv_w = 112, .box_w = 6, .box_h = 10, .ofs_x = 1, .ofs_y = 0},
    {.bitmap_index = 293, .adv_w = 112, .box_w = 6, .box_h = 10, .ofs_x = 1, .ofs_y = 0},
    {.bitmap_index = 301, .adv_w = 112, .box_w = 6, .box_h = 10, .ofs_x = 1, .ofs_y = 0},
    {.bitmap_index = 309, .adv_w = 112, .box_w = 6, .box_h = 10, .ofs_x = 1, .ofs_y = 0},
    {.bitmap_index = 317, .adv_w = 112, .box_w = 6, .box_h = 11, .ofs_x = 1, .ofs_y = -1},
    {.bitmap_index = 326, .adv_w = 112, .box_w = 6, .box_h = 10, .ofs_x = 1, .ofs_y = 0},
    {.bitmap_index = 334, .adv_w = 112, .box_w = 6, .box_h = 10, .ofs_x = 1, .ofs_y = 0},
    {.bitmap_index = 342, .adv_w = 112, .box_w = 6, .box_h = 10, .ofs_x = 1, .ofs_y = 0},
    {.bitmap_index = 350, .adv_w = 112, .box_w = 6, .box_h = 10, .ofs_x = 1, .ofs_y = 0},
    {.bitmap_index = 358, .adv_w = 112, .box_w = 7, .box_h = 10, .ofs_x = 0, .ofs_y = 0},
    {.bitmap_index = 367, .adv_w = 112, .box_w = 7, .box_h = 10, .ofs_x = 0, .ofs_y = 0},
    {.bitmap_index = 376, .adv_w = 112, .box_w = 7, .box_h = 10, .ofs_x = 0, .ofs_y = 0},
    {.bitmap_index = 385, .adv_w = 112, .box_w = 7, .box_h = 10, .ofs_x = 0, .ofs_y = 0},
    {.bitmap_index = 394, .adv_w = 112, .box_w = 6, .box_h = 10, .ofs_x = 1, .ofs_y = 0},
    {.bitmap_index = 402, .adv_w = 112, .box_w = 4, .box_h = 13, .ofs_x = 3, .ofs_y = -1},
    {.bitmap_index = 409, .adv_w = 112, .box_w = 5, .box_h = 12, .ofs_x = 1, .ofs_y = -2},
    {.bitmap_index = 417, .adv_w = 112, .box_w = 4, .box_h = 13, .ofs_x = 0, .ofs_y = -1},
    {.bitmap_index = 424, .adv_w = 112, .box_w = 5, .box_h = 3, .ofs_x = 1, .ofs_y = 10},
    {.bitmap_index = 426, .adv_w = 112, .box_w = 7, .box_h = 1, .ofs_x = 0, .ofs_y = -2},
    {.bitmap_index = 427, .adv_w = 112, .box_w = 3, .box_h = 3, .ofs_x = 2, .ofs_y = 9},
    {.bitmap_index = 429, .adv_w = 112, .box_w = 5, .box_h = 7, .ofs_x = 1, .ofs_y = 0},
    {.bitmap_index = 434, .adv_w = 112, .box_w = 5, .box_h = 10, .ofs_x = 1, .ofs_y = 0},
    {.bitmap_index = 441, .adv_w = 112, .box_w = 6, .box_h = 7, .ofs_x = 1, .ofs_y = 0},
    {.bitmap_index = 447, .adv_w = 112, .box_w = 5, .box_h = 10, .ofs_x = 1, .ofs_y = 0},
    {.bitmap_index = 454, .adv_w = 112, .box_w = 6, .box_h = 7, .ofs_x = 1, .ofs_y = 0},
    {.bitmap_index = 460, .adv_w = 112, .box_w = 6, .box_h = 10, .ofs_x = 0, .ofs_y = 0},
    {.bitmap_index = 468, .adv_w = 112, .box_w = 6, .box_h = 9, .ofs_x = 1, .ofs_y = -2},
    {.bitmap_index = 475, .adv_w = 112, .box_w = 5, .box_h = 10, .ofs_x = 1, .ofs_y = 0},
    {.bitmap_index = 482, .adv_w = 112, .box_w = 1, .box_h = 10, .ofs_x = 3, .ofs_y = 0},
    {.bitmap_index = 484, .adv_w = 112, .box_w = 4, .box_h = 12, .ofs_x = 1, .ofs_y = -2},
    {.bitmap_index = 490, .adv_w = 112, .box_w = 5, .box_h = 10, .ofs_x = 1, .ofs_y = 0},
    {.bitmap_index = 497, .adv_w = 112, .box_w = 1, .box_h = 10, .ofs_x = 3, .ofs_y = 0},
    {.bitmap_index = 499, .adv_w = 112, .box_w = 7, .box_h = 7, .ofs_x = 1, .ofs_y = 0},
    {.bitmap_index = 506, .adv_w = 112, .box_w = 5, .box_h = 7, .ofs_x = 1, .ofs_y = 0},
    {.bitmap_index = 511, .adv_w = 112, .box_w = 6, .box_h = 7, .ofs_x = 1, .ofs_y = 0},
    {.bitmap_index = 517, .adv_w = 112, .box_w = 5, .box_h = 9, .ofs_x = 1, .ofs_y = -2},
    {.bitmap_index = 523, .adv_w = 112, .box_w = 5, .box_h = 9, .ofs_x = 1, .ofs_y = -2},
    {.bitmap_index = 529, .adv_w = 112, .box_w = 4, .box_h = 7, .ofs_x = 1, .ofs_y = 0},
    {.bitmap_index = 533, .adv_w = 112, .box_w = 5, .box_h = 7, .ofs_x = 1, .ofs_y = 0},
    {.bitmap_index = 538, .adv_w = 112, .box_w = 6, .box_h = 9, .ofs_x = 0, .ofs_y = 0},
    {.bitmap_index = 545, .adv_w = 112, .box_w = 5, .box_h = 7, .ofs_x = 1, .ofs_y = 0},
    {.bitmap_index = 550, .adv_w = 112, .box_w = 6, .box_h = 7, .ofs_x = 0, .ofs_y = 0},
    {.bitmap_index = 556, .adv_w = 112, .box_w = 7, .box_h = 7, .ofs_x = 0, .ofs_y = 0},
    {.bitmap_index = 563, .adv_w = 112, .box_w = 6, .box_h = 7, .ofs_x = 0, .ofs_y = 0},
    {.bitmap_index = 569, .adv_w = 112, .box_w = 6, .box_h = 9, .ofs_x = 0, .ofs_y = -2},
    {.bitmap_index = 576, .adv_w = 112, .box_w = 5, .box_h = 7, .ofs_x = 1, .ofs_y = 0},
    {.bitmap_index = 581, .adv_w = 112, .box_w = 3, .box_h = 13, .ofs_x = 3, .ofs_y = -1},
    {.bitmap_index = 586, .adv_w = 112, .box_w = 1, .box_h = 15, .ofs_x = 3, .ofs_y = -2},
    {.bitmap_index = 588, .adv_w = 112, .box_w = 3, .box_h = 13, .ofs_x = 1, .ofs_y = -1},
    {.bitmap_index = 593, .adv_w = 112, .box_w = 5, .box_h = 3, .ofs_x = 1, .ofs_y = 10},
    {.bitmap_index = 595, .adv_w = 224, .box_w = 3, .box_h = 3, .ofs_x = 2, .ofs_y = 8},
    {.bitmap_index = 597, .adv_w = 224, .box_w = 3, .box_h = 5, .ofs_x = 2, .ofs_y = -1},
    {.bitmap_index = 599, .adv_w = 224, .box_w = 3, .box_h = 3, .ofs_x = 2, .ofs_y = 0},
    {.bitmap_index = 601, .adv_w = 224, .box_w = 12, .box_h = 1, .ofs_x = 1, .ofs_y = 5},
    {.bitmap_index = 603, .adv_w = 224, .box_w = 13, .box_h = 12, .ofs_x = 0, .ofs_y = -1},
    {.bitmap_index = 623, .adv_w = 224, .box_w = 12, .box_h = 10, .ofs_x = 1, .ofs_y = 0},
    {.bitmap_index = 638, .adv_w = 224, .box_w = 12, .box_h = 12, .ofs_x = 1, .ofs_y = -1},
    {.bitmap_index = 656, .adv_w = 224, .box_w = 12, .box_h = 11, .ofs_x = 1, .ofs_y = -1},
    {.bitmap_index = 673, .adv_w = 224, .box_w = 12, .box_h = 12, .ofs_x = 1, .ofs_y = -1},
    {.bitmap_index = 691, .adv_w = 224, .box_w = 12, .box_h = 12, .ofs_x = 1, .ofs_y = -1},
    {.bitmap_index = 709, .adv_w = 224, .box_w = 13, .box_h = 13, .ofs_x = 0, .ofs_y = -2},
    {.bitmap_index = 731, .adv_w = 224, .box_w = 11, .box_h = 12, .ofs_x = 2, .ofs_y = -1},
    {.bitmap_index = 748, .adv_w = 224, .box_w = 13, .box_h = 12, .ofs_x = 0, .ofs_y = -1},
    {.bitmap_index = 768, .adv_w = 224, .box_w = 12, .box_h = 12, .ofs_x = 1, .ofs_y = -1},
    {.bitmap_index = 786, .adv_w = 224, .box_w = 10, .box_h = 11, .ofs_x = 2, .ofs_y = -1},
    {.bitmap_index = 800, .adv_w = 224, .box_w = 12, .box_h = 14, .ofs_x = 1, .ofs_y = -2},
    {.bitmap_index = 821, .adv_w = 224, .box_w = 12, .box_h = 9, .ofs_x = 1, .ofs_y = 0},
    {.bitmap_index = 835, .adv_w = 224, .box_w = 13, .box_h = 12, .ofs_x = 0, .ofs_y = -1},
    {.bitmap_index = 855, .adv_w = 224, .box_w = 12, .box_h = 11, .ofs_x = 1, .ofs_y = -1},
    {.bitmap_index = 872, .adv_w = 224, .box_w = 12, .box_h = 10, .ofs_x = 1, .ofs_y = 0},
    {.bitmap_index = 887, .adv_w = 224, .box_w = 12, .box_h = 12, .ofs_x = 1, .ofs_y = -1},
    {.bitmap_index = 905, .adv_w = 224, .box_w = 12, .box_h = 13, .ofs_x = 1, .ofs_y = -1},
    {.bitmap_index = 925, .adv_w = 224, .box_w = 12, .box_h = 13, .ofs_x = 1, .ofs_y = -2},
    {.bitmap_index = 945, .adv_w = 224, .box_w = 12, .box_h = 12, .ofs_x = 1, .ofs_y = -1},
    {.bitmap_index = 963, .adv_w = 224, .box_w = 14, .box_h = 13, .ofs_x = 0, .ofs_y = -1},
    {.bitmap_index = 986, .adv_w = 224, .box_w = 13, .box_h = 13, .ofs_x = 1, .ofs_y = -1},
    {.bitmap_index = 1008, .adv_w = 224, .box_w = 13, .box_h = 13, .ofs_x = 1, .ofs_y = -1},
    {.bitmap_index = 1030, .adv_w = 224, .box_w = 13, .box_h = 12, .ofs_x = 1, .ofs_y = -1},
    {.bitmap_index = 1050, .adv_w = 224, .box_w = 13, .box_h = 14, .ofs_x = 0, .ofs_y = -2},
    {.bitmap_index = 1073, .adv_w = 224, .box_w = 13, .box_h = 12, .ofs_x = 1, .ofs_y = -1},
    {.bitmap_index = 1093, .adv_w = 224, .box_w = 13, .box_h = 12, .ofs_x = 0, .ofs_y = -1},
    {.bitmap_index = 1113, .adv_w = 224, .box_w = 13, .box_h = 12, .ofs_x = 0, .ofs_y = -1},
    {.bitmap_index = 1133, .adv_w = 224, .box_w = 13, .box_h = 13, .ofs_x = 1, .ofs_y = -1},
    {.bitmap_index = 1155, .adv_w = 224, .box_w = 13, .box_h = 13, .ofs_x = 1, .ofs_y = -1},
    {.bitmap_index = 1177, .adv_w = 224, .box_w = 13, .box_h = 13, .ofs_x = 1, .ofs_y = -1},
    {.bitmap_index = 1199, .adv_w = 224, .box_w = 13, .box_h = 12, .ofs_x = 0, .ofs_y = -1},
    {.bitmap_index = 1219, .adv_w = 224, .box_w = 13, .box_h = 13, .ofs_x = 0, .ofs_y = -1},
    {.bitmap_index = 1241, .adv_w = 224, .box_w = 14, .box_h = 13, .ofs_x = 0, .ofs_y = -1},
    {.bitmap_index = 1264, .adv_w = 224, .box_w = 13, .box_h = 13, .ofs_x = 0, .ofs_y = -1},
    {.bitmap_index = 1286, .adv_w = 224, .box_w = 12, .box_h = 11, .ofs_x = 1, .ofs_y = -1},
    {.bitmap_index = 1303, .adv_w = 224, .box_w = 12, .box_h = 12, .ofs_x = 1, .ofs_y = -1},
    {.bitmap_index = 1321, .adv_w = 224, .box_w = 12, .box_h = 12, .ofs_x = 2, .ofs_y = -1},
    {.bitmap_index = 1339, .adv_w = 224, .box_w = 13, .box_h = 12, .ofs_x = 0, .ofs_y = -1},
    {.bitmap_index = 1359, .adv_w = 224, .box_w = 13, .box_h = 12, .ofs_x = 0, .ofs_y = -1},
    {.bitmap_index = 1379, .adv_w = 224, .box_w = 12, .box_h = 12, .ofs_x = 1, .ofs_y = -1},
    {.bitmap_index = 1397, .adv_w = 224, .box_w = 12, .box_h = 12, .ofs_x = 1, .ofs_y = -1},
    {.bitmap_index = 1415, .adv_w = 224, .box_w = 12, .box_h = 12, .ofs_x = 1, .ofs_y = -1},
    {.bitmap_index = 1433, .adv_w = 224, .box_w = 11, .box_h = 12, .ofs_x = 2, .ofs_y = -1},
    {.bitmap_index = 1450, .adv_w = 224, .box_w = 13, .box_h = 12, .ofs_x = 1, .ofs_y = -1},
    {.bitmap_index = 1470, .adv_w = 224, .box_w = 12, .box_h = 12, .ofs_x = 1, .ofs_y = -1},
    {.bitmap_index = 1488, .adv_w = 224, .box_w = 12, .box_h = 13, .ofs_x = 1, .ofs_y = -2},
    {.bitmap_index = 1508, .adv_w = 224, .box_w = 12, .box_h = 13, .ofs_x = 1, .ofs_y = -1},
    {.bitmap_index = 1528, .adv_w = 224, .box_w = 12, .box_h = 12, .ofs_x = 1, .ofs_y = -1},
    {.bitmap_index = 1546, .adv_w = 224, .box_w = 11, .box_h = 12, .ofs_x = 1, .ofs_y = -1},
    {.bitmap_index = 1563, .adv_w = 224, .box_w = 14, .box_h = 13, .ofs_x = 0, .ofs_y = -1},
    {.bitmap_index = 1586, .adv_w = 224, .box_w = 13, .box_h = 13, .ofs_x = 0, .ofs_y = -2},
    {.bitmap_index = 1608, .adv_w = 224, .box_w = 12, .box_h = 12, .ofs_x = 0, .ofs_y = -1},
    {.bitmap_index = 1626, .adv_w = 224, .box_w = 11, .box_h = 12, .ofs_x = 2, .ofs_y = -1},
    {.bitmap_index = 1643, .adv_w = 224, .box_w = 13, .box_h = 12, .ofs_x = 1, .ofs_y = -1},
    {.bitmap_index = 1663, .adv_w = 224, .box_w = 12, .box_h = 12, .ofs_x = 0, .ofs_y = -1},
    {.bitmap_index = 1681, .adv_w = 224, .box_w = 13, .box_h = 13, .ofs_x = 0, .ofs_y = -1},
    {.bitmap_index = 1703, .adv_w = 224, .box_w = 12, .box_h = 12, .ofs_x = 1, .ofs_y = -1},
    {.bitmap_index = 1721, .adv_w = 224, .box_w = 13, .box_h = 12, .ofs_x = 0, .ofs_y = -1},
    {.bitmap_index = 1741, .adv_w = 224, .box_w = 13, .box_h = 12, .ofs_x = 1, .ofs_y = -1},
    {.bitmap_index = 1761, .adv_w = 224, .box_w = 12, .box_h = 12, .ofs_x = 1, .ofs_y = -1},
    {.bitmap_index = 1779, .adv_w = 224, .box_w = 12, .box_h = 13, .ofs_x = 1, .ofs_y = -2},
    {.bitmap_index = 1799, .adv_w = 224, .box_w = 13, .box_h = 12, .ofs_x = 0, .ofs_y = -1},
    {.bitmap_index = 1819, .adv_w = 224, .box_w = 12, .box_h = 13, .ofs_x = 1, .ofs_y = -1},
    {.bitmap_index = 1839, .adv_w = 224, .box_w = 11, .box_h = 13, .ofs_x = 2, .ofs_y = -2},
    {.bitmap_index = 1857, .adv_w = 224, .box_w = 13, .box_h = 12, .ofs_x = 1, .ofs_y = -1},
    {.bitmap_index = 1877, .adv_w = 224, .box_w = 13, .box_h = 12, .ofs_x = 1, .ofs_y = -1},
    {.bitmap_index = 1897, .adv_w = 224, .box_w = 12, .box_h = 12, .ofs_x = 1, .ofs_y = -1},
    {.bitmap_index = 1915, .adv_w = 224, .box_w = 13, .box_h = 12, .ofs_x = 0, .ofs_y = -1},
    {.bitmap_index = 1935, .adv_w = 224, .box_w = 12, .box_h = 12, .ofs_x = 1, .ofs_y = -1},
    {.bitmap_index = 1953, .adv_w = 224, .box_w = 12, .box_h = 12, .ofs_x = 1, .ofs_y = -1},
    {.bitmap_index = 1971, .adv_w = 224, .box_w = 12, .box_h = 13, .ofs_x = 1, .ofs_y = -1},
    {.bitmap_index = 1991, .adv_w = 224, .box_w = 13, .box_h = 12, .ofs_x = 0, .ofs_y = -2},
    {.bitmap_index = 2011, .adv_w = 224, .box_w = 12, .box_h = 13, .ofs_x = 0, .ofs_y = -2},
    {.bitmap_index = 2031, .adv_w = 224, .box_w = 13, .box_h = 12, .ofs_x = 0, .ofs_y = -1},
    {.bitmap_index = 2051, .adv_w = 224, .box_w = 13, .box_h = 13, .ofs_x = 0, .ofs_y = -2},
    {.bitmap_index = 2073, .adv_w = 224, .box_w = 12, .box_h = 13, .ofs_x = 1, .ofs_y = -2},
    {.bitmap_index = 2093, .adv_w = 224, .box_w = 12, .box_h = 12, .ofs_x = 1, .ofs_y = -1},
    {.bitmap_index = 2111, .adv_w = 224, .box_w = 10, .box_h = 10, .ofs_x = 2, .ofs_y = -1},
    {.bitmap_index = 2124, .adv_w = 224, .box_w = 12, .box_h = 13, .ofs_x = 1, .ofs_y = -2},
    {.bitmap_index = 2144, .adv_w = 224, .box_w = 12, .box_h = 11, .ofs_x = 1, .ofs_y = -1},
    {.bitmap_index = 2161, .adv_w = 224, .box_w = 11, .box_h = 12, .ofs_x = 2, .ofs_y = -1},
    {.bitmap_index = 2178, .adv_w = 224, .box_w = 13, .box_h = 12, .ofs_x = 1, .ofs_y = -1},
    {.bitmap_index = 2198, .adv_w = 224, .box_w = 12, .box_h = 12, .ofs_x = 1, .ofs_y = -1},
    {.bitmap_index = 2216, .adv_w = 224, .box_w = 11, .box_h = 12, .ofs_x = 1, .ofs_y = -1},
    {.bitmap_index = 2233, .adv_w = 224, .box_w = 11, .box_h = 13, .ofs_x = 1, .ofs_y = -1},
    {.bitmap_index = 2251, .adv_w = 224, .box_w = 13, .box_h = 12, .ofs_x = 0, .ofs_y = -1},
    {.bitmap_index = 2271, .adv_w = 224, .box_w = 11, .box_h = 13, .ofs_x = 1, .ofs_y = -1},
    {.bitmap_index = 2289, .adv_w = 224, .box_w = 12, .box_h = 12, .ofs_x = 0, .ofs_y = -1},
    {.bitmap_index = 2307, .adv_w = 224, .box_w = 13, .box_h = 13, .ofs_x = 0, .ofs_y = -1},
    {.bitmap_index = 2329, .adv_w = 224, .box_w = 12, .box_h = 13, .ofs_x = 1, .ofs_y = -1},
    {.bitmap_index = 2349, .adv_w = 224, .box_w = 13, .box_h = 12, .ofs_x = 0, .ofs_y = -1},
    {.bitmap_index = 2369, .adv_w = 224, .box_w = 11, .box_h = 11, .ofs_x = 1, .ofs_y = -1},
    {.bitmap_index = 2385, .adv_w = 224, .box_w = 11, .box_h = 12, .ofs_x = 2, .ofs_y = -1},
    {.bitmap_index = 2402, .adv_w = 224, .box_w = 11, .box_h = 12, .ofs_x = 1, .ofs_y = -1},
    {.bitmap_index = 2419, .adv_w = 224, .box_w = 13, .box_h = 12, .ofs_x = 0, .ofs_y = -1},
    {.bitmap_index = 2439, .adv_w = 224, .box_w = 13, .box_h = 12, .ofs_x = 0, .ofs_y = -1},
    {.bitmap_index = 2459, .adv_w = 224, .box_w = 13, .box_h = 13, .ofs_x = 1, .ofs_y = -1},
    {.bitmap_index = 2481, .adv_w = 224, .box_w = 13, .box_h = 12, .ofs_x = 0, .ofs_y = -1},
    {.bitmap_index = 2501, .adv_w = 224, .box_w = 14, .box_h = 13, .ofs_x = 0, .ofs_y = -2},
    {.bitmap_index = 2524, .adv_w = 224, .box_w = 13, .box_h = 12, .ofs_x = 1, .ofs_y = -1},
    {.bitmap_index = 2544, .adv_w = 224, .box_w = 13, .box_h = 13, .ofs_x = 1, .ofs_y = -1},
    {.bitmap_index = 2566, .adv_w = 224, .box_w = 13, .box_h = 12, .ofs_x = 0, .ofs_y = -1},
    {.bitmap_index = 2586, .adv_w = 224, .box_w = 12, .box_h = 13, .ofs_x = 1, .ofs_y = -1},
    {.bitmap_index = 2606, .adv_w = 224, .box_w = 12, .box_h = 13, .ofs_x = 1, .ofs_y = -2},
    {.bitmap_index = 2626, .adv_w = 224, .box_w = 13, .box_h = 13, .ofs_x = 0, .ofs_y = -2},
    {.bitmap_index = 2648, .adv_w = 224, .box_w = 13, .box_h = 12, .ofs_x = 1, .ofs_y = -1},
    {.bitmap_index = 2668, .adv_w = 224, .box_w = 12, .box_h = 12, .ofs_x = 1, .ofs_y = -1},
    {.bitmap_index = 2686, .adv_w = 224, .box_w = 12, .box_h = 12, .ofs_x = 1, .ofs_y = -1},
    {.bitmap_index = 2704, .adv_w = 224, .box_w = 12, .box_h = 13, .ofs_x = 1, .ofs_y = -1},
    {.bitmap_index = 2724, .adv_w = 224, .box_w = 13, .box_h = 12, .ofs_x = 1, .ofs_y = -1},
    {.bitmap_index = 2744, .adv_w = 224, .box_w = 12, .box_h = 12, .ofs_x = 1, .ofs_y = -1},
    {.bitmap_index = 2762, .adv_w = 224, .box_w = 13, .box_h = 12, .ofs_x = 1, .ofs_y = -1},
    {.bitmap_index = 2782, .adv_w = 224, .box_w = 12, .box_h = 13, .ofs_x = 1, .ofs_y = -1},
    {.bitmap_index = 2802, .adv_w = 224, .box_w = 12, .box_h = 13, .ofs_x = 1, .ofs_y = -1},
    {.bitmap_index = 2822, .adv_w = 224, .box_w = 12, .box_h = 12, .ofs_x = 1, .ofs_y = -1},
    {.bitmap_index = 2840, .adv_w = 224, .box_w = 11, .box_h = 12, .ofs_x = 1, .ofs_y = -1},
    {.bitmap_index = 2857, .adv_w = 224, .box_w = 12, .box_h = 12, .ofs_x = 1, .ofs_y = -1},
    {.bitmap_index = 2875, .adv_w = 224, .box_w = 12, .box_h = 14, .ofs_x = 1, .ofs_y = -2},
    {.bitmap_index = 2896, .adv_w = 224, .box_w = 13, .box_h = 12, .ofs_x = 1, .ofs_y = -1},
    {.bitmap_index = 2916, .adv_w = 224, .box_w = 13, .box_h = 13, .ofs_x = 1, .ofs_y = -1},
    {.bitmap_index = 2938, .adv_w = 224, .box_w = 12, .box_h = 14, .ofs_x = 1, .ofs_y = -2},
    {.bitmap_index = 2959, .adv_w = 224, .box_w = 13, .box_h = 12, .ofs_x = 0, .ofs_y = -1},
    {.bitmap_index = 2979, .adv_w = 224, .box_w = 12, .box_h = 13, .ofs_x = 1, .ofs_y = -1},
    {.bitmap_index = 2999, .adv_w = 224, .box_w = 13, .box_h = 13, .ofs_x = 1, .ofs_y = -1},
    {.bitmap_index = 3021, .adv_w = 224, .box_w = 13, .box_h = 12, .ofs_x = 0, .ofs_y = -1},
    {.bitmap_index = 3041, .adv_w = 224, .box_w = 13, .box_h = 12, .ofs_x = 0, .ofs_y = -1},
    {.bitmap_index = 3061, .adv_w = 224, .box_w = 11, .box_h = 13, .ofs_x = 2, .ofs_y = -2},
    {.bitmap_index = 3079, .adv_w = 224, .box_w = 13, .box_h = 12, .ofs_x = 0, .ofs_y = -1},
    {.bitmap_index = 3099, .adv_w = 224, .box_w = 12, .box_h = 12, .ofs_x = 1, .ofs_y = -1},
    {.bitmap_index = 3117, .adv_w = 224, .box_w = 13, .box_h = 12, .ofs_x = 1, .ofs_y = -1},
    {.bitmap_index = 3137, .adv_w = 224, .box_w = 13, .box_h = 12, .ofs_x = 0, .ofs_y = -1},
    {.bitmap_index = 3157, .adv_w = 224, .box_w = 11, .box_h = 12, .ofs_x = 1, .ofs_y = -1},
    {.bitmap_index = 3174, .adv_w = 224, .box_w = 13, .box_h = 10, .ofs_x = 0, .ofs_y = 0},
    {.bitmap_index = 3191, .adv_w = 224, .box_w = 12, .box_h = 11, .ofs_x = 1, .ofs_y = -1},
    {.bitmap_index = 3208, .adv_w = 224, .box_w = 12, .box_h = 12, .ofs_x = 1, .ofs_y = -1},
    {.bitmap_index = 3226, .adv_w = 224, .box_w = 13, .box_h = 12, .ofs_x = 1, .ofs_y = -1},
    {.bitmap_index = 3246, .adv_w = 224, .box_w = 12, .box_h = 12, .ofs_x = 1, .ofs_y = -1},
    {.bitmap_index = 3264, .adv_w = 224, .box_w = 13, .box_h = 13, .ofs_x = 0, .ofs_y = -1},
    {.bitmap_index = 3286, .adv_w = 224, .box_w = 13, .box_h = 13, .ofs_x = 0, .ofs_y = -1},
    {.bitmap_index = 3308, .adv_w = 224, .box_w = 12, .box_h = 13, .ofs_x = 1, .ofs_y = -1},
    {.bitmap_index = 3328, .adv_w = 224, .box_w = 13, .box_h = 14, .ofs_x = 0, .ofs_y = -2},
    {.bitmap_index = 3351, .adv_w = 224, .box_w = 12, .box_h = 13, .ofs_x = 1, .ofs_y = -1},
    {.bitmap_index = 3371, .adv_w = 224, .box_w = 13, .box_h = 12, .ofs_x = 1, .ofs_y = -1},
    {.bitmap_index = 3391, .adv_w = 224, .box_w = 13, .box_h = 12, .ofs_x = 1, .ofs_y = -1},
    {.bitmap_index = 3411, .adv_w = 224, .box_w = 12, .box_h = 12, .ofs_x = 1, .ofs_y = -1},
    {.bitmap_index = 3429, .adv_w = 224, .box_w = 12, .box_h = 12, .ofs_x = 1, .ofs_y = -1},
    {.bitmap_index = 3447, .adv_w = 224, .box_w = 12, .box_h = 12, .ofs_x = 1, .ofs_y = -1},
    {.bitmap_index = 3465, .adv_w = 224, .box_w = 12, .box_h = 12, .ofs_x = 1, .ofs_y = -1},
    {.bitmap_index = 3483, .adv_w = 224, .box_w = 12, .box_h = 13, .ofs_x = 1, .ofs_y = -2},
    {.bitmap_index = 3503, .adv_w = 224, .box_w = 11, .box_h = 12, .ofs_x = 2, .ofs_y = -1},
    {.bitmap_index = 3520, .adv_w = 224, .box_w = 13, .box_h = 13, .ofs_x = 1, .ofs_y = -2},
    {.bitmap_index = 3542, .adv_w = 224, .box_w = 12, .box_h = 12, .ofs_x = 1, .ofs_y = -1},
    {.bitmap_index = 3560, .adv_w = 224, .box_w = 13, .box_h = 12, .ofs_x = 1, .ofs_y = -1},
    {.bitmap_index = 3580, .adv_w = 224, .box_w = 12, .box_h = 12, .ofs_x = 1, .ofs_y = -1},
    {.bitmap_index = 3598, .adv_w = 224, .box_w = 13, .box_h = 12, .ofs_x = 1, .ofs_y = -1},
    {.bitmap_index = 3618, .adv_w = 224, .box_w = 13, .box_h = 12, .ofs_x = 0, .ofs_y = -1},
    {.bitmap_index = 3638, .adv_w = 224, .box_w = 12, .box_h = 13, .ofs_x = 1, .ofs_y = -1},
    {.bitmap_index = 3658, .adv_w = 224, .box_w = 13, .box_h = 12, .ofs_x = 1, .ofs_y = -1},
    {.bitmap_index = 3678, .adv_w = 224, .box_w = 12, .box_h = 13, .ofs_x = 1, .ofs_y = -1},
    {.bitmap_index = 3698, .adv_w = 224, .box_w = 13, .box_h = 12, .ofs_x = 1, .ofs_y = -1},
    {.bitmap_index = 3718, .adv_w = 224, .box_w = 13, .box_h = 13, .ofs_x = 0, .ofs_y = -1},
    {.bitmap_index = 3740, .adv_w = 224, .box_w = 14, .box_h = 13, .ofs_x = 0, .ofs_y = -1},
    {.bitmap_index = 3763, .adv_w = 224, .box_w = 12, .box_h = 13, .ofs_x = 1, .ofs_y = -1},
    {.bitmap_index = 3783, .adv_w = 224, .box_w = 13, .box_h = 12, .ofs_x = 1, .ofs_y = -1},
    {.bitmap_index = 3803, .adv_w = 224, .box_w = 13, .box_h = 13, .ofs_x = 1, .ofs_y = -2},
    {.bitmap_index = 3825, .adv_w = 224, .box_w = 12, .box_h = 12, .ofs_x = 1, .ofs_y = -1},
    {.bitmap_index = 3843, .adv_w = 224, .box_w = 13, .box_h = 12, .ofs_x = 1, .ofs_y = -1},
    {.bitmap_index = 3863, .adv_w = 224, .box_w = 13, .box_h = 12, .ofs_x = 1, .ofs_y = -1},
    {.bitmap_index = 3883, .adv_w = 224, .box_w = 13, .box_h = 13, .ofs_x = 1, .ofs_y = -2},
    {.bitmap_index = 3905, .adv_w = 224, .box_w = 13, .box_h = 12, .ofs_x = 1, .ofs_y = -1},
    {.bitmap_index = 3925, .adv_w = 224, .box_w = 12, .box_h = 12, .ofs_x = 1, .ofs_y = -1},
    {.bitmap_index = 3943, .adv_w = 224, .box_w = 13, .box_h = 13, .ofs_x = 1, .ofs_y = -2},
    {.bitmap_index = 3965, .adv_w = 224, .box_w = 12, .box_h = 12, .ofs_x = 1, .ofs_y = -1},
    {.bitmap_index = 3983, .adv_w = 224, .box_w = 13, .box_h = 13, .ofs_x = 1, .ofs_y = -2},
    {.bitmap_index = 4005, .adv_w = 224, .box_w = 13, .box_h = 12, .ofs_x = 1, .ofs_y = -1},
    {.bitmap_index = 4025, .adv_w = 224, .box_w = 13, .box_h = 12, .ofs_x = 0, .ofs_y = -1},
    {.bitmap_index = 4045, .adv_w = 224, .box_w = 13, .box_h = 12, .ofs_x = 0, .ofs_y = -1},
    {.bitmap_index = 4065, .adv_w = 224, .box_w = 13, .box_h = 13, .ofs_x = 1, .ofs_y = -2},
    {.bitmap_index = 4087, .adv_w = 224, .box_w = 13, .box_h = 12, .ofs_x = 0, .ofs_y = -1},
    {.bitmap_index = 4107, .adv_w = 224, .box_w = 13, .box_h = 12, .ofs_x = 1, .ofs_y = -1},
    {.bitmap_index = 4127, .adv_w = 224, .box_w = 13, .box_h = 14, .ofs_x = 1, .ofs_y = -2},
    {.bitmap_index = 4150, .adv_w = 224, .box_w = 12, .box_h = 13, .ofs_x = 1, .ofs_y = -2},
    {.bitmap_index = 4170, .adv_w = 224, .box_w = 13, .box_h = 12, .ofs_x = 0, .ofs_y = -1},
    {.bitmap_index = 4190, .adv_w = 224, .box_w = 12, .box_h = 13, .ofs_x = 1, .ofs_y = -2},
    {.bitmap_index = 4210, .adv_w = 224, .box_w = 12, .box_h = 12, .ofs_x = 1, .ofs_y = -1},
    {.bitmap_index = 4228, .adv_w = 224, .box_w = 13, .box_h = 13, .ofs_x = 0, .ofs_y = -1},
    {.bitmap_index = 4250, .adv_w = 224, .box_w = 13, .box_h = 14, .ofs_x = 0, .ofs_y = -2},
    {.bitmap_index = 4273, .adv_w = 224, .box_w = 12, .box_h = 12, .ofs_x = 1, .ofs_y = -2},
    {.bitmap_index = 4291, .adv_w = 224, .box_w = 9, .box_h = 12, .ofs_x = 3, .ofs_y = -1},
    {.bitmap_index = 4305, .adv_w = 224, .box_w = 13, .box_h = 12, .ofs_x = 1, .ofs_y = -1},
    {.bitmap_index = 4325, .adv_w = 224, .box_w = 13, .box_h = 12, .ofs_x = 1, .ofs_y = -1},
    {.bitmap_index = 4345, .adv_w = 224, .box_w = 11, .box_h = 13, .ofs_x = 1, .ofs_y = -2},
    {.bitmap_index = 4363, .adv_w = 224, .box_w = 12, .box_h = 12, .ofs_x = 1, .ofs_y = -1},
    {.bitmap_index = 4381, .adv_w = 224, .box_w = 14, .box_h = 12, .ofs_x = 0, .ofs_y = -1},
    {.bitmap_index = 4402, .adv_w = 224, .box_w = 13, .box_h = 12, .ofs_x = 1, .ofs_y = -1},
    {.bitmap_index = 4422, .adv_w = 224, .box_w = 11, .box_h = 12, .ofs_x = 1, .ofs_y = -1},
    {.bitmap_index = 4439, .adv_w = 224, .box_w = 12, .box_h = 12, .ofs_x = 1, .ofs_y = -1},
    {.bitmap_index = 4457, .adv_w = 224, .box_w = 12, .box_h = 12, .ofs_x = 1, .ofs_y = -1},
    {.bitmap_index = 4475, .adv_w = 224, .box_w = 13, .box_h = 12, .ofs_x = 0, .ofs_y = -2},
    {.bitmap_index = 4495, .adv_w = 224, .box_w = 10, .box_h = 12, .ofs_x = 1, .ofs_y = -1},
    {.bitmap_index = 4510, .adv_w = 224, .box_w = 13, .box_h = 13, .ofs_x = 0, .ofs_y = -1},
    {.bitmap_index = 4532, .adv_w = 224, .box_w = 12, .box_h = 12, .ofs_x = 1, .ofs_y = -1},
    {.bitmap_index = 4550, .adv_w = 224, .box_w = 13, .box_h = 13, .ofs_x = 0, .ofs_y = -2},
    {.bitmap_index = 4572, .adv_w = 224, .box_w = 13, .box_h = 12, .ofs_x = 0, .ofs_y = -1},
    {.bitmap_index = 4592, .adv_w = 224, .box_w = 13, .box_h = 12, .ofs_x = 1, .ofs_y = -1},
    {.bitmap_index = 4612, .adv_w = 224, .box_w = 13, .box_h = 12, .ofs_x = 1, .ofs_y = -1},
    {.bitmap_index = 4632, .adv_w = 224, .box_w = 13, .box_h = 12, .ofs_x = 0, .ofs_y = -1},
    {.bitmap_index = 4652, .adv_w = 224, .box_w = 13, .box_h = 12, .ofs_x = 0, .ofs_y = -1},
    {.bitmap_index = 4672, .adv_w = 224, .box_w = 13, .box_h = 12, .ofs_x = 1, .ofs_y = -1},
    {.bitmap_index = 4692, .adv_w = 224, .box_w = 14, .box_h = 12, .ofs_x = 0, .ofs_y = -1},
    {.bitmap_index = 4713, .adv_w = 224, .box_w = 13, .box_h = 12, .ofs_x = 1, .ofs_y = -1},
    {.bitmap_index = 4733, .adv_w = 224, .box_w = 13, .box_h = 12, .ofs_x = 0, .ofs_y = -1},
    {.bitmap_index = 4753, .adv_w = 224, .box_w = 13, .box_h = 12, .ofs_x = 1, .ofs_y = -1},
    {.bitmap_index = 4773, .adv_w = 224, .box_w = 13, .box_h = 12, .ofs_x = 0, .ofs_y = -1},
    {.bitmap_index = 4793, .adv_w = 224, .box_w = 13, .box_h = 12, .ofs_x = 1, .ofs_y = -1},
    {.bitmap_index = 4813, .adv_w = 224, .box_w = 13, .box_h = 12, .ofs_x = 1, .ofs_y = -1},
    {.bitmap_index = 4833, .adv_w = 224, .box_w = 13, .box_h = 12, .ofs_x = 1, .ofs_y = -1},
    {.bitmap_index = 4853, .adv_w = 224, .box_w = 12, .box_h = 12, .ofs_x = 1, .ofs_y = -1},
    {.bitmap_index = 4871, .adv_w = 224, .box_w = 12, .box_h = 13, .ofs_x = 1, .ofs_y = -2},
    {.bitmap_index = 4891, .adv_w = 224, .box_w = 13, .box_h = 12, .ofs_x = 1, .ofs_y = -1},
    {.bitmap_index = 4911, .adv_w = 224, .box_w = 13, .box_h = 12, .ofs_x = 1, .ofs_y = -1},
    {.bitmap_index = 4931, .adv_w = 224, .box_w = 12, .box_h = 12, .ofs_x = 1, .ofs_y = -1},
    {.bitmap_index = 4949, .adv_w = 224, .box_w = 12, .box_h = 11, .ofs_x = 1, .ofs_y = 0},
    {.bitmap_index = 4966, .adv_w = 224, .box_w = 12, .box_h = 11, .ofs_x = 1, .ofs_y = -1},
    {.bitmap_index = 4983, .adv_w = 224, .box_w = 12, .box_h = 12, .ofs_x = 1, .ofs_y = -1},
    {.bitmap_index = 5001, .adv_w = 224, .box_w = 12, .box_h = 12, .ofs_x = 1, .ofs_y = -1},
    {.bitmap_index = 5019, .adv_w = 224, .box_w = 12, .box_h = 13, .ofs_x = 1, .ofs_y = -2},
    {.bitmap_index = 5039, .adv_w = 224, .box_w = 12, .box_h = 12, .ofs_x = 1, .ofs_y = -1},
    {.bitmap_index = 5057, .adv_w = 224, .box_w = 12, .box_h = 13, .ofs_x = 1, .ofs_y = -1},
    {.bitmap_index = 5077, .adv_w = 224, .box_w = 13, .box_h = 12, .ofs_x = 0, .ofs_y = -1},
    {.bitmap_index = 5097, .adv_w = 224, .box_w = 13, .box_h = 12, .ofs_x = 0, .ofs_y = -1},
    {.bitmap_index = 5117, .adv_w = 224, .box_w = 13, .box_h = 12, .ofs_x = 0, .ofs_y = -1},
    {.bitmap_index = 5137, .adv_w = 224, .box_w = 13, .box_h = 12, .ofs_x = 0, .ofs_y = -1},
    {.bitmap_index = 5157, .adv_w = 224, .box_w = 12, .box_h = 13, .ofs_x = 1, .ofs_y = -2},
    {.bitmap_index = 5177, .adv_w = 224, .box_w = 12, .box_h = 14, .ofs_x = 1, .ofs_y = -2},
    {.bitmap_index = 5198, .adv_w = 224, .box_w = 13, .box_h = 12, .ofs_x = 0, .ofs_y = -1},
    {.bitmap_index = 5218, .adv_w = 224, .box_w = 12, .box_h = 14, .ofs_x = 1, .ofs_y = -2},
    {.bitmap_index = 5239, .adv_w = 224, .box_w = 13, .box_h = 13, .ofs_x = 1, .ofs_y = -1},
    {.bitmap_index = 5261, .adv_w = 224, .box_w = 13, .box_h = 13, .ofs_x = 0, .ofs_y = -1},
    {.bitmap_index = 5283, .adv_w = 224, .box_w = 13, .box_h = 13, .ofs_x = 0, .ofs_y = -2},
    {.bitmap_index = 5305, .adv_w = 224, .box_w = 12, .box_h = 13, .ofs_x = 1, .ofs_y = -1},
    {.bitmap_index = 5325, .adv_w = 224, .box_w = 13, .box_h = 12, .ofs_x = 0, .ofs_y = -1},
    {.bitmap_index = 5345, .adv_w = 224, .box_w = 12, .box_h = 12, .ofs_x = 1, .ofs_y = -1},
    {.bitmap_index = 5363, .adv_w = 224, .box_w = 13, .box_h = 12, .ofs_x = 0, .ofs_y = -1},
    {.bitmap_index = 5383, .adv_w = 224, .box_w = 13, .box_h = 12, .ofs_x = 0, .ofs_y = -1},
    {.bitmap_index = 5403, .adv_w = 224, .box_w = 13, .box_h = 12, .ofs_x = 0, .ofs_y = -1},
    {.bitmap_index = 5423, .adv_w = 224, .box_w = 13, .box_h = 13, .ofs_x = 1, .ofs_y = -2},
    {.bitmap_index = 5445, .adv_w = 224, .box_w = 12, .box_h = 13, .ofs_x = 1, .ofs_y = -2},
    {.bitmap_index = 5465, .adv_w = 224, .box_w = 11, .box_h = 12, .ofs_x = 1, .ofs_y = -1},
    {.bitmap_index = 5482, .adv_w = 224, .box_w = 13, .box_h = 13, .ofs_x = 0, .ofs_y = -2},
    {.bitmap_index = 5504, .adv_w = 224, .box_w = 13, .box_h = 12, .ofs_x = 0, .ofs_y = -1},
    {.bitmap_index = 5524, .adv_w = 224, .box_w = 13, .box_h = 12, .ofs_x = 1, .ofs_y = -1},
    {.bitmap_index = 5544, .adv_w = 224, .box_w = 12, .box_h = 12, .ofs_x = 1, .ofs_y = -1},
    {.bitmap_index = 5562, .adv_w = 224, .box_w = 13, .box_h = 12, .ofs_x = 1, .ofs_y = -1},
    {.bitmap_index = 5582, .adv_w = 224, .box_w = 13, .box_h = 13, .ofs_x = 1, .ofs_y = -2},
    {.bitmap_index = 5604, .adv_w = 224, .box_w = 13, .box_h = 12, .ofs_x = 0, .ofs_y = -1},
    {.bitmap_index = 5624, .adv_w = 224, .box_w = 12, .box_h = 12, .ofs_x = 0, .ofs_y = -1},
    {.bitmap_index = 5642, .adv_w = 224, .box_w = 11, .box_h = 12, .ofs_x = 1, .ofs_y = -1},
    {.bitmap_index = 5659, .adv_w = 224, .box_w = 12, .box_h = 13, .ofs_x = 2, .ofs_y = -1},
    {.bitmap_index = 5679, .adv_w = 224, .box_w = 12, .box_h = 13, .ofs_x = 1, .ofs_y = -1},
    {.bitmap_index = 5699, .adv_w = 224, .box_w = 10, .box_h = 12, .ofs_x = 2, .ofs_y = -1},
    {.bitmap_index = 5714, .adv_w = 224, .box_w = 11, .box_h = 13, .ofs_x = 1, .ofs_y = -1},
    {.bitmap_index = 5732, .adv_w = 224, .box_w = 12, .box_h = 12, .ofs_x = 1, .ofs_y = -1},
    {.bitmap_index = 5750, .adv_w = 224, .box_w = 13, .box_h = 13, .ofs_x = 0, .ofs_y = -1},
    {.bitmap_index = 5772, .adv_w = 224, .box_w = 12, .box_h = 13, .ofs_x = 1, .ofs_y = -2},
    {.bitmap_index = 5792, .adv_w = 224, .box_w = 13, .box_h = 12, .ofs_x = 0, .ofs_y = -1},
    {.bitmap_index = 5812, .adv_w = 224, .box_w = 13, .box_h = 13, .ofs_x = 0, .ofs_y = -1},
    {.bitmap_index = 5834, .adv_w = 224, .box_w = 12, .box_h = 13, .ofs_x = 1, .ofs_y = -1},
    {.bitmap_index = 5854, .adv_w = 224, .box_w = 13, .box_h = 13, .ofs_x = 0, .ofs_y = -1},
    {.bitmap_index = 5876, .adv_w = 224, .box_w = 14, .box_h = 13, .ofs_x = 0, .ofs_y = -1},
    {.bitmap_index = 5899, .adv_w = 224, .box_w = 12, .box_h = 13, .ofs_x = 1, .ofs_y = -1},
    {.bitmap_index = 5919, .adv_w = 224, .box_w = 14, .box_h = 12, .ofs_x = 0, .ofs_y = -1},
    {.bitmap_index = 5940, .adv_w = 224, .box_w = 13, .box_h = 12, .ofs_x = 0, .ofs_y = -1},
    {.bitmap_index = 5960, .adv_w = 224, .box_w = 14, .box_h = 12, .ofs_x = 0, .ofs_y = -1},
    {.bitmap_index = 5981, .adv_w = 224, .box_w = 13, .box_h = 13, .ofs_x = 0, .ofs_y = -1},
    {.bitmap_index = 6003, .adv_w = 224, .box_w = 12, .box_h = 13, .ofs_x = 1, .ofs_y = -1},
    {.bitmap_index = 6023, .adv_w = 224, .box_w = 13, .box_h = 12, .ofs_x = 1, .ofs_y = -1},
    {.bitmap_index = 6043, .adv_w = 224, .box_w = 13, .box_h = 12, .ofs_x = 0, .ofs_y = -1},
    {.bitmap_index = 6063, .adv_w = 224, .box_w = 13, .box_h = 12, .ofs_x = 0, .ofs_y = -1},
    {.bitmap_index = 6083, .adv_w = 224, .box_w = 13, .box_h = 12, .ofs_x = 1, .ofs_y = -1},
    {.bitmap_index = 6103, .adv_w = 224, .box_w = 12, .box_h = 13, .ofs_x = 1, .ofs_y = -2},
    {.bitmap_index = 6123, .adv_w = 224, .box_w = 12, .box_h = 12, .ofs_x = 1, .ofs_y = -1},
    {.bitmap_index = 6141, .adv_w = 224, .box_w = 13, .box_h = 12, .ofs_x = 0, .ofs_y = -1},
    {.bitmap_index = 6161, .adv_w = 224, .box_w = 13, .box_h = 12, .ofs_x = 0, .ofs_y = -1},
    {.bitmap_index = 6181, .adv_w = 224, .box_w = 12, .box_h = 12, .ofs_x = 1, .ofs_y = -1},
    {.bitmap_index = 6199, .adv_w = 224, .box_w = 12, .box_h = 12, .ofs_x = 1, .ofs_y = -1},
    {.bitmap_index = 6217, .adv_w = 224, .box_w = 13, .box_h = 12, .ofs_x = 0, .ofs_y = -1},
    {.bitmap_index = 6237, .adv_w = 224, .box_w = 13, .box_h = 13, .ofs_x = 1, .ofs_y = -1},
    {.bitmap_index = 6259, .adv_w = 224, .box_w = 13, .box_h = 13, .ofs_x = 0, .ofs_y = -1},
    {.bitmap_index = 6281, .adv_w = 224, .box_w = 14, .box_h = 12, .ofs_x = 0, .ofs_y = -1},
    {.bitmap_index = 6302, .adv_w = 224, .box_w = 13, .box_h = 13, .ofs_x = 0, .ofs_y = -1},
    {.bitmap_index = 6324, .adv_w = 224, .box_w = 12, .box_h = 13, .ofs_x = 1, .ofs_y = -1},
    {.bitmap_index = 6344, .adv_w = 224, .box_w = 11, .box_h = 12, .ofs_x = 1, .ofs_y = -1},
    {.bitmap_index = 6361, .adv_w = 224, .box_w = 12, .box_h = 12, .ofs_x = 1, .ofs_y = -1},
    {.bitmap_index = 6379, .adv_w = 224, .box_w = 13, .box_h = 12, .ofs_x = 1, .ofs_y = -1},
    {.bitmap_index = 6399, .adv_w = 224, .box_w = 12, .box_h = 11, .ofs_x = 1, .ofs_y = -1},
    {.bitmap_index = 6416, .adv_w = 224, .box_w = 13, .box_h = 12, .ofs_x = 0, .ofs_y = -1},
    {.bitmap_index = 6436, .adv_w = 224, .box_w = 13, .box_h = 12, .ofs_x = 0, .ofs_y = -1},
    {.bitmap_index = 6456, .adv_w = 224, .box_w = 13, .box_h = 12, .ofs_x = 1, .ofs_y = -1},
    {.bitmap_index = 6476, .adv_w = 224, .box_w = 13, .box_h = 12, .ofs_x = 0, .ofs_y = -1},
    {.bitmap_index = 6496, .adv_w = 224, .box_w = 14, .box_h = 12, .ofs_x = 0, .ofs_y = -1},
    {.bitmap_index = 6517, .adv_w = 224, .box_w = 12, .box_h = 13, .ofs_x = 1, .ofs_y = -2},
    {.bitmap_index = 6537, .adv_w = 224, .box_w = 13, .box_h = 13, .ofs_x = 0, .ofs_y = -2},
    {.bitmap_index = 6559, .adv_w = 224, .box_w = 13, .box_h = 13, .ofs_x = 1, .ofs_y = -1},
    {.bitmap_index = 6581, .adv_w = 224, .box_w = 13, .box_h = 13, .ofs_x = 0, .ofs_y = -2},
    {.bitmap_index = 6603, .adv_w = 224, .box_w = 13, .box_h = 13, .ofs_x = 1, .ofs_y = -1},
    {.bitmap_index = 6625, .adv_w = 224, .box_w = 13, .box_h = 12, .ofs_x = 1, .ofs_y = -1},
    {.bitmap_index = 6645, .adv_w = 224, .box_w = 12, .box_h = 12, .ofs_x = 1, .ofs_y = -1},
    {.bitmap_index = 6663, .adv_w = 224, .box_w = 12, .box_h = 12, .ofs_x = 1, .ofs_y = -1},
    {.bitmap_index = 6681, .adv_w = 224, .box_w = 13, .box_h = 13, .ofs_x = 1, .ofs_y = -1},
    {.bitmap_index = 6703, .adv_w = 224, .box_w = 13, .box_h = 12, .ofs_x = 0, .ofs_y = -1},
    {.bitmap_index = 6723, .adv_w = 224, .box_w = 13, .box_h = 12, .ofs_x = 0, .ofs_y = -1},
    {.bitmap_index = 6743, .adv_w = 224, .box_w = 13, .box_h = 13, .ofs_x = 0, .ofs_y = -2},
    {.bitmap_index = 6765, .adv_w = 224, .box_w = 13, .box_h = 12, .ofs_x = 1, .ofs_y = -1},
    {.bitmap_index = 6785, .adv_w = 224, .box_w = 13, .box_h = 13, .ofs_x = 0, .ofs_y = -1},
    {.bitmap_index = 6807, .adv_w = 224, .box_w = 13, .box_h = 12, .ofs_x = 0, .ofs_y = -1},
    {.bitmap_index = 6827, .adv_w = 224, .box_w = 13, .box_h = 12, .ofs_x = 0, .ofs_y = -1},
    {.bitmap_index = 6847, .adv_w = 224, .box_w = 12, .box_h = 12, .ofs_x = 1, .ofs_y = -1},
    {.bitmap_index = 6865, .adv_w = 224, .box_w = 14, .box_h = 12, .ofs_x = 0, .ofs_y = -1},
    {.bitmap_index = 6886, .adv_w = 224, .box_w = 13, .box_h = 13, .ofs_x = 0, .ofs_y = -1},
    {.bitmap_index = 6908, .adv_w = 224, .box_w = 13, .box_h = 12, .ofs_x = 0, .ofs_y = -1},
    {.bitmap_index = 6928, .adv_w = 224, .box_w = 14, .box_h = 12, .ofs_x = 0, .ofs_y = -1},
    {.bitmap_index = 6949, .adv_w = 224, .box_w = 13, .box_h = 12, .ofs_x = 1, .ofs_y = -1},
    {.bitmap_index = 6969, .adv_w = 224, .box_w = 13, .box_h = 13, .ofs_x = 1, .ofs_y = -2},
    {.bitmap_index = 6991, .adv_w = 224, .box_w = 13, .box_h = 13, .ofs_x = 0, .ofs_y = -1},
    {.bitmap_index = 7013, .adv_w = 224, .box_w = 13, .box_h = 12, .ofs_x = 1, .ofs_y = -1},
    {.bitmap_index = 7033, .adv_w = 224, .box_w = 13, .box_h = 12, .ofs_x = 0, .ofs_y = -1},
    {.bitmap_index = 7053, .adv_w = 224, .box_w = 12, .box_h = 12, .ofs_x = 1, .ofs_y = -1},
    {.bitmap_index = 7071, .adv_w = 224, .box_w = 13, .box_h = 12, .ofs_x = 0, .ofs_y = -1},
    {.bitmap_index = 7091, .adv_w = 224, .box_w = 13, .box_h = 12, .ofs_x = 1, .ofs_y = -1},
    {.bitmap_index = 7111, .adv_w = 224, .box_w = 13, .box_h = 13, .ofs_x = 1, .ofs_y = -1},
    {.bitmap_index = 7133, .adv_w = 224, .box_w = 13, .box_h = 12, .ofs_x = 0, .ofs_y = -1},
    {.bitmap_index = 7153, .adv_w = 224, .box_w = 13, .box_h = 12, .ofs_x = 1, .ofs_y = -1},
    {.bitmap_index = 7173, .adv_w = 224, .box_w = 14, .box_h = 13, .ofs_x = 0, .ofs_y = -1},
    {.bitmap_index = 7196, .adv_w = 224, .box_w = 12, .box_h = 13, .ofs_x = 1, .ofs_y = -1},
    {.bitmap_index = 7216, .adv_w = 224, .box_w = 14, .box_h = 12, .ofs_x = 0, .ofs_y = -1},
    {.bitmap_index = 7237, .adv_w = 224, .box_w = 12, .box_h = 13, .ofs_x = 1, .ofs_y = -1},
    {.bitmap_index = 7257, .adv_w = 224, .box_w = 13, .box_h = 12, .ofs_x = 1, .ofs_y = -1},
    {.bitmap_index = 7277, .adv_w = 224, .box_w = 12, .box_h = 13, .ofs_x = 1, .ofs_y = -1},
    {.bitmap_index = 7297, .adv_w = 224, .box_w = 13, .box_h = 12, .ofs_x = 1, .ofs_y = -1},
    {.bitmap_index = 7317, .adv_w = 224, .box_w = 13, .box_h = 12, .ofs_x = 0, .ofs_y = -1},
    {.bitmap_index = 7337, .adv_w = 224, .box_w = 12, .box_h = 13, .ofs_x = 2, .ofs_y = -1},
    {.bitmap_index = 7357, .adv_w = 224, .box_w = 13, .box_h = 12, .ofs_x = 1, .ofs_y = -1},
    {.bitmap_index = 7377, .adv_w = 224, .box_w = 13, .box_h = 12, .ofs_x = 1, .ofs_y = -1},
    {.bitmap_index = 7397, .adv_w = 224, .box_w = 13, .box_h = 12, .ofs_x = 0, .ofs_y = -1},
    {.bitmap_index = 7417, .adv_w = 224, .box_w = 12, .box_h = 12, .ofs_x = 1, .ofs_y = -1},
    {.bitmap_index = 7435, .adv_w = 224, .box_w = 11, .box_h = 13, .ofs_x = 1, .ofs_y = -1},
    {.bitmap_index = 7453, .adv_w = 224, .box_w = 11, .box_h = 12, .ofs_x = 1, .ofs_y = -1},
    {.bitmap_index = 7470, .adv_w = 224, .box_w = 11, .box_h = 13, .ofs_x = 1, .ofs_y = -1},
    {.bitmap_index = 7488, .adv_w = 224, .box_w = 11, .box_h = 13, .ofs_x = 1, .ofs_y = -1},
    {.bitmap_index = 7506, .adv_w = 224, .box_w = 11, .box_h = 12, .ofs_x = 1, .ofs_y = -1},
    {.bitmap_index = 7523, .adv_w = 224, .box_w = 12, .box_h = 13, .ofs_x = 1, .ofs_y = -1},
    {.bitmap_index = 7543, .adv_w = 224, .box_w = 13, .box_h = 13, .ofs_x = 1, .ofs_y = -1},
    {.bitmap_index = 7565, .adv_w = 224, .box_w = 13, .box_h = 13, .ofs_x = 1, .ofs_y = -1},
    {.bitmap_index = 7587, .adv_w = 224, .box_w = 12, .box_h = 13, .ofs_x = 1, .ofs_y = -1},
    {.bitmap_index = 7607, .adv_w = 224, .box_w = 12, .box_h = 12, .ofs_x = 1, .ofs_y = -1},
    {.bitmap_index = 7625, .adv_w = 224, .box_w = 12, .box_h = 12, .ofs_x = 1, .ofs_y = -1},
    {.bitmap_index = 7643, .adv_w = 224, .box_w = 13, .box_h = 12, .ofs_x = 1, .ofs_y = -1},
    {.bitmap_index = 7663, .adv_w = 224, .box_w = 12, .box_h = 12, .ofs_x = 1, .ofs_y = -1},
    {.bitmap_index = 7681, .adv_w = 224, .box_w = 12, .box_h = 12, .ofs_x = 1, .ofs_y = -1},
    {.bitmap_index = 7699, .adv_w = 224, .box_w = 12, .box_h = 12, .ofs_x = 1, .ofs_y = -1},
    {.bitmap_index = 7717, .adv_w = 224, .box_w = 12, .box_h = 13, .ofs_x = 0, .ofs_y = -1},
    {.bitmap_index = 7737, .adv_w = 224, .box_w = 12, .box_h = 12, .ofs_x = 1, .ofs_y = -1},
    {.bitmap_index = 7755, .adv_w = 224, .box_w = 12, .box_h = 13, .ofs_x = 1, .ofs_y = -2},
    {.bitmap_index = 7775, .adv_w = 224, .box_w = 12, .box_h = 12, .ofs_x = 1, .ofs_y = -1},
    {.bitmap_index = 7793, .adv_w = 224, .box_w = 12, .box_h = 13, .ofs_x = 1, .ofs_y = -1},
    {.bitmap_index = 7813, .adv_w = 224, .box_w = 12, .box_h = 12, .ofs_x = 1, .ofs_y = -1},
    {.bitmap_index = 7831, .adv_w = 224, .box_w = 12, .box_h = 13, .ofs_x = 1, .ofs_y = -1},
    {.bitmap_index = 7851, .adv_w = 224, .box_w = 13, .box_h = 12, .ofs_x = 0, .ofs_y = -1},
    {.bitmap_index = 7871, .adv_w = 224, .box_w = 12, .box_h = 13, .ofs_x = 1, .ofs_y = -2},
    {.bitmap_index = 7891, .adv_w = 224, .box_w = 13, .box_h = 13, .ofs_x = 0, .ofs_y = -2},
    {.bitmap_index = 7913, .adv_w = 224, .box_w = 13, .box_h = 13, .ofs_x = 1, .ofs_y = -2},
    {.bitmap_index = 7935, .adv_w = 224, .box_w = 13, .box_h = 13, .ofs_x = 1, .ofs_y = -1},
    {.bitmap_index = 7957, .adv_w = 224, .box_w = 1, .box_h = 10, .ofs_x = 4, .ofs_y = 0},
    {.bitmap_index = 7959, .adv_w = 224, .box_w = 4, .box_h = 12, .ofs_x = 8, .ofs_y = -1},
    {.bitmap_index = 7965, .adv_w = 224, .box_w = 4, .box_h = 12, .ofs_x = 2, .ofs_y = -1},
    {.bitmap_index = 7971, .adv_w = 224, .box_w = 2, .box_h = 4, .ofs_x = 2, .ofs_y = -2},
    {.bitmap_index = 7972, .adv_w = 224, .box_w = 2, .box_h = 5, .ofs_x = 3, .ofs_y = 0},
    {.bitmap_index = 7974, .adv_w = 224, .box_w = 2, .box_h = 7, .ofs_x = 2, .ofs_y = -2},
    {.bitmap_index = 7976, .adv_w = 224, .box_w = 5, .box_h = 10, .ofs_x = 2, .ofs_y = 0}
};

/*---------------------
 *  CHARACTER MAPPING
 *--------------------*/

static const uint16_t unicode_list_1[] = {
    0x0, 0x2f51, 0x2f52, 0x4d50, 0x4d53, 0x4d59, 0x4d5a, 0x4d5b,
    0x4d5d, 0x4d63, 0x4d75, 0x4d7d, 0x4d8b, 0x4dad, 0x4db0, 0x4dd9,
    0x4ddc, 0x4dde, 0x4de1, 0x4de4, 0x4df4, 0x4dfc, 0x4e1a, 0x4e23,
    0x4e34, 0x4e4b, 0x4e51, 0x4e61, 0x4e6a, 0x4e70, 0x4e84, 0x4e96,
    0x4e9d, 0x4e9f, 0x4ea9, 0x4edb, 0x4f2d, 0x4f3e, 0x4fac, 0x5093,
    0x5098, 0x509b, 0x50b5, 0x50bb, 0x50bd, 0x50c3, 0x50c7, 0x50d5,
    0x50dd, 0x50e9, 0x50ec, 0x50fc, 0x5100, 0x5102, 0x5107, 0x510b,
    0x5116, 0x514a, 0x5156, 0x516b, 0x516d, 0x5180, 0x5186, 0x519d,
    0x51b9, 0x51ef, 0x51f1, 0x51f8, 0x5203, 0x5266, 0x5267, 0x528b,
    0x5291, 0x5298, 0x52c4, 0x52c7, 0x52d2, 0x52d6, 0x531a, 0x531b,
    0x5321, 0x5326, 0x5333, 0x533a, 0x533f, 0x5340, 0x5342, 0x5347,
    0x535c, 0x535d, 0x535e, 0x537f, 0x53b8, 0x53cd, 0x541d, 0x55b8,
    0x562b, 0x562e, 0x564d, 0x566f, 0x5678, 0x5680, 0x5690, 0x572f,
    0x5854, 0x5857, 0x585d, 0x585f, 0x586a, 0x5877, 0x5879, 0x5881,
    0x5889, 0x58d2, 0x591b, 0x5986, 0x5a11, 0x5aa7, 0x5aa8, 0x5ab6,
    0x5ad5, 0x5ad9, 0x5adc, 0x5aea, 0x5aec, 0x5aee, 0x5af2, 0x5af4,
    0x5b06, 0x5b16, 0x5b22, 0x5b5f, 0x5b61, 0x5b68, 0x5b81, 0x5b9f,
    0x5d2e, 0x5d35, 0x5d42, 0x5d52, 0x5d77, 0x5d88, 0x5dc4, 0x5dd6,
    0x5dda, 0x5de4, 0x5df6, 0x5e46, 0x5e4a, 0x5e4f, 0x5e50, 0x5e52,
    0x5e5f, 0x5e8a, 0x5ea3, 0x5ea5, 0x5ed5, 0x5ee7, 0x5efe, 0x5f1c,
    0x5f27, 0x5f4d, 0x5f51, 0x5f8b, 0x5fb2, 0x601a, 0x6160, 0x6187,
    0x619b, 0x61b7, 0x61bb, 0x61bc, 0x61c9, 0x6222, 0x6226, 0x6257,
    0x6259, 0x62be, 0x62f5, 0x631f, 0x6320, 0x6331, 0x636c, 0x637c,
    0x63fd, 0x6498, 0x64c0, 0x64c4, 0x64d7, 0x64fd, 0x6500, 0x6509,
    0x6530, 0x6535, 0x6536, 0x6546, 0x655e, 0x6563, 0x6575, 0x65c4,
    0x65d2, 0x65e1, 0x6604, 0x6644, 0x6658, 0x6659, 0x665d, 0x666f,
    0x667a, 0x667c, 0x66af, 0x66b1, 0x66b5, 0x66bd, 0x66ce, 0x66d1,
    0x66e0, 0x66ec, 0x6735, 0x6757, 0x6758, 0x6771, 0x6787, 0x678d,
    0x6810, 0x6971, 0x6a71, 0x6ab2, 0x6ab3, 0x6ab5, 0x6b05, 0x6b1f,
    0x6b2b, 0x6b64, 0x6b84, 0x6b92, 0x6b97, 0x6be0, 0x6be9, 0x6bf1,
    0x6c25, 0x6c38, 0x6c91, 0x6ca3, 0x6cbe, 0x6cc4, 0x6cd8, 0x6d55,
    0x6d79, 0x6dcf, 0x6e31, 0x7037, 0x703d, 0x7197, 0x71a9, 0x71c9,
    0x7206, 0x72d7, 0x7300, 0x733d, 0x7356, 0x746f, 0x7478, 0x74a9,
    0x74b5, 0x75cd, 0x75d4, 0x7735, 0x773d, 0x7751, 0x7784, 0x77be,
    0x7890, 0x7898, 0x78bd, 0x78df, 0x791b, 0x791d, 0x7922, 0x79ca,
    0x7a1b, 0x7a3f, 0x7a99, 0x7ace, 0x7bc3, 0x7c72, 0x7df6, 0x7dfc,
    0x7e03, 0x7e16, 0x7e1f, 0x7e23, 0x7e2c, 0x7e2d, 0x7e3a, 0x7e63,
    0x7e66, 0x7ea1, 0x7ebe, 0x809a, 0x8143, 0x815d, 0x81d2, 0x81e2,
    0x83bc, 0x842d, 0x84d4, 0x8640, 0x879c, 0x88d1, 0x8933, 0x8af1,
    0x8af4, 0x8b00, 0x8b0e, 0x8b25, 0x8b2d, 0x8b32, 0x8b3d, 0x8b3f,
    0x8b47, 0x8b4b, 0x8b53, 0x8b87, 0x8c75, 0x8c76, 0x8cc4, 0x8cd5,
    0x8d03, 0x8d21, 0x8eb8, 0x8ebe, 0x8ecd, 0x8f09, 0x8f17, 0x8f24,
    0x8f2b, 0x8f2c, 0x8f2e, 0x8f49, 0x8f50, 0x8f51, 0x8f70, 0x9038,
    0x909d, 0x9117, 0x911d, 0x9451, 0x9469, 0x947e, 0x94cf, 0x953d,
    0x9540, 0x9542, 0x9544, 0x9584, 0x9585, 0x9586, 0x959d, 0x95b4,
    0x9638, 0x963a, 0x9647, 0x9649, 0x964e, 0x9650, 0x966c, 0x9682,
    0x968e, 0x96ae, 0x9743, 0x97e1, 0x97ed, 0x981e, 0x99dc, 0x9df6,
    0x9e14, 0x9ee9, 0xfe51, 0xfe58, 0xfe59, 0xfe5c, 0xfe6a, 0xfe6b,
    0xfe6f
};

/*Collect the unicode lists and glyph_id offsets*/
static const lv_font_fmt_txt_cmap_t cmaps[] =
{
    {
        .range_start = 32, .range_length = 95, .glyph_id_start = 1,
        .unicode_list = NULL, .glyph_id_ofs_list = NULL, .list_length = 0, .type = LV_FONT_FMT_TXT_CMAP_FORMAT0_TINY
    },
    {
        .range_start = 176, .range_length = 65136, .glyph_id_start = 96,
        .unicode_list = unicode_list_1, .glyph_id_ofs_list = NULL, .list_length = 385, .type = LV_FONT_FMT_TXT_CMAP_SPARSE_TINY
    }
};



/*--------------------
 *  ALL CUSTOM DATA
 *--------------------*/

#if LVGL_VERSION_MAJOR == 8
/*Store all the custom data of the font*/
static  lv_font_fmt_txt_glyph_cache_t cache;
#endif

#if LVGL_VERSION_MAJOR >= 8
static const lv_font_fmt_txt_dsc_t font_dsc = {
#else
static lv_font_fmt_txt_dsc_t font_dsc = {
#endif
    .glyph_bitmap = glyph_bitmap,
    .glyph_dsc = glyph_dsc,
    .cmaps = cmaps,
    .kern_dsc = NULL,
    .kern_scale = 0,
    .cmap_num = 2,
    .bpp = 1,
    .kern_classes = 0,
    .bitmap_format = 0,
#if LVGL_VERSION_MAJOR == 8
    .cache = &cache
#endif
};



/*-----------------
 *  PUBLIC FONT
 *----------------*/

/*Initialize a public general font descriptor*/
#if LVGL_VERSION_MAJOR >= 8
const lv_font_t lv_font_zh_14 = {
#else
lv_font_t lv_font_zh_14 = {
#endif
    .get_glyph_dsc = lv_font_get_glyph_dsc_fmt_txt,    /*Function pointer to get glyph's data*/
    .get_glyph_bitmap = lv_font_get_bitmap_fmt_txt,    /*Function pointer to get glyph's bitmap*/
    .line_height = 15,          /*The maximum line height required by the font*/
    .base_line = 2,             /*Baseline measured from the bottom of the line*/
#if !(LVGL_VERSION_MAJOR == 6 && LVGL_VERSION_MINOR == 0)
    .subpx = LV_FONT_SUBPX_NONE,
#endif
#if LV_VERSION_CHECK(7, 4, 0) || LVGL_VERSION_MAJOR >= 8
    .underline_position = -1,
    .underline_thickness = 1,
#endif
    .dsc = &font_dsc,          /*The custom font data. Will be accessed by `get_glyph_bitmap/dsc` */
#if LV_VERSION_CHECK(8, 2, 0) || LVGL_VERSION_MAJOR >= 9
    .fallback = NULL,
#endif
    .user_data = NULL,
};



#endif /*#if LV_FONT_ZH_14*/

